0014	005	1	-	103035270	-	ὁρῶ	-	-	-	v1spia---	-	ὁράω
0014	005	1	-	103035271	-	μέν	-	-	-	g--------	-	μέν
0014	005	1	-	103035272	-	,	-	-	-	u--------	-	,
0014	005	1	-	103035273	-	ὦ	-	-	-	i--------	-	ὦ
0014	005	1	-	103035274	-	ἄνδρες	-	-	-	n-p---mv-	-	ἀνήρ
0014	005	1	-	103035275	-	Ἀθηναῖοι	-	-	-	a-p---mv-	-	Ἀθηναῖος
0014	005	1	-	103035276	-	,	-	-	-	u--------	-	,
0014	005	1	-	103035277	-	τὰ	-	-	-	l-p---na-	-	ὁ
0014	005	1	-	103035278	-	παρόντα	-	-	-	v-pppana-	-	πάρειμι
0014	005	1	-	103035279	-	πράγματα	-	-	-	n-p---na-	-	πρᾶγμα
0014	005	1	-	103035280	-	πολλὴν	-	-	-	a-s---fa-	-	πολύς
0014	005	1	-	103035281	-	δυσκολίαν	-	-	-	n-s---fa-	-	δυσκολία
0014	005	1	-	103035282	-	ἔχοντα	-	-	-	v-pppana-	-	ἔχω
0014	005	1	-	103035283	-	καὶ	-	-	-	c--------	-	καί
0014	005	1	-	103035284	-	ταραχὴν	-	-	-	n-s---fa-	-	ταραχή
0014	005	1	-	103035285	-	οὐ	-	-	-	d--------	-	οὐ
0014	005	1	-	103035286	-	μόνον	-	-	-	d--------	-	μόνος
0014	005	1	-	103035287	-	τῷ	-	-	-	l-s---nd-	-	ὁ
0014	005	1	-	103035288	-	πολλὰ	-	-	-	a-p---na-	-	πολύς
0014	005	1	-	103035289	-	προεῖσθαι	-	-	-	v--rnm---	-	προίημι
0014	005	1	-	103035290	-	καὶ	-	-	-	c--------	-	καί
0014	005	1	-	103035291	-	μηδὲν	-	-	-	p-s---na-	-	μηδείς
0014	005	1	-	103035292	-	εἶναι	-	-	-	v--pna---	-	εἰμί
0014	005	1	-	103035293	-	προ-	-	-	-	r--------	-	πρό
0014	005	1	-	103035294	-	προὔργου	-	-	-	d--------	-	προὔργου
0014	005	1	-	103035295	-	περὶ	-	-	-	r--------	-	περί
0014	005	1	-	103035296	-	αὐτῶν	-	-	-	p-p---ng-	-	αὐτός
0014	005	1	-	103035297	-	εὖ	-	-	-	d--------	-	εὖ
0014	005	1	-	103035298	-	λέγειν	-	-	-	v--pna---	-	λέγω
0014	005	1	-	103035299	-	,	-	-	-	u--------	-	,
0014	005	1	-	103035300	-	ἀλλὰ	-	-	-	c--------	-	ἀλλά
0014	005	1	-	103035301	-	καὶ	-	-	-	c--------	-	καί
0014	005	1	-	103035302	-	περὶ	-	-	-	r--------	-	περί
0014	005	1	-	103035303	-	τῶν	-	-	-	l-p---ng-	-	ὁ
0014	005	1	-	103035304	-	ὑπολοίπων	-	-	-	a-p---ng-	-	ὑπόλοιπος
0014	005	1	-	103035305	-	κατὰ	-	-	-	r--------	-	κατά
0014	005	1	-	103035306	-	τα-	-	-	-	l-p---na-	-	ὁ
0014	005	1	-	103035307	-	ταὐτὰ	-	-	-	p-p---na-	-	αὐτός
0014	005	1	-	103035308	-	μη	-	-	-	d--------	-	μή
0014	005	1	-	103035309	-	-δὲ	-	-	-	c--------	-	δέ
0014	005	1	-	103035310	-	καθ’	-	-	-	r--------	-	κατά
0014	005	1	-	103035311	-	ἓν	-	-	-	m-s---na-	-	εἷς
0014	005	1	-	103035312	-	τὸ	-	-	-	l-s---na-	-	ὁ
0014	005	1	-	103035313	-	συμφέρον	-	-	-	v-sppana-	-	συμφέρω
0014	005	1	-	103035314	-	πάντας	-	-	-	p-p---ma-	-	πᾶς
0014	005	1	-	103035315	-	ἡγεῖσθαι	-	-	-	v--pnm---	-	ἡγέομαι
0014	005	1	-	103035316	-	,	-	-	-	u--------	-	,
0014	005	1	-	103035317	-	ἀλλὰ	-	-	-	c--------	-	ἀλλά
0014	005	1	-	103035318	-	τοῖς	-	-	-	l-p---md-	-	ὁ
0014	005	1	-	103035319	-	μὲν	-	-	-	g--------	-	μέν
0014	005	1	-	103035320	-	ὡδί	-	-	-	d--------	-	ὡδί
0014	005	1	-	103035321	-	,	-	-	-	u--------	-	,
0014	005	1	-	103035322	-	τοῖς	-	-	-	l-p---md-	-	ὁ
0014	005	1	-	103035323	-	δ’	-	-	-	c--------	-	δέ
0014	005	1	-	103035324	-	ἑτέρως	-	-	-	d--------	-	ἕτερος
0014	005	1	-	103035325	-	δοκεῖν	-	-	-	v--pna---	-	δοκέω
0014	005	1	-	103035326	-	.	-	-	-	u--------	-	.
0014	005	2	-	103035327	-	δυσκόλου	-	-	-	a-s---ng-	-	δύσκολος
0014	005	2	-	103035328	-	δ’	-	-	-	c--------	-	δέ
0014	005	2	-	103035329	-	ὄντος	-	-	-	v-sppang-	-	εἰμί
0014	005	2	-	103035330	-	φύσει	-	-	-	n-s---fd-	-	φύσις
0014	005	2	-	103035331	-	καὶ	-	-	-	c--------	-	καί
0014	005	2	-	103035332	-	χαλεποῦ	-	-	-	a-s---ng-	-	χαλεπός
0014	005	2	-	103035333	-	τοῦ	-	-	-	l-s---ng-	-	ὁ
0014	005	2	-	103035334	-	βουλεύεσθαι	-	-	-	v--pnm---	-	βουλεύω
0014	005	2	-	103035335	-	,	-	-	-	u--------	-	,
0014	005	2	-	103035336	-	ἔτι	-	-	-	d--------	-	ἔτι
0014	005	2	-	103035337	-	πολλῷ	-	-	-	a-s---nd-	-	πολύς
0014	005	2	-	103035338	-	χαλεπώτερον	-	-	-	a-s---nac	-	χαλεπός
0014	005	2	-	103035339	-	ὑμεῖς	-	-	-	p-p---cn-	-	σύ
0014	005	2	-	103035340	-	αὐτὸ	-	-	-	p-s---na-	-	αὐτός
0014	005	2	-	103035341	-	πεποιήκατ’	-	-	-	v2pria---	-	ποιέω
0014	005	2	-	103035342	-	,	-	-	-	u--------	-	,
0014	005	2	-	103035343	-	ὦ	-	-	-	i--------	-	ὦ
0014	005	2	-	103035344	-	ἄνδρες	-	-	-	n-p---mv-	-	ἀνήρ
0014	005	2	-	103035345	-	Ἀθηναῖοι	-	-	-	a-p---mv-	-	Ἀθηναῖος
0014	005	2	-	103035346	-	·	-	-	-	u--------	-	·
0014	005	2	-	103035347	-	οἱ	-	-	-	l-p---mn-	-	ὁ
0014	005	2	-	103035348	-	μὲν	-	-	-	g--------	-	μέν
0014	005	2	-	103035349	-	γὰρ	-	-	-	g--------	-	γάρ
0014	005	2	-	103035350	-	ἄλλοι	-	-	-	p-p---mn-	-	ἄλλος
0014	005	2	-	103035351	-	πάντες	-	-	-	p-p---mn-	-	πᾶς
0014	005	2	-	103035352	-	ἄνθρωποι	-	-	-	n-p---mn-	-	ἄνθρωπος
0014	005	2	-	103035353	-	πρὸ	-	-	-	r--------	-	πρό
0014	005	2	-	103035354	-	τῶν	-	-	-	l-p---ng-	-	ὁ
0014	005	2	-	103035355	-	πραγμάτων	-	-	-	n-p---ng-	-	πρᾶγμα
0014	005	2	-	103035356	-	εἰώθασι	-	-	-	v3pria---	-	εἴωθα
0014	005	2	-	103035357	-	χρῆσθαι	-	-	-	v--pnm---	-	χράω
0014	005	2	-	103035358	-	τῷ	-	-	-	l-s---nd-	-	ὁ
0014	005	2	-	103035359	-	βουλεύεσθαι	-	-	-	v--pnm---	-	βουλεύω
0014	005	2	-	103035360	-	,	-	-	-	u--------	-	,
0014	005	2	-	103035361	-	ὑμεῖς	-	-	-	p-p---cn-	-	σύ
0014	005	2	-	103035362	-	δὲ	-	-	-	c--------	-	δέ
0014	005	2	-	103035363	-	μετὰ	-	-	-	r--------	-	μετά
0014	005	2	-	103035364	-	τὰ	-	-	-	l-p---na-	-	ὁ
0014	005	2	-	103035365	-	πράγματα	-	-	-	n-p---na-	-	πρᾶγμα
0014	005	2	-	103035366	-	.	-	-	-	u--------	-	.
0014	005	2	-	103035367	-	ἐκ	-	-	-	r--------	-	ἐκ
0014	005	2	-	103035368	-	δὲ	-	-	-	c--------	-	δέ
0014	005	2	-	103035369	-	τούτου	-	-	-	p-s---ng-	-	οὗτος
0014	005	2	-	103035370	-	συμβαίνει	-	-	-	v3spia---	-	συμβαίνω
0014	005	2	-	103035371	-	παρὰ	-	-	-	r--------	-	παρά
0014	005	2	-	103035372	-	πάντα	-	-	-	p-s---ma-	-	πᾶς
0014	005	2	-	103035373	-	τὸν	-	-	-	l-s---ma-	-	ὁ
0014	005	2	-	103035374	-	χρόνον	-	-	-	n-s---ma-	-	χρόνος
0014	005	2	-	103035375	-	ὃν	-	-	-	p-s---ma-	-	ὅς
0014	005	2	-	103035376	-	οἶδ’	-	-	-	v1sria---	-	οἶδα
0014	005	2	-	103035377	-	ἐγώ	-	-	-	p-s---cn-	-	ἐγώ
0014	005	2	-	103035378	-	,	-	-	-	u--------	-	,
0014	005	2	-	103035379	-	τὸν	-	-	-	l-s---ma-	-	ὁ
0014	005	2	-	103035380	-	μὲν	-	-	-	g--------	-	μέν
0014	005	2	-	103035381	-	οἷς	-	-	-	p-p---nd-	-	ὅς
0014	005	2	-	103035382	-	ἂν	-	-	-	g--------	-	ἄν
0014	005	2	-	103035383	-	ἁμάρτητ’	-	-	-	v2pasa---	-	ἁμαρτάνω
0014	005	2	-	103035384	-	ἐπιτιμῶντα	-	-	-	v-sppama-	-	ἐπιτιμάω
0014	005	2	-	103035385	-	εὐδοκιμεῖν	-	-	-	v--pna---	-	εὐδοκιμέω
0014	005	2	-	103035386	-	καὶ	-	-	-	c--------	-	καί
0014	005	2	-	103035387	-	δοκεῖν	-	-	-	v--pna---	-	δοκέω
0014	005	2	-	103035388	-	εὖ	-	-	-	d--------	-	εὖ
0014	005	2	-	103035389	-	λέγειν	-	-	-	v--pna---	-	λέγω
0014	005	2	-	103035390	-	,	-	-	-	u--------	-	,
0014	005	2	-	103035391	-	τὰ	-	-	-	l-p---na-	-	ὁ
0014	005	2	-	103035392	-	δὲ	-	-	-	c--------	-	δέ
0014	005	2	-	103035393	-	πράγματα	-	-	-	n-p---na-	-	πρᾶγμα
0014	005	2	-	103035394	-	καὶ	-	-	-	c--------	-	καί
0014	005	2	-	103035395	-	περὶ	-	-	-	r--------	-	περί
0014	005	2	-	103035396	-	ὧν	-	-	-	p-p---ng-	-	ὅς
0014	005	2	-	103035397	-	βουλεύεσθ’	-	-	-	v2ppim---	-	βουλεύω
0014	005	2	-	103035398	-	ἐκφεύγειν	-	-	-	v--pna---	-	ἐκφεύγω
0014	005	2	-	103035399	-	ὑμᾶς	-	-	-	p-p---ca-	-	σύ
0014	005	2	-	103035400	-	.	-	-	-	u--------	-	.
0014	005	3	-	103035401	-	οὐ	-	-	-	d--------	-	οὐ
0014	005	3	-	103035402	-	μὴν	-	-	-	g--------	-	μήν
0014	005	3	-	103035403	-	ἀλλὰ	-	-	-	c--------	-	ἀλλά
0014	005	3	-	103035404	-	καίπερ	-	-	-	d--------	-	καίπερ
0014	005	3	-	103035405	-	τούτων	-	-	-	p-p---ng-	-	οὗτος
0014	005	3	-	103035406	-	οὕτως	-	-	-	d--------	-	οὕτως
0014	005	3	-	103035407	-	ἐχόντων	-	-	-	v-pppang-	-	ἔχω
0014	005	3	-	103035408	-	οἴομαι	-	-	-	v1spim---	-	οἴομαι
0014	005	3	-	103035409	-	καὶ	-	-	-	c--------	-	καί
0014	005	3	-	103035410	-	πεπεικὼς	-	-	-	v-srpamn-	-	πείθω
0014	005	3	-	103035411	-	ἐμαυτὸν	-	-	-	p-s---ma-	-	ἐμαυτοῦ
0014	005	3	-	103035412	-	ἀνέστηκα	-	-	-	v1sria---	-	ἀνίστημι
0014	005	3	-	103035413	-	,	-	-	-	u--------	-	,
0014	005	3	-	103035414	-	ἂν	-	-	-	c--------	-	ἐάν
0014	005	3	-	103035415	-	ἐθελήσητε	-	-	-	v2pasa---	-	ἐθέλω
0014	005	3	-	103035416	-	τοῦ	-	-	-	l-s---ng-	-	ὁ
0014	005	3	-	103035417	-	θορυβεῖν	-	-	-	v--pna---	-	θορυβέω
0014	005	3	-	103035418	-	καὶ	-	-	-	c--------	-	καί
0014	005	3	-	103035419	-	φιλονικεῖν	-	-	-	v--pna---	-	φιλονεικέω
0014	005	3	-	103035420	-	ἀποστάντες	-	-	-	v-papamn-	-	ἀφίστημι
0014	005	3	-	103035421	-	ἀκούειν	-	-	-	v--pna---	-	ἀκούω
0014	005	3	-	103035422	-	,	-	-	-	u--------	-	,
0014	005	3	-	103035423	-	ὡς	-	-	-	c--------	-	ὡς
0014	005	3	-	103035424	-	ὑπὲρ	-	-	-	r--------	-	ὑπέρ
0014	005	3	-	103035425	-	πόλεως	-	-	-	n-s---fg-	-	πόλις
0014	005	3	-	103035426	-	βουλευομένοις	-	-	-	v-pppmmd-	-	βουλεύω
0014	005	3	-	103035427	-	καὶ	-	-	-	c--------	-	καί
0014	005	3	-	103035428	-	τηλικούτων	-	-	-	p-p---ng-	-	τηλικοῦτος
0014	005	3	-	103035429	-	πραγμάτων	-	-	-	n-p---ng-	-	πρᾶγμα
0014	005	3	-	103035430	-	προσήκει	-	-	-	v3spia---	-	προσήκω
0014	005	3	-	103035431	-	,	-	-	-	u--------	-	,
0014	005	3	-	103035432	-	ἕξειν	-	-	-	v--fna---	-	ἔχω
0014	005	3	-	103035433	-	καὶ	-	-	-	c--------	-	καί
0014	005	3	-	103035434	-	λέγειν	-	-	-	v--pna---	-	λέγω
0014	005	3	-	103035435	-	καὶ	-	-	-	c--------	-	καί
0014	005	3	-	103035436	-	συμβουλεύειν	-	-	-	v--pna---	-	συμβουλεύω
0014	005	3	-	103035437	-	δι’	-	-	-	r--------	-	διά
0014	005	3	-	103035438	-	ὧν	-	-	-	p-p---ng-	-	ὅς
0014	005	3	-	103035439	-	καὶ	-	-	-	c--------	-	καί
0014	005	3	-	103035440	-	τὰ	-	-	-	l-p---nn-	-	ὁ
0014	005	3	-	103035441	-	παρόντ’	-	-	-	v-pppann-	-	πάρειμι
0014	005	3	-	103035442	-	ἔσται	-	-	-	v3sfim---	-	εἰμί
0014	005	3	-	103035443	-	βελτίω	-	-	-	a-p---nnc	-	ἀγαθός
0014	005	3	-	103035444	-	καὶ	-	-	-	c--------	-	καί
0014	005	3	-	103035445	-	τὰ	-	-	-	l-p---nn-	-	ὁ
0014	005	3	-	103035446	-	προειμένα	-	-	-	v-prpmnn-	-	προίημι
0014	005	3	-	103035447	-	σωθήσεται	-	-	-	v3sfip---	-	σῴζω
0014	005	3	-	103035448	-	.	-	-	-	u--------	-	.
0014	005	4	-	103035449	-	ἀκριβῶς	-	-	-	d--------	-	ἀκριβής
0014	005	4	-	103035450	-	δ’	-	-	-	c--------	-	δέ
0014	005	4	-	103035451	-	εἰδώς	-	-	-	v-srpamn-	-	οἶδα
0014	005	4	-	103035452	-	,	-	-	-	u--------	-	,
0014	005	4	-	103035453	-	ὦ	-	-	-	i--------	-	ὦ
0014	005	4	-	103035454	-	ἄνδρες	-	-	-	n-p---mv-	-	ἀνήρ
0014	005	4	-	103035455	-	Ἀθηναῖοι	-	-	-	a-p---mv-	-	Ἀθηναῖος
0014	005	4	-	103035456	-	,	-	-	-	u--------	-	,
0014	005	4	-	103035457	-	τὸ	-	-	-	l-s---na-	-	ὁ
0014	005	4	-	103035458	-	λέγειν	-	-	-	v--pna---	-	λέγω
0014	005	4	-	103035459	-	περὶ	-	-	-	r--------	-	περί
0014	005	4	-	103035460	-	ὧν	-	-	-	p-p---ng-	-	ὅς
0014	005	4	-	103035461	-	αὐτὸς	-	-	-	p-s---mn-	-	αὐτός
0014	005	4	-	103035462	-	εἶπέ	-	-	-	v3saia---	-	λέγω
0014	005	4	-	103035463	-	τις	-	-	-	p-s---cn-	-	τις
0014	005	4	-	103035464	-	καὶ	-	-	-	c--------	-	καί
0014	005	4	-	103035465	-	περὶ	-	-	-	r--------	-	περί
0014	005	4	-	103035466	-	αὑτοῦ	-	-	-	p-s---mg-	-	ἑαυτοῦ
0014	005	4	-	103035467	-	παρ’	-	-	-	r--------	-	παρά
0014	005	4	-	103035468	-	ὑμῖν	-	-	-	p-p---cd-	-	σύ
0014	005	4	-	103035469	-	ἀεὶ	-	-	-	d--------	-	ἀεί
0014	005	4	-	103035470	-	τῶν	-	-	-	l-p---ng-	-	ὁ
0014	005	4	-	103035471	-	πάνυ	-	-	-	d--------	-	πάνυ
0014	005	4	-	103035472	-	λυσιτελούντων	-	-	-	v-pppang-	-	λυσιτελέω
0014	005	4	-	103035473	-	τοῖς	-	-	-	l-p---md-	-	ὁ
0014	005	4	-	103035474	-	τολμῶσιν	-	-	-	v-pppamd-	-	τολμάω
0014	005	4	-	103035475	-	ὄν	-	-	-	v-sppana-	-	εἰμί
0014	005	4	-	103035476	-	,	-	-	-	u--------	-	,
0014	005	4	-	103035477	-	οὕτως	-	-	-	d--------	-	οὕτως
0014	005	4	-	103035478	-	ἡγοῦμαι	-	-	-	v1spim---	-	ἡγέομαι
0014	005	4	-	103035479	-	φορτικὸν	-	-	-	a-s---na-	-	φορτικός
0014	005	4	-	103035480	-	καὶ	-	-	-	c--------	-	καί
0014	005	4	-	103035481	-	ἐπαχθὲς	-	-	-	a-s---na-	-	ἐπαχθής
0014	005	4	-	103035482	-	ὥστε	-	-	-	c--------	-	ὥστε
0014	005	4	-	103035483	-	ἀνάγκην	-	-	-	n-s---fa-	-	ἀνάγκη
0014	005	4	-	103035484	-	οὖσαν	-	-	-	v-sppafa-	-	εἰμί
0014	005	4	-	103035485	-	ὁρῶν	-	-	-	v-sppamn-	-	ὁράω
0014	005	4	-	103035486	-	ὅμως	-	-	-	d--------	-	ὅμως
0014	005	4	-	103035487	-	ἀποκνῶ	-	-	-	v1spia---	-	ἀποκνέω
0014	005	4	-	103035488	-	.	-	-	-	u--------	-	.
0014	005	4	-	103035489	-	νομίζω	-	-	-	v1spia---	-	νομίζω
0014	005	4	-	103035490	-	δ’	-	-	-	c--------	-	δέ
0014	005	4	-	103035491	-	ἄμεινον	-	-	-	a-s---nac	-	ἀγαθός
0014	005	4	-	103035492	-	ἂν	-	-	-	g--------	-	ἄν
0014	005	4	-	103035493	-	ὑμᾶς	-	-	-	p-p---ca-	-	σύ
0014	005	4	-	103035494	-	περὶ	-	-	-	r--------	-	περί
0014	005	4	-	103035495	-	ὧν	-	-	-	p-p---ng-	-	ὅς
0014	005	4	-	103035496	-	νῦν	-	-	-	d--------	-	νῦν
0014	005	4	-	103035497	-	ἐρῶ	-	-	-	v1sfia---	-	λέγω
0014	005	4	-	103035498	-	κρῖναι	-	-	-	v--ana---	-	κρίνω
0014	005	4	-	103035499	-	,	-	-	-	u--------	-	,
0014	005	4	-	103035500	-	μικρὰ	-	-	-	a-p---na-	-	μικρός
0014	005	4	-	103035501	-	τῶν	-	-	-	l-p---ng-	-	ὁ
0014	005	4	-	103035502	-	πρότερόν	-	-	-	d-------c	-	πρότερος
0014	005	4	-	103035503	-	ποτε	-	-	-	d--------	-	ποτέ
0014	005	4	-	103035504	-	ῥηθέντων	-	-	-	v-pappng-	-	λέγω
0014	005	4	-	103035505	-	ὑπ’	-	-	-	r--------	-	ὑπό
0014	005	4	-	103035506	-	ἐμοῦ	-	-	-	p-s---cg-	-	ἐγώ
0014	005	4	-	103035507	-	μνημονεύσαντες	-	-	-	v-papamn-	-	μνημονεύω
0014	005	4	-	103035508	-	.	-	-	-	u--------	-	.
0014	005	5	-	103035509	-	ἐγὼ	-	-	-	p-s---cn-	-	ἐγώ
0014	005	5	-	103035510	-	γάρ	-	-	-	g--------	-	γάρ
0014	005	5	-	103035511	-	,	-	-	-	u--------	-	,
0014	005	5	-	103035512	-	ὦ	-	-	-	i--------	-	ὦ
0014	005	5	-	103035513	-	ἄνδρες	-	-	-	n-p---mv-	-	ἀνήρ
0014	005	5	-	103035514	-	Ἀθηναῖοι	-	-	-	a-p---mv-	-	Ἀθηναῖος
0014	005	5	-	103035515	-	,	-	-	-	u--------	-	,
0014	005	5	-	103035516	-	πρῶτον	-	-	-	a-s---na-	-	πρῶτος
0014	005	5	-	103035517	-	μέν	-	-	-	g--------	-	μέν
0014	005	5	-	103035518	-	,	-	-	-	u--------	-	,
0014	005	5	-	103035519	-	ἡνίκ’	-	-	-	c--------	-	ἡνίκα
0014	005	5	-	103035520	-	ἔπειθόν	-	-	-	v3piia---	-	πείθω
0014	005	5	-	103035521	-	τινες	-	-	-	p-p---cn-	-	τις
0014	005	5	-	103035522	-	ὑμᾶς	-	-	-	p-p---ca-	-	σύ
0014	005	5	-	103035523	-	,	-	-	-	u--------	-	,
0014	005	5	-	103035524	-	τῶν	-	-	-	l-p---ng-	-	ὁ
0014	005	5	-	103035525	-	ἐν	-	-	-	r--------	-	ἐν
0014	005	5	-	103035526	-	Εὐβοίᾳ	-	-	-	n-s---fd-	-	Εὔβοια
0014	005	5	-	103035527	-	πραγμάτων	-	-	-	n-p---ng-	-	πρᾶγμα
0014	005	5	-	103035528	-	ταραττομένων	-	-	-	v-pppmng-	-	ταράσσω
0014	005	5	-	103035529	-	,	-	-	-	u--------	-	,
0014	005	5	-	103035530	-	βοηθεῖν	-	-	-	v--pna---	-	βοηθέω
0014	005	5	-	103035531	-	Πλουτάρχῳ	-	-	-	n-s---md-	-	Πλούταρχος
0014	005	5	-	103035532	-	καὶ	-	-	-	c--------	-	καί
0014	005	5	-	103035533	-	πόλεμον	-	-	-	n-s---ma-	-	πόλεμος
0014	005	5	-	103035534	-	ἄδοξον	-	-	-	a-s---ma-	-	ἄδοξος
0014	005	5	-	103035535	-	καὶ	-	-	-	c--------	-	καί
0014	005	5	-	103035536	-	δαπανηρὸν	-	-	-	a-s---ma-	-	δαπανηρός
0014	005	5	-	103035537	-	ἄρασθαι	-	-	-	v--anm---	-	ἀείρω
0014	005	5	-	103035538	-	,	-	-	-	u--------	-	,
0014	005	5	-	103035539	-	πρῶτος	-	-	-	a-s---mn-	-	πρῶτος
0014	005	5	-	103035540	-	καὶ	-	-	-	c--------	-	καί
0014	005	5	-	103035541	-	μόνος	-	-	-	a-s---mn-	-	μόνος
0014	005	5	-	103035542	-	παρελθὼν	-	-	-	v-sapamn-	-	παρέρχομαι
0014	005	5	-	103035543	-	ἀντεῖπον	-	-	-	v1saia---	-	ἀντιλέγω
0014	005	5	-	103035544	-	,	-	-	-	u--------	-	,
0014	005	5	-	103035545	-	καὶ	-	-	-	c--------	-	καί
0014	005	5	-	103035546	-	μόνον	-	-	-	d--------	-	μόνος
0014	005	5	-	103035547	-	οὐ	-	-	-	d--------	-	οὐ
0014	005	5	-	103035548	-	διεσπάσθην	-	-	-	v1saip---	-	διασπάω
0014	005	5	-	103035549	-	ὑπὸ	-	-	-	r--------	-	ὑπό
0014	005	5	-	103035550	-	τῶν	-	-	-	l-p---mg-	-	ὁ
0014	005	5	-	103035551	-	ἐπὶ	-	-	-	r--------	-	ἐπί
0014	005	5	-	103035552	-	μικροῖς	-	-	-	a-p---nd-	-	μικρός
0014	005	5	-	103035553	-	λήμμασιν	-	-	-	n-p---nd-	-	λῆμμα
0014	005	5	-	103035554	-	πολλὰ	-	-	-	a-p---na-	-	πολύς
0014	005	5	-	103035555	-	καὶ	-	-	-	c--------	-	καί
0014	005	5	-	103035556	-	μεγάλ’	-	-	-	a-p---na-	-	μέγας
0014	005	5	-	103035557	-	ὑμᾶς	-	-	-	p-p---ca-	-	σύ
0014	005	5	-	103035558	-	ἁμαρτάνειν	-	-	-	v--pna---	-	ἁμαρτάνω
0014	005	5	-	103035559	-	πεισάντων	-	-	-	v-papamg-	-	πείθω
0014	005	5	-	103035560	-	·	-	-	-	u--------	-	·
0014	005	5	-	103035561	-	καὶ	-	-	-	c--------	-	καί
0014	005	5	-	103035562	-	χρόνου	-	-	-	n-s---mg-	-	χρόνος
0014	005	5	-	103035563	-	βραχέος	-	-	-	a-s---mg-	-	βραχύς
0014	005	5	-	103035564	-	διελθόντος	-	-	-	v-sapamg-	-	διέρχομαι
0014	005	5	-	103035565	-	,	-	-	-	u--------	-	,
0014	005	5	-	103035566	-	μετὰ	-	-	-	r--------	-	μετά
0014	005	5	-	103035567	-	τοῦ	-	-	-	l-s---ng-	-	ὁ
0014	005	5	-	103035568	-	προσοφλεῖν	-	-	-	v--ana---	-	προσοφλισκάνω
0014	005	5	-	103035569	-	αἰσχύνην	-	-	-	n-s---fa-	-	αἰσχύνη
0014	005	5	-	103035570	-	καὶ	-	-	-	c--------	-	καί
0014	005	5	-	103035571	-	παθεῖν	-	-	-	v--ana---	-	πάσχω
0014	005	5	-	103035572	-	οἷα	-	-	-	p-p---na-	-	οἷος
0014	005	5	-	103035573	-	τῶν	-	-	-	l-p---mg-	-	ὁ
0014	005	5	-	103035574	-	ὄντων	-	-	-	v-pppamg-	-	εἰμί
0014	005	5	-	103035575	-	ἀνθρώπων	-	-	-	n-p---mg-	-	ἄνθρωπος
0014	005	5	-	103035576	-	οὐδένες	-	-	-	p-p---mn-	-	οὐδείς
0014	005	5	-	103035577	-	πώποτε	-	-	-	d--------	-	πώποτε
0014	005	5	-	103035578	-	πεπόνθασ’	-	-	-	v3pria---	-	πάσχω
0014	005	5	-	103035579	-	ὑπὸ	-	-	-	r--------	-	ὑπό
0014	005	5	-	103035580	-	τούτων	-	-	-	p-p---mg-	-	οὗτος
0014	005	5	-	103035581	-	οἷς	-	-	-	p-p---md-	-	ὅς
0014	005	5	-	103035582	-	ἐβοήθησαν	-	-	-	v3paia---	-	βοηθέω
0014	005	5	-	103035583	-	,	-	-	-	u--------	-	,
0014	005	5	-	103035584	-	πάντες	-	-	-	p-p---mn-	-	πᾶς
0014	005	5	-	103035585	-	ὑμεῖς	-	-	-	p-p---cn-	-	σύ
0014	005	5	-	103035586	-	ἔγνωτε	-	-	-	v2paia---	-	γιγνώσκω
0014	005	5	-	103035587	-	τήν	-	-	-	l-s---fa-	-	ὁ
0014	005	5	-	103035588	-	τε	-	-	-	c--------	-	τε
0014	005	5	-	103035589	-	τῶν	-	-	-	l-p---mg-	-	ὁ
0014	005	5	-	103035590	-	τότε	-	-	-	d--------	-	τότε
0014	005	5	-	103035591	-	ταῦτα	-	-	-	p-p---na-	-	οὗτος
0014	005	5	-	103035592	-	πεισάντων	-	-	-	v-papamg-	-	πείθω
0014	005	5	-	103035593	-	κακίαν	-	-	-	n-s---fa-	-	κακία
0014	005	5	-	103035594	-	καὶ	-	-	-	c--------	-	καί
0014	005	5	-	103035595	-	τὰ	-	-	-	l-p---na-	-	ὁ
0014	005	5	-	103035596	-	βέλτιστ’	-	-	-	a-p---nas	-	ἀγαθός
0014	005	5	-	103035597	-	εἰρηκότ’	-	-	-	v-prpana-	-	λέγω
0014	005	5	-	103035598	-	ἐμέ	-	-	-	p-s---ca-	-	ἐγώ
0014	005	5	-	103035599	-	.	-	-	-	u--------	-	.
0014	005	6	-	103035600	-	πάλιν	-	-	-	d--------	-	πάλιν
0014	005	6	-	103035601	-	τοίνυν	-	-	-	g--------	-	τοίνυν
0014	005	6	-	103035602	-	,	-	-	-	u--------	-	,
0014	005	6	-	103035603	-	ὦ	-	-	-	i--------	-	ὦ
0014	005	6	-	103035604	-	ἄνδρες	-	-	-	n-p---mv-	-	ἀνήρ
0014	005	6	-	103035605	-	Ἀθηναῖοι	-	-	-	a-p---mv-	-	Ἀθηναῖος
0014	005	6	-	103035606	-	,	-	-	-	u--------	-	,
0014	005	6	-	103035607	-	κατιδὼν	-	-	-	v-sapamn-	-	κατοράω
0014	005	6	-	103035608	-	Νεοπτόλεμον	-	-	-	n-s---ma-	-	Νεοπτόλεμος
0014	005	6	-	103035609	-	τὸν	-	-	-	l-s---ma-	-	ὁ
0014	005	6	-	103035610	-	ὑποκριτὴν	-	-	-	n-s---ma-	-	ὑποκριτής
0014	005	6	-	103035611	-	τῷ	-	-	-	l-s---nd-	-	ὁ
0014	005	6	-	103035612	-	μὲν	-	-	-	g--------	-	μέν
0014	005	6	-	103035613	-	τῆς	-	-	-	l-s---fg-	-	ὁ
0014	005	6	-	103035614	-	τέχνης	-	-	-	n-s---fg-	-	τέχνη
0014	005	6	-	103035615	-	προσχήματι	-	-	-	n-s---nd-	-	πρόσχημα
0014	005	6	-	103035616	-	τυγχάνοντ’	-	-	-	v-sppama-	-	τυγχάνω
0014	005	6	-	103035617	-	ἀδείας	-	-	-	n-s---fg-	-	ἄδεια
0014	005	6	-	103035618	-	,	-	-	-	u--------	-	,
0014	005	6	-	103035619	-	κακὰ	-	-	-	a-p---na-	-	κακός
0014	005	6	-	103035620	-	δ’	-	-	-	c--------	-	δέ
0014	005	6	-	103035621	-	ἐργαζόμενον	-	-	-	v-sppmma-	-	ἐργάζομαι
0014	005	6	-	103035622	-	τὰ	-	-	-	l-p---na-	-	ὁ
0014	005	6	-	103035623	-	μέγιστα	-	-	-	a-p---nas	-	μέγας
0014	005	6	-	103035624	-	τὴν	-	-	-	l-s---fa-	-	ὁ
0014	005	6	-	103035625	-	πόλιν	-	-	-	n-s---fa-	-	πόλις
0014	005	6	-	103035626	-	καὶ	-	-	-	c--------	-	καί
0014	005	6	-	103035627	-	τὰ	-	-	-	l-p---na-	-	ὁ
0014	005	6	-	103035628	-	παρ’	-	-	-	r--------	-	παρά
0014	005	6	-	103035629	-	ὑμῶν	-	-	-	p-p---cg-	-	σύ
0014	005	6	-	103035630	-	διοικοῦντα	-	-	-	v-sppama-	-	διοικέω
0014	005	6	-	103035631	-	Φιλίππῳ	-	-	-	n-s---md-	-	Φίλιππος
0014	005	6	-	103035632	-	καὶ	-	-	-	c--------	-	καί
0014	005	6	-	103035633	-	πρυτανεύοντα	-	-	-	v-sppama-	-	πρυτανεύω
0014	005	6	-	103035634	-	,	-	-	-	u--------	-	,
0014	005	6	-	103035635	-	παρελθὼν	-	-	-	v-sapamn-	-	παρέρχομαι
0014	005	6	-	103035636	-	εἶπον	-	-	-	v1saia---	-	λέγω
0014	005	6	-	103035637	-	εἰς	-	-	-	r--------	-	εἰς
0014	005	6	-	103035638	-	ὑμᾶς	-	-	-	p-p---ca-	-	σύ
0014	005	6	-	103035639	-	,	-	-	-	u--------	-	,
0014	005	6	-	103035640	-	οὐδεμιᾶς	-	-	-	p-s---fg-	-	οὐδείς
0014	005	6	-	103035641	-	ἰδίας	-	-	-	a-s---fg-	-	ἴδιος
0014	005	6	-	103035642	-	οὔ	-	-	-	d--------	-	οὐ
0014	005	6	-	103035643	-	-τ’	-	-	-	c--------	-	τε
0014	005	6	-	103035644	-	ἔχθρας	-	-	-	n-s---fg-	-	ἔχθρα
0014	005	6	-	103035645	-	οὔ	-	-	-	d--------	-	οὐ
0014	005	6	-	103035646	-	-τε	-	-	-	c--------	-	τε
0014	005	6	-	103035647	-	συκοφαντίας	-	-	-	n-s---fg-	-	συκοφαντία
0014	005	6	-	103035648	-	ἕνεκα	-	-	-	r--------	-	ἕνεκα
0014	005	6	-	103035649	-	,	-	-	-	u--------	-	,
0014	005	6	-	103035650	-	ὡς	-	-	-	c--------	-	ὡς
0014	005	6	-	103035651	-	ἐκ	-	-	-	r--------	-	ἐκ
0014	005	6	-	103035652	-	τῶν	-	-	-	l-p---ng-	-	ὁ
0014	005	6	-	103035653	-	μετὰ	-	-	-	r--------	-	μετά
0014	005	6	-	103035654	-	ταῦτ’	-	-	-	p-p---na-	-	οὗτος
0014	005	6	-	103035655	-	ἔργων	-	-	-	n-p---ng-	-	ἔργον
0014	005	6	-	103035656	-	γέγονεν	-	-	-	v3sria---	-	γίγνομαι
0014	005	6	-	103035657	-	δῆλον	-	-	-	a-s---nn-	-	δῆλος
0014	005	6	-	103035658	-	.	-	-	-	u--------	-	.
0014	005	7	-	103035659	-	καὶ	-	-	-	c--------	-	καί
0014	005	7	-	103035660	-	οὐκέτ’	-	-	-	d--------	-	οὐκέτι
0014	005	7	-	103035661	-	ἐν	-	-	-	r--------	-	ἐν
0014	005	7	-	103035662	-	τούτοις	-	-	-	p-p---nd-	-	οὗτος
0014	005	7	-	103035663	-	αἰτιάσομαι	-	-	-	v1sfim---	-	αἰτιάομαι
0014	005	7	-	103035664	-	τοὺς	-	-	-	l-p---ma-	-	ὁ
0014	005	7	-	103035665	-	ὑπὲρ	-	-	-	r--------	-	ὑπέρ
0014	005	7	-	103035666	-	Νεοπτολέμου	-	-	-	n-s---mg-	-	Νεοπτόλεμος
0014	005	7	-	103035667	-	λέγοντας	-	-	-	v-pppama-	-	λέγω
0014	005	7	-	103035668	-	(	-	-	-	u--------	-	(
0014	005	7	-	103035669	-	οὐ	-	-	-	d--------	-	οὐ
0014	005	7	-	103035670	-	-δὲ	-	-	-	c--------	-	δέ
0014	005	7	-	103035671	-	εἷς	-	-	-	m-s---mn-	-	εἷς
0014	005	7	-	103035672	-	γὰρ	-	-	-	g--------	-	γάρ
0014	005	7	-	103035673	-	ἦν	-	-	-	v3siia---	-	εἰμί
0014	005	7	-	103035674	-	)	-	-	-	u--------	-	)
0014	005	7	-	103035675	-	,	-	-	-	u--------	-	,
0014	005	7	-	103035676	-	ἀλλ’	-	-	-	c--------	-	ἀλλά
0014	005	7	-	103035677	-	αὐτοὺς	-	-	-	p-p---ma-	-	αὐτός
0014	005	7	-	103035678	-	ὑμᾶς	-	-	-	p-p---ca-	-	σύ
0014	005	7	-	103035679	-	·	-	-	-	u--------	-	·
0014	005	7	-	103035680	-	εἰ	-	-	-	c--------	-	εἰ
0014	005	7	-	103035681	-	γὰρ	-	-	-	g--------	-	γάρ
0014	005	7	-	103035682	-	ἐν	-	-	-	r--------	-	ἐν
0014	005	7	-	103035683	-	Διονύσου	-	-	-	n-s---mg-	-	Διόνυσος
0014	005	7	-	103035684	-	τραγῳδοὺς	-	-	-	n-p---ma-	-	τραγῳδός
0014	005	7	-	103035685	-	ἐθεᾶσθε	-	-	-	v2piim---	-	θεάομαι
0014	005	7	-	103035686	-	,	-	-	-	u--------	-	,
0014	005	7	-	103035687	-	ἀλλὰ	-	-	-	c--------	-	ἀλλά
0014	005	7	-	103035688	-	μὴ	-	-	-	d--------	-	μή
0014	005	7	-	103035689	-	περὶ	-	-	-	r--------	-	περί
0014	005	7	-	103035690	-	σωτηρίας	-	-	-	n-s---fg-	-	σωτηρία
0014	005	7	-	103035691	-	καὶ	-	-	-	c--------	-	καί
0014	005	7	-	103035692	-	κοινῶν	-	-	-	a-p---ng-	-	κοινός
0014	005	7	-	103035693	-	πραγμάτων	-	-	-	n-p---ng-	-	πρᾶγμα
0014	005	7	-	103035694	-	ἦν	-	-	-	v3siia---	-	εἰμί
0014	005	7	-	103035695	-	ὁ	-	-	-	l-s---mn-	-	ὁ
0014	005	7	-	103035696	-	λόγος	-	-	-	n-s---mn-	-	λόγος
0014	005	7	-	103035697	-	,	-	-	-	u--------	-	,
0014	005	7	-	103035698	-	οὐκ	-	-	-	d--------	-	οὐ
0014	005	7	-	103035699	-	ἂν	-	-	-	g--------	-	ἄν
0014	005	7	-	103035700	-	οὕτως	-	-	-	d--------	-	οὕτως
0014	005	7	-	103035701	-	οὔ	-	-	-	d--------	-	οὐ
0014	005	7	-	103035702	-	-τ’	-	-	-	c--------	-	τε
0014	005	7	-	103035703	-	ἐκείνου	-	-	-	p-s---mg-	-	ἐκεῖνος
0014	005	7	-	103035704	-	πρὸς	-	-	-	r--------	-	πρός
0014	005	7	-	103035705	-	χάριν	-	-	-	n-s---fa-	-	χάρις
0014	005	7	-	103035706	-	οὔ	-	-	-	d--------	-	οὐ
0014	005	7	-	103035707	-	-τ’	-	-	-	c--------	-	τε
0014	005	7	-	103035708	-	ἐμοῦ	-	-	-	p-s---cg-	-	ἐγώ
0014	005	7	-	103035709	-	πρὸς	-	-	-	r--------	-	πρός
0014	005	7	-	103035710	-	ἀπέχθειαν	-	-	-	n-s---fa-	-	ἀπέχθεια
0014	005	7	-	103035711	-	ἠκούσατε	-	-	-	v2paia---	-	ἀκούω
0014	005	7	-	103035712	-	.	-	-	-	u--------	-	.
0014	005	8	-	103035713	-	καίτοι	-	-	-	g--------	-	καίτοι
0014	005	8	-	103035714	-	τοῦτό	-	-	-	p-s---na-	-	οὗτος
0014	005	8	-	103035715	-	γ’	-	-	-	g--------	-	γε
0014	005	8	-	103035716	-	ὑμᾶς	-	-	-	p-p---ca-	-	σύ
0014	005	8	-	103035717	-	οἶμαι	-	-	-	v1spim---	-	οἴομαι
0014	005	8	-	103035718	-	νῦν	-	-	-	d--------	-	νῦν
0014	005	8	-	103035719	-	ἅπαντας	-	-	-	p-p---ma-	-	ἅπας
0014	005	8	-	103035720	-	ᾐσθῆσθαι	-	-	-	v--rnm---	-	αἰσθάνομαι
0014	005	8	-	103035721	-	,	-	-	-	u--------	-	,
0014	005	8	-	103035722	-	ὅτι	-	-	-	c--------	-	ὅτι
0014	005	8	-	103035723	-	τὴν	-	-	-	l-s---fa-	-	ὁ
0014	005	8	-	103035724	-	τότ’	-	-	-	d--------	-	τότε
0014	005	8	-	103035725	-	ἄφιξιν	-	-	-	n-s---fa-	-	ἄφιξις
0014	005	8	-	103035726	-	εἰς	-	-	-	r--------	-	εἰς
0014	005	8	-	103035727	-	τοὺς	-	-	-	l-p---ma-	-	ὁ
0014	005	8	-	103035728	-	πολεμίους	-	-	-	a-p---ma-	-	πολέμιος
0014	005	8	-	103035729	-	ποιησάμενος	-	-	-	v-sapmmn-	-	ποιέω
0014	005	8	-	103035730	-	ὑπὲρ	-	-	-	r--------	-	ὑπέρ
0014	005	8	-	103035731	-	τοῦ	-	-	-	l-s---ng-	-	ὁ
0014	005	8	-	103035732	-	τα-	-	-	-	l-p---na-	-	ὁ
0014	005	8	-	103035733	-	τἀκεῖ	-	-	-	d--------	-	ἐκεῖ
0014	005	8	-	103035734	-	χρήματ’	-	-	-	n-p---na-	-	χρῆμα
0014	005	8	-	103035735	-	ὀφειλόμεν’	-	-	-	v-pppmna-	-	ὀφείλω
0014	005	8	-	103035736	-	,	-	-	-	u--------	-	,
0014	005	8	-	103035737	-	ὡς	-	-	-	c--------	-	ὡς
0014	005	8	-	103035738	-	ἔφη	-	-	-	v3siia---	-	φημί
0014	005	8	-	103035739	-	,	-	-	-	u--------	-	,
0014	005	8	-	103035740	-	κομίσας	-	-	-	v-sapamn-	-	κομίζω
0014	005	8	-	103035741	-	δεῦρο	-	-	-	d--------	-	δεῦρο
0014	005	8	-	103035742	-	λῃτουργεῖν	-	-	-	v--pna---	-	λειτουργέω
0014	005	8	-	103035743	-	,	-	-	-	u--------	-	,
0014	005	8	-	103035744	-	καὶ	-	-	-	c--------	-	καί
0014	005	8	-	103035745	-	τούτῳ	-	-	-	p-s---md-	-	οὗτος
0014	005	8	-	103035746	-	τῷ	-	-	-	l-s---md-	-	ὁ
0014	005	8	-	103035747	-	λόγῳ	-	-	-	n-s---md-	-	λόγος
0014	005	8	-	103035748	-	πλείστῳ	-	-	-	a-s---mds	-	πολύς
0014	005	8	-	103035749	-	χρησάμενος	-	-	-	v-sapmmn-	-	χράω
0014	005	8	-	103035750	-	,	-	-	-	u--------	-	,
0014	005	8	-	103035751	-	ὡς	-	-	-	c--------	-	ὡς
0014	005	8	-	103035752	-	δεινὸν	-	-	-	a-s---nn-	-	δεινός
0014	005	8	-	103035753	-	εἴ	-	-	-	c--------	-	εἰ
0014	005	8	-	103035754	-	τις	-	-	-	p-s---cn-	-	τις
0014	005	8	-	103035755	-	ἐγκαλεῖ	-	-	-	v3spia---	-	ἐγκαλέω
0014	005	8	-	103035756	-	τοῖς	-	-	-	l-p---md-	-	ὁ
0014	005	8	-	103035757	-	ἐκεῖθεν	-	-	-	d--------	-	ἐκεῖθεν
0014	005	8	-	103035758	-	ἐνθάδε	-	-	-	d--------	-	ἐνθάδε
0014	005	8	-	103035759	-	τὰς	-	-	-	l-p---fa-	-	ὁ
0014	005	8	-	103035760	-	εὐπορίας	-	-	-	n-p---fa-	-	εὐπορία
0014	005	8	-	103035761	-	ἄγουσιν	-	-	-	v-pppamd-	-	ἄγω
0014	005	8	-	103035762	-	,	-	-	-	u--------	-	,
0014	005	8	-	103035763	-	ἐπειδὴ	-	-	-	c--------	-	ἐπειδή
0014	005	8	-	103035764	-	διὰ	-	-	-	r--------	-	διά
0014	005	8	-	103035765	-	τὴν	-	-	-	l-s---fa-	-	ὁ
0014	005	8	-	103035766	-	εἰρήνην	-	-	-	n-s---fa-	-	εἰρήνη
0014	005	8	-	103035767	-	ἀδείας	-	-	-	n-s---fg-	-	ἄδεια
0014	005	8	-	103035768	-	ἔτυχεν	-	-	-	v3saia---	-	τυγχάνω
0014	005	8	-	103035769	-	,	-	-	-	u--------	-	,
0014	005	8	-	103035770	-	ἣν	-	-	-	p-s---fa-	-	ὅς
0014	005	8	-	103035771	-	ἐνθάδ’	-	-	-	d--------	-	ἐνθάδε
0014	005	8	-	103035772	-	ἐκέκτητ’	-	-	-	v3slim---	-	κτάομαι
0014	005	8	-	103035773	-	οὐσίαν	-	-	-	n-s---fa-	-	οὐσία
0014	005	8	-	103035774	-	φανεράν	-	-	-	a-s---fa-	-	φανερός
0014	005	8	-	103035775	-	,	-	-	-	u--------	-	,
0014	005	8	-	103035776	-	ταύτην	-	-	-	p-s---fa-	-	οὗτος
0014	005	8	-	103035777	-	ἐξαργυρίσας	-	-	-	v-sapamn-	-	ἐξαργυρίζω
0014	005	8	-	103035778	-	πρὸς	-	-	-	r--------	-	πρός
0014	005	8	-	103035779	-	ἐκεῖνον	-	-	-	p-s---ma-	-	ἐκεῖνος
0014	005	8	-	103035780	-	ἀπάγων	-	-	-	v-sppamn-	-	ἀπάγω
0014	005	8	-	103035781	-	οἴχεται	-	-	-	v3spim---	-	οἴχομαι
0014	005	8	-	103035782	-	.	-	-	-	u--------	-	.
0014	005	9	-	103035783	-	δύο	-	-	-	m--------	-	δύο
0014	005	9	-	103035784	-	μὲν	-	-	-	g--------	-	μέν
0014	005	9	-	103035785	-	δὴ	-	-	-	g--------	-	δή
0014	005	9	-	103035786	-	ταῦθ’	-	-	-	p-p---nn-	-	οὗτος
0014	005	9	-	103035787	-	ὧν	-	-	-	p-p---ng-	-	ὅς
0014	005	9	-	103035788	-	προεῖπον	-	-	-	v1saia---	-	προλέγω
0014	005	9	-	103035789	-	ἐγὼ	-	-	-	p-s---cn-	-	ἐγώ
0014	005	9	-	103035790	-	μαρτυρεῖ	-	-	-	v3spia---	-	μαρτυρέω
0014	005	9	-	103035791	-	τοῖς	-	-	-	l-p---md-	-	ὁ
0014	005	9	-	103035792	-	γεγενημένοις	-	-	-	v-prpmmd-	-	γίγνομαι
0014	005	9	-	103035793	-	λόγοις	-	-	-	n-p---md-	-	λόγος
0014	005	9	-	103035794	-	ὀρθῶς	-	-	-	d--------	-	ὀρθός
0014	005	9	-	103035795	-	καὶ	-	-	-	c--------	-	καί
0014	005	9	-	103035796	-	δικαίως	-	-	-	d--------	-	δίκαιος
0014	005	9	-	103035797	-	,	-	-	-	u--------	-	,
0014	005	9	-	103035798	-	οἷά	-	-	-	p-p---nn-	-	οἷος
0014	005	9	-	103035799	-	περ	-	-	-	d--------	-	περ
0014	005	9	-	103035800	-	ἦν	-	-	-	v3siia---	-	εἰμί
0014	005	9	-	103035801	-	,	-	-	-	u--------	-	,
0014	005	9	-	103035802	-	ἀποφανθένθ’	-	-	-	v-dappnn-	-	ἀποφαίνω
0014	005	9	-	103035803	-	ὑπ’	-	-	-	r--------	-	ὑπό
0014	005	9	-	103035804	-	ἐμοῦ	-	-	-	p-s---cg-	-	ἐγώ
0014	005	9	-	103035805	-	·	-	-	-	u--------	-	·
0014	005	9	-	103035806	-	τὸ	-	-	-	l-s---na-	-	ὁ
0014	005	9	-	103035807	-	τρίτον	-	-	-	a-s---na-	-	τρίτος
0014	005	9	-	103035808	-	δ’	-	-	-	c--------	-	δέ
0014	005	9	-	103035809	-	,	-	-	-	u--------	-	,
0014	005	9	-	103035810	-	ὦ	-	-	-	i--------	-	ὦ
0014	005	9	-	103035811	-	ἄνδρες	-	-	-	n-p---mv-	-	ἀνήρ
0014	005	9	-	103035812	-	Ἀθηναῖοι	-	-	-	a-p---mv-	-	Ἀθηναῖος
0014	005	9	-	103035813	-	,	-	-	-	u--------	-	,
0014	005	9	-	103035814	-	(	-	-	-	u--------	-	(
0014	005	9	-	103035815	-	καὶ	-	-	-	c--------	-	καί
0014	005	9	-	103035816	-	μόνον	-	-	-	a-s---na-	-	μόνος
0014	005	9	-	103035817	-	ἓν	-	-	-	m-s---na-	-	εἷς
0014	005	9	-	103035818	-	τοῦτ’	-	-	-	p-s---na-	-	οὗτος
0014	005	9	-	103035819	-	εἰπὼν	-	-	-	v-sapamn-	-	λέγω
0014	005	9	-	103035820	-	ἔτι	-	-	-	d--------	-	ἔτι
0014	005	9	-	103035821	-	καὶ	-	-	-	c--------	-	καί
0014	005	9	-	103035822	-	δὴ	-	-	-	g--------	-	δή
0014	005	9	-	103035823	-	περὶ	-	-	-	r--------	-	περί
0014	005	9	-	103035824	-	ὧν	-	-	-	p-p---ng-	-	ὅς
0014	005	9	-	103035825	-	παρελήλυθ’	-	-	-	v1sria---	-	παρέρχομαι
0014	005	9	-	103035826	-	ἐρῶ	-	-	-	v1sfia---	-	λέγω
0014	005	9	-	103035827	-	,	-	-	-	u--------	-	,
0014	005	9	-	103035828	-	)	-	-	-	u--------	-	)
0014	005	9	-	103035829	-	ἡνίκα	-	-	-	c--------	-	ἡνίκα
0014	005	9	-	103035830	-	τοὺς	-	-	-	l-p---ma-	-	ὁ
0014	005	9	-	103035831	-	ὅρκους	-	-	-	n-p---ma-	-	ὅρκος
0014	005	9	-	103035832	-	τοὺς	-	-	-	l-p---ma-	-	ὁ
0014	005	9	-	103035833	-	περὶ	-	-	-	r--------	-	περί
0014	005	9	-	103035834	-	τῆς	-	-	-	l-s---fg-	-	ὁ
0014	005	9	-	103035835	-	εἰρήνης	-	-	-	n-s---fg-	-	εἰρήνη
0014	005	9	-	103035836	-	ἀπειληφότες	-	-	-	v-prpamn-	-	ἀπολαμβάνω
0014	005	9	-	103035837	-	ἥκομεν	-	-	-	v1ppia---	-	ἥκω
0014	005	9	-	103035838	-	οἱ	-	-	-	l-p---mn-	-	ὁ
0014	005	9	-	103035839	-	πρέσβεις	-	-	-	a-p---mn-	-	πρέσβυς
0014	005	9	-	103035840	-	,	-	-	-	u--------	-	,
0014	005	10	-	103035841	-	τότε	-	-	-	d--------	-	τότε
0014	005	10	-	103035842	-	Θεσπιάς	-	-	-	n-p---fa-	-	Θεσπιαί
0014	005	10	-	103035843	-	τινων	-	-	-	p-p---cg-	-	τις
0014	005	10	-	103035844	-	καὶ	-	-	-	c--------	-	καί
0014	005	10	-	103035845	-	Πλαταιὰς	-	-	-	n-p---fa-	-	Πλαταιαί
0014	005	10	-	103035846	-	ὑπισχνουμένων	-	-	-	v-pppmmg-	-	ὑπισχνέομαι
0014	005	10	-	103035847	-	οἰκισθήσεσθαι	-	-	-	v--fnp---	-	οἰκίζω
0014	005	10	-	103035848	-	,	-	-	-	u--------	-	,
0014	005	10	-	103035849	-	καὶ	-	-	-	c--------	-	καί
0014	005	10	-	103035850	-	τοὺς	-	-	-	l-p---ma-	-	ὁ
0014	005	10	-	103035851	-	μὲν	-	-	-	g--------	-	μέν
0014	005	10	-	103035852	-	Φωκέας	-	-	-	n-p---ma-	-	Φωκεύς
0014	005	10	-	103035853	-	τὸν	-	-	-	l-s---ma-	-	ὁ
0014	005	10	-	103035854	-	Φίλιππον	-	-	-	n-s---ma-	-	Φίλιππος
0014	005	10	-	103035855	-	,	-	-	-	u--------	-	,
0014	005	10	-	103035856	-	ἂν	-	-	-	c--------	-	ἐάν
0014	005	10	-	103035857	-	γένηται	-	-	-	v3sasm---	-	γίγνομαι
0014	005	10	-	103035858	-	κύριος	-	-	-	n-s---mn-	-	κύριος
0014	005	10	-	103035859	-	,	-	-	-	u--------	-	,
0014	005	10	-	103035860	-	σώσειν	-	-	-	v--fna---	-	σῴζω
0014	005	10	-	103035861	-	,	-	-	-	u--------	-	,
0014	005	10	-	103035862	-	τὴν	-	-	-	l-s---fa-	-	ὁ
0014	005	10	-	103035863	-	δὲ	-	-	-	c--------	-	δέ
0014	005	10	-	103035864	-	Θηβαίων	-	-	-	a-p---mg-	-	Θηβαῖος
0014	005	10	-	103035865	-	πόλιν	-	-	-	n-s---fa-	-	πόλις
0014	005	10	-	103035866	-	διοικιεῖν	-	-	-	v--fna---	-	διοικίζω
0014	005	10	-	103035867	-	,	-	-	-	u--------	-	,
0014	005	10	-	103035868	-	καὶ	-	-	-	c--------	-	καί
0014	005	10	-	103035869	-	τὸν	-	-	-	l-s---ma-	-	ὁ
0014	005	10	-	103035870	-	Ὠρωπὸν	-	-	-	n-s---ma-	-	Ὠρωπός
0014	005	10	-	103035871	-	ὑμῖν	-	-	-	p-p---cd-	-	σύ
0014	005	10	-	103035872	-	ὑπάρξειν	-	-	-	v--fna---	-	ὑπάρχω
0014	005	10	-	103035873	-	,	-	-	-	u--------	-	,
0014	005	10	-	103035874	-	καὶ	-	-	-	c--------	-	καί
0014	005	10	-	103035875	-	τὴν	-	-	-	l-s---fa-	-	ὁ
0014	005	10	-	103035876	-	Εὔβοιαν	-	-	-	n-s---fa-	-	Εὔβοια
0014	005	10	-	103035877	-	ἀντ’	-	-	-	r--------	-	ἀντί
0014	005	10	-	103035878	-	Ἀμφιπόλεως	-	-	-	n-s---fg-	-	Ἀμφίπολις
0014	005	10	-	103035879	-	ἀποδοθήσεσθαι	-	-	-	v--fnp---	-	ἀποδίδωμι
0014	005	10	-	103035880	-	,	-	-	-	u--------	-	,
0014	005	10	-	103035881	-	καὶ	-	-	-	c--------	-	καί
0014	005	10	-	103035882	-	τοιαύτας	-	-	-	p-p---fa-	-	τοιοῦτος
0014	005	10	-	103035883	-	ἐλπίδας	-	-	-	n-p---fa-	-	ἐλπίς
0014	005	10	-	103035884	-	καὶ	-	-	-	c--------	-	καί
0014	005	10	-	103035885	-	φενακισμούς	-	-	-	n-p---ma-	-	φενακισμός
0014	005	10	-	103035886	-	,	-	-	-	u--------	-	,
0014	005	10	-	103035887	-	οἷς	-	-	-	p-p---md-	-	ὅς
0014	005	10	-	103035888	-	ὑπαχθέντες	-	-	-	v-pappmn-	-	ὑπάγω
0014	005	10	-	103035889	-	ὑμεῖς	-	-	-	p-p---cn-	-	σύ
0014	005	10	-	103035890	-	οὔ	-	-	-	d--------	-	οὐ
0014	005	10	-	103035891	-	-τε	-	-	-	c--------	-	τε
0014	005	10	-	103035892	-	συμφόρως	-	-	-	d--------	-	σύμφορος
0014	005	10	-	103035893	-	οὔ	-	-	-	d--------	-	οὐ
0014	005	10	-	103035894	-	-τ’	-	-	-	c--------	-	τε
0014	005	10	-	103035895	-	ἴσως	-	-	-	d--------	-	ἴσως
0014	005	10	-	103035896	-	καλῶς	-	-	-	d--------	-	καλός
0014	005	10	-	103035897	-	προεῖσθε	-	-	-	v2paim---	-	προίημι
0014	005	10	-	103035898	-	Φωκέας	-	-	-	n-p---ma-	-	Φωκεύς
0014	005	10	-	103035899	-	,	-	-	-	u--------	-	,
0014	005	10	-	103035900	-	οὐδὲν	-	-	-	p-s---na-	-	οὐδείς
0014	005	10	-	103035901	-	τούτων	-	-	-	p-p---ng-	-	οὗτος
0014	005	10	-	103035902	-	οὔ	-	-	-	d--------	-	οὐ
0014	005	10	-	103035903	-	-τ’	-	-	-	c--------	-	τε
0014	005	10	-	103035904	-	ἐξαπατήσας	-	-	-	v-sapamn-	-	ἐξαπατάω
0014	005	10	-	103035905	-	οὔ	-	-	-	d--------	-	οὐ
0014	005	10	-	103035906	-	-τε	-	-	-	c--------	-	τε
0014	005	10	-	103035907	-	σιγήσας	-	-	-	v-sapamn-	-	σιγάω
0014	005	10	-	103035908	-	ἐγὼ	-	-	-	p-s---cn-	-	ἐγώ
0014	005	10	-	103035909	-	φανήσομαι	-	-	-	v1sfim---	-	φαίνω
0014	005	10	-	103035910	-	,	-	-	-	u--------	-	,
0014	005	10	-	103035911	-	ἀλλὰ	-	-	-	c--------	-	ἀλλά
0014	005	10	-	103035912	-	προειπὼν	-	-	-	v-sapamn-	-	προλέγω
0014	005	10	-	103035913	-	ὑμῖν	-	-	-	p-p---cd-	-	σύ
0014	005	10	-	103035914	-	,	-	-	-	u--------	-	,
0014	005	10	-	103035915	-	ὡς	-	-	-	c--------	-	ὡς
0014	005	10	-	103035916	-	οἶδ’	-	-	-	v3sria---	-	οἶδα
0014	005	10	-	103035917	-	ὅτι	-	-	-	c--------	-	ὅτι
0014	005	10	-	103035918	-	μνημονεύετε	-	-	-	v2ppia---	-	μνημονεύω
0014	005	10	-	103035919	-	,	-	-	-	u--------	-	,
0014	005	10	-	103035920	-	ὅτι	-	-	-	c--------	-	ὅτι
0014	005	10	-	103035921	-	ταῦτ’	-	-	-	p-p---na-	-	οὗτος
0014	005	10	-	103035922	-	οὔ	-	-	-	d--------	-	οὐ
0014	005	10	-	103035923	-	-τ’	-	-	-	c--------	-	τε
0014	005	10	-	103035924	-	οἶδα	-	-	-	v1sria---	-	οἶδα
0014	005	10	-	103035925	-	οὔ	-	-	-	d--------	-	οὐ
0014	005	10	-	103035926	-	-τε	-	-	-	c--------	-	τε
0014	005	10	-	103035927	-	προσδοκῶ	-	-	-	v1sfia---	-	προσδοκάω
0014	005	10	-	103035928	-	,	-	-	-	u--------	-	,
0014	005	10	-	103035929	-	νομίζω	-	-	-	v1spia---	-	νομίζω
0014	005	10	-	103035930	-	δὲ	-	-	-	c--------	-	δέ
0014	005	10	-	103035931	-	τὸν	-	-	-	l-s---ma-	-	ὁ
0014	005	10	-	103035932	-	λέγοντα	-	-	-	v-sppama-	-	λέγω
0014	005	10	-	103035933	-	ληρεῖν	-	-	-	v--pna---	-	ληρέω
0014	005	10	-	103035934	-	.	-	-	-	u--------	-	.
0014	005	11	-	103035935	-	ταῦτα	-	-	-	p-p---na-	-	οὗτος
0014	005	11	-	103035936	-	τοίνυν	-	-	-	g--------	-	τοίνυν
0014	005	11	-	103035937	-	ἅπανθ’	-	-	-	p-p---na-	-	ἅπας
0014	005	11	-	103035938	-	,	-	-	-	u--------	-	,
0014	005	11	-	103035939	-	ὅσα	-	-	-	p-p---na-	-	ὅσος
0014	005	11	-	103035940	-	φαίνομαι	-	-	-	v1spim---	-	φαίνω
0014	005	11	-	103035941	-	βέλτιον	-	-	-	a-s---nac	-	ἀγαθός
0014	005	11	-	103035942	-	τῶν	-	-	-	l-p---ng-	-	ὁ
0014	005	11	-	103035943	-	ἄλλων	-	-	-	p-p---ng-	-	ἄλλος
0014	005	11	-	103035944	-	προορῶν	-	-	-	v-sppamn-	-	προοράω
0014	005	11	-	103035945	-	,	-	-	-	u--------	-	,
0014	005	11	-	103035946	-	οὐ	-	-	-	d--------	-	οὐ
0014	005	11	-	103035947	-	-δ’	-	-	-	c--------	-	δέ
0014	005	11	-	103035948	-	εἰς	-	-	-	r--------	-	εἰς
0014	005	11	-	103035949	-	μίαν	-	-	-	m-s---fa-	-	εἷς
0014	005	11	-	103035950	-	,	-	-	-	u--------	-	,
0014	005	11	-	103035951	-	ὦ	-	-	-	i--------	-	ὦ
0014	005	11	-	103035952	-	ἄνδρες	-	-	-	n-p---mv-	-	ἀνήρ
0014	005	11	-	103035953	-	Ἀθηναῖοι	-	-	-	a-p---mv-	-	Ἀθηναῖος
0014	005	11	-	103035954	-	,	-	-	-	u--------	-	,
0014	005	11	-	103035955	-	οὔ	-	-	-	d--------	-	οὐ
0014	005	11	-	103035956	-	-τε	-	-	-	c--------	-	τε
0014	005	11	-	103035957	-	δεινότητ’	-	-	-	n-s---fa-	-	δεινότης
0014	005	11	-	103035958	-	οὔ	-	-	-	d--------	-	οὐ
0014	005	11	-	103035959	-	-τ’	-	-	-	c--------	-	τε
0014	005	11	-	103035960	-	ἀλαζονείαν	-	-	-	n-s---fa-	-	ἀλαζονεία
0014	005	11	-	103035961	-	ἐπανοίσω	-	-	-	v1sfia---	-	ἐπαναφέρω
0014	005	11	-	103035962	-	,	-	-	-	u--------	-	,
0014	005	11	-	103035963	-	οὐ	-	-	-	d--------	-	οὐ
0014	005	11	-	103035964	-	-δὲ	-	-	-	c--------	-	δέ
0014	005	11	-	103035965	-	προσποιήσομαι	-	-	-	v1sfim---	-	προσποιέω
0014	005	11	-	103035966	-	δι’	-	-	-	r--------	-	διά
0014	005	11	-	103035967	-	οὐδὲν	-	-	-	p-s---na-	-	οὐδείς
0014	005	11	-	103035968	-	ἄλλο	-	-	-	p-s---na-	-	ἄλλος
0014	005	11	-	103035969	-	γιγνώσκειν	-	-	-	v--pna---	-	γιγνώσκω
0014	005	11	-	103035970	-	καὶ	-	-	-	c--------	-	καί
0014	005	11	-	103035971	-	προαισθάνεσθαι	-	-	-	v--pnm---	-	προαισθάνομαι
0014	005	11	-	103035972	-	πλὴν	-	-	-	r--------	-	πλήν
0014	005	11	-	103035973	-	δι’	-	-	-	r--------	-	διά
0014	005	11	-	103035974	-	ἃν	-	-	-	p-p---na-	-	ὅς
0014	005	11	-	103035975	-	ὑμῖν	-	-	-	p-p---cd-	-	σύ
0014	005	11	-	103035976	-	εἴπω	-	-	-	v1sasa---	-	λέγω
0014	005	11	-	103035977	-	,	-	-	-	u--------	-	,
0014	005	11	-	103035978	-	δύο	-	-	-	m--------	-	δύο
0014	005	11	-	103035979	-	·	-	-	-	u--------	-	·
0014	005	11	-	103035980	-	ἓν	-	-	-	m-s---nn-	-	εἷς
0014	005	11	-	103035981	-	μέν	-	-	-	g--------	-	μέν
0014	005	11	-	103035982	-	,	-	-	-	u--------	-	,
0014	005	11	-	103035983	-	ὦ	-	-	-	i--------	-	ὦ
0014	005	11	-	103035984	-	ἄνδρες	-	-	-	n-p---mv-	-	ἀνήρ
0014	005	11	-	103035985	-	Ἀθηναῖοι	-	-	-	a-p---mv-	-	Ἀθηναῖος
0014	005	11	-	103035986	-	,	-	-	-	u--------	-	,
0014	005	11	-	103035987	-	δι’	-	-	-	r--------	-	διά
0014	005	11	-	103035988	-	εὐτυχίαν	-	-	-	n-s---fa-	-	εὐτυχία
0014	005	11	-	103035989	-	,	-	-	-	u--------	-	,
0014	005	11	-	103035990	-	ἣν	-	-	-	p-s---fa-	-	ὅς
0014	005	11	-	103035991	-	συμπάσης	-	-	-	a-s---fg-	-	σύμπας
0014	005	11	-	103035992	-	ἐγὼ	-	-	-	p-s---cn-	-	ἐγώ
0014	005	11	-	103035993	-	τῆς	-	-	-	l-s---fg-	-	ὁ
0014	005	11	-	103035994	-	ἐν	-	-	-	r--------	-	ἐν
0014	005	11	-	103035995	-	ἀνθρώποις	-	-	-	n-p---md-	-	ἄνθρωπος
0014	005	11	-	103035996	-	οὔσης	-	-	-	v-sppafg-	-	εἰμί
0014	005	11	-	103035997	-	δεινότητος	-	-	-	n-s---fg-	-	δεινότης
0014	005	11	-	103035998	-	καὶ	-	-	-	c--------	-	καί
0014	005	11	-	103035999	-	σοφίας	-	-	-	n-s---fg-	-	σοφία
0014	005	11	-	103036000	-	ὁρῶ	-	-	-	v1spia---	-	ὁράω
0014	005	11	-	103036001	-	κρατοῦσαν	-	-	-	v-sppafa-	-	κρατέω
0014	005	11	-	103036002	-	·	-	-	-	u--------	-	·
0014	005	12	-	103036003	-	ἕτερον	-	-	-	p-s---na-	-	ἕτερος
0014	005	12	-	103036004	-	δέ	-	-	-	c--------	-	δέ
0014	005	12	-	103036005	-	,	-	-	-	u--------	-	,
0014	005	12	-	103036006	-	προῖκα	-	-	-	n-s---fa-	-	προίξ
0014	005	12	-	103036007	-	τὰ	-	-	-	l-p---na-	-	ὁ
0014	005	12	-	103036008	-	πράγματα	-	-	-	n-p---na-	-	πρᾶγμα
0014	005	12	-	103036009	-	κρίνω	-	-	-	v1spia---	-	κρίνω
0014	005	12	-	103036010	-	καὶ	-	-	-	c--------	-	καί
0014	005	12	-	103036011	-	λογίζομαι	-	-	-	v1spim---	-	λογίζομαι
0014	005	12	-	103036012	-	,	-	-	-	u--------	-	,
0014	005	12	-	103036013	-	καὶ	-	-	-	c--------	-	καί
0014	005	12	-	103036014	-	οὐδὲν	-	-	-	p-s---na-	-	οὐδείς
0014	005	12	-	103036015	-	λῆμμ’	-	-	-	n-s---na-	-	λῆμμα
0014	005	12	-	103036016	-	ἂν	-	-	-	g--------	-	ἄν
0014	005	12	-	103036017	-	οὐδεὶς	-	-	-	p-s---mn-	-	οὐδείς
0014	005	12	-	103036018	-	ἔχοι	-	-	-	v3spoa---	-	ἔχω
0014	005	12	-	103036019	-	πρὸς	-	-	-	r--------	-	πρός
0014	005	12	-	103036020	-	οἷς	-	-	-	p-p---nd-	-	ὅς
0014	005	12	-	103036021	-	ἐγὼ	-	-	-	p-s---cn-	-	ἐγώ
0014	005	12	-	103036022	-	πεπολίτευμαι	-	-	-	v1srim---	-	πολιτεύω
0014	005	12	-	103036023	-	καὶ	-	-	-	c--------	-	καί
0014	005	12	-	103036024	-	λέγω	-	-	-	v1spia---	-	λέγω
0014	005	12	-	103036025	-	δεῖξαι	-	-	-	v--ana---	-	δείκνυμι
0014	005	12	-	103036026	-	προσηρτημένον	-	-	-	v-srpmna-	-	προσαρτάω
0014	005	12	-	103036027	-	.	-	-	-	u--------	-	.
0014	005	12	-	103036028	-	ὀρθὸν	-	-	-	a-s---nn-	-	ὀρθός
0014	005	12	-	103036029	-	οὖν	-	-	-	g--------	-	οὖν
0014	005	12	-	103036030	-	,	-	-	-	u--------	-	,
0014	005	12	-	103036031	-	ὅ	-	-	-	p-s---nn-	-	ὅς
0014	005	12	-	103036032	-	τι	-	-	-	p-s---nn-	-	τις
0014	005	12	-	103036033	-	ἄν	-	-	-	g--------	-	ἄν
0014	005	12	-	103036034	-	ποτ’	-	-	-	d--------	-	ποτέ
0014	005	12	-	103036035	-	ἀπ’	-	-	-	r--------	-	ἀπό
0014	005	12	-	103036036	-	αὐτῶν	-	-	-	p-p---ng-	-	αὐτός
0014	005	12	-	103036037	-	ὑπάρχῃ	-	-	-	v3spsa---	-	ὑπάρχω
0014	005	12	-	103036038	-	τῶν	-	-	-	l-p---ng-	-	ὁ
0014	005	12	-	103036039	-	πραγμάτων	-	-	-	n-p---ng-	-	πρᾶγμα
0014	005	12	-	103036040	-	,	-	-	-	u--------	-	,
0014	005	12	-	103036041	-	τὸ	-	-	-	l-s---nn-	-	ὁ
0014	005	12	-	103036042	-	συμφέρον	-	-	-	v-sppann-	-	συμφέρω
0014	005	12	-	103036043	-	φαίνεταί	-	-	-	v3spim---	-	φαίνω
0014	005	12	-	103036044	-	μοι	-	-	-	p-s---cd-	-	ἐγώ
0014	005	12	-	103036045	-	.	-	-	-	u--------	-	.
0014	005	12	-	103036046	-	ὅταν	-	-	-	c--------	-	ὅταν
0014	005	12	-	103036047	-	δ’	-	-	-	c--------	-	δέ
0014	005	12	-	103036048	-	ἐπὶ	-	-	-	r--------	-	ἐπί
0014	005	12	-	103036049	-	θάτερ’	-	-	-	p-p---na-	-	ἕτερος
0014	005	12	-	103036050	-	ὥσπερ	-	-	-	c--------	-	ὥσπερ
0014	005	12	-	103036051	-	εἰς	-	-	-	r--------	-	εἰς
0014	005	12	-	103036052	-	τρυτάνην	-	-	-	n-s---fa-	-	τρυτάνη
0014	005	12	-	103036053	-	ἀργύριον	-	-	-	n-s---na-	-	ἀργύριον
0014	005	12	-	103036054	-	προσενέγκῃς	-	-	-	v2sasa---	-	προσφέρω
0014	005	12	-	103036055	-	,	-	-	-	u--------	-	,
0014	005	12	-	103036056	-	οἴχεται	-	-	-	v3spim---	-	οἴχομαι
0014	005	12	-	103036057	-	φέρον	-	-	-	v-sppann-	-	φέρω
0014	005	12	-	103036058	-	καὶ	-	-	-	c--------	-	καί
0014	005	12	-	103036059	-	καθείλκυκε	-	-	-	v3sria---	-	καθέλκω
0014	005	12	-	103036060	-	τὸν	-	-	-	l-s---ma-	-	ὁ
0014	005	12	-	103036061	-	λογισμὸν	-	-	-	n-s---ma-	-	λογισμός
0014	005	12	-	103036062	-	ἐφ’	-	-	-	r--------	-	ἐπί
0014	005	12	-	103036063	-	αὑτό	-	-	-	p-s---na-	-	ἑαυτοῦ
0014	005	12	-	103036064	-	,	-	-	-	u--------	-	,
0014	005	12	-	103036065	-	καὶ	-	-	-	c--------	-	καί
0014	005	12	-	103036066	-	οὐκ	-	-	-	d--------	-	οὐ
0014	005	12	-	103036067	-	ἂν	-	-	-	g--------	-	ἄν
0014	005	12	-	103036068	-	ἔτ’	-	-	-	d--------	-	ἔτι
0014	005	12	-	103036069	-	ὀρθῶς	-	-	-	d--------	-	ὀρθός
0014	005	12	-	103036070	-	οὐ	-	-	-	d--------	-	οὐ
0014	005	12	-	103036071	-	-δ’	-	-	-	c--------	-	δέ
0014	005	12	-	103036072	-	ὑγιῶς	-	-	-	d--------	-	ὑγιής
0014	005	12	-	103036073	-	ὁ	-	-	-	l-s---mn-	-	ὁ
0014	005	12	-	103036074	-	τοῦτο	-	-	-	p-s---na-	-	οὗτος
0014	005	12	-	103036075	-	ποιήσας	-	-	-	v-sapamn-	-	ποιέω
0014	005	12	-	103036076	-	περὶ	-	-	-	r--------	-	περί
0014	005	12	-	103036077	-	οὐδενὸς	-	-	-	p-s---ng-	-	οὐδείς
0014	005	12	-	103036078	-	λογίσαιτο	-	-	-	v3saom---	-	λογίζομαι
0014	005	12	-	103036079	-	.	-	-	-	u--------	-	.
0014	005	13	-	103036080	-	ἓν	-	-	-	m-s---na-	-	εἷς
0014	005	13	-	103036081	-	μὲν	-	-	-	g--------	-	μέν
0014	005	13	-	103036082	-	οὖν	-	-	-	g--------	-	οὖν
0014	005	13	-	103036083	-	ἔγωγε	-	-	-	p-s---cn-	-	ἐγώ
0014	005	13	-	103036084	-	πρῶτον	-	-	-	a-s---na-	-	πρῶτος
0014	005	13	-	103036085	-	ὑπάρχειν	-	-	-	v--pna---	-	ὑπάρχω
0014	005	13	-	103036086	-	φημὶ	-	-	-	v1spia---	-	φημί
0014	005	13	-	103036087	-	δεῖν	-	-	-	v--pna---	-	δέω
0014	005	13	-	103036088	-	,	-	-	-	u--------	-	,
0014	005	13	-	103036089	-	ὅπως	-	-	-	c--------	-	ὅπως
0014	005	13	-	103036090	-	,	-	-	-	u--------	-	,
0014	005	13	-	103036091	-	εἴ	-	-	-	c--------	-	εἰ
0014	005	13	-	103036092	-	-τε	-	-	-	c--------	-	τε
0014	005	13	-	103036093	-	συμμάχους	-	-	-	a-p---ma-	-	σύμμαχος
0014	005	13	-	103036094	-	εἴ	-	-	-	c--------	-	εἰ
0014	005	13	-	103036095	-	-τε	-	-	-	c--------	-	τε
0014	005	13	-	103036096	-	σύνταξιν	-	-	-	n-s---fa-	-	σύνταξις
0014	005	13	-	103036097	-	εἴ	-	-	-	c--------	-	εἰ
0014	005	13	-	103036098	-	-τ’	-	-	-	c--------	-	τε
0014	005	13	-	103036099	-	ἄλλο	-	-	-	p-s---na-	-	ἄλλος
0014	005	13	-	103036100	-	τι	-	-	-	p-s---na-	-	τις
0014	005	13	-	103036101	-	βούλεταί	-	-	-	v3spim---	-	βούλομαι
0014	005	13	-	103036102	-	τις	-	-	-	p-s---cn-	-	τις
0014	005	13	-	103036103	-	κατασκευάζειν	-	-	-	v--pna---	-	κατασκευάζω
0014	005	13	-	103036104	-	τῇ	-	-	-	l-s---fd-	-	ὁ
0014	005	13	-	103036105	-	πόλει	-	-	-	n-s---fd-	-	πόλις
0014	005	13	-	103036106	-	,	-	-	-	u--------	-	,
0014	005	13	-	103036107	-	τὴν	-	-	-	l-s---fa-	-	ὁ
0014	005	13	-	103036108	-	ὑπάρχουσαν	-	-	-	v-sppafa-	-	ὑπάρχω
0014	005	13	-	103036109	-	εἰρήνην	-	-	-	n-s---fa-	-	εἰρήνη
0014	005	13	-	103036110	-	μὴ	-	-	-	d--------	-	μή
0014	005	13	-	103036111	-	λύων	-	-	-	v-sppamn-	-	λύω
0014	005	13	-	103036112	-	τοῦτο	-	-	-	p-s---na-	-	οὗτος
0014	005	13	-	103036113	-	ποιήσει	-	-	-	v3sfia---	-	ποιέω
0014	005	13	-	103036114	-	,	-	-	-	u--------	-	,
0014	005	13	-	103036115	-	οὐχ	-	-	-	d--------	-	οὐ
0014	005	13	-	103036116	-	ὡς	-	-	-	c--------	-	ὡς
0014	005	13	-	103036117	-	θαυμαστὴν	-	-	-	a-s---fa-	-	θαυμαστός
0014	005	13	-	103036118	-	οὐ	-	-	-	d--------	-	οὐ
0014	005	13	-	103036119	-	-δ’	-	-	-	c--------	-	δέ
0014	005	13	-	103036120	-	ὡς	-	-	-	c--------	-	ὡς
0014	005	13	-	103036121	-	ἀξίαν	-	-	-	a-s---fa-	-	ἄξιος
0014	005	13	-	103036122	-	οὖσαν	-	-	-	v-sppafa-	-	εἰμί
0014	005	13	-	103036123	-	ὑμῶν	-	-	-	p-p---cg-	-	σύ
0014	005	13	-	103036124	-	·	-	-	-	u--------	-	·
0014	005	13	-	103036125	-	ἀλλ’	-	-	-	c--------	-	ἀλλά
0014	005	13	-	103036126	-	ὁποία	-	-	-	p-s---fn-	-	ὁποῖος
0014	005	13	-	103036127	-	τίς	-	-	-	p-s---cn-	-	τίς
0014	005	13	-	103036128	-	ποτ’	-	-	-	d--------	-	ποτέ
0014	005	13	-	103036129	-	ἐστὶν	-	-	-	v3spia---	-	εἰμί
0014	005	13	-	103036130	-	αὕτη	-	-	-	p-s---fn-	-	οὗτος
0014	005	13	-	103036131	-	,	-	-	-	u--------	-	,
0014	005	13	-	103036132	-	μὴ	-	-	-	d--------	-	μή
0014	005	13	-	103036133	-	γενέσθαι	-	-	-	v--anm---	-	γίγνομαι
0014	005	13	-	103036134	-	μᾶλλον	-	-	-	d-------c	-	μάλα
0014	005	13	-	103036135	-	εἶχε	-	-	-	v3siia---	-	ἔχω
0014	005	13	-	103036136	-	τοῖς	-	-	-	l-p---nd-	-	ὁ
0014	005	13	-	103036137	-	πράγμασι	-	-	-	n-p---nd-	-	πρᾶγμα
0014	005	13	-	103036138	-	καιρὸν	-	-	-	n-s---ma-	-	καιρός
0014	005	13	-	103036139	-	ἢ	-	-	-	c--------	-	ἤ
0014	005	13	-	103036140	-	γεγενημένη	-	-	-	v-srpmfn-	-	γίγνομαι
0014	005	13	-	103036141	-	νῦν	-	-	-	d--------	-	νῦν
0014	005	13	-	103036142	-	δι’	-	-	-	r--------	-	διά
0014	005	13	-	103036143	-	ἡμᾶς	-	-	-	p-p---ca-	-	ἐγώ
0014	005	13	-	103036144	-	λυθῆναι	-	-	-	v--anp---	-	λύω
0014	005	13	-	103036145	-	·	-	-	-	u--------	-	·
0014	005	13	-	103036146	-	πολλὰ	-	-	-	a-p---na-	-	πολύς
0014	005	13	-	103036147	-	γὰρ	-	-	-	g--------	-	γάρ
0014	005	13	-	103036148	-	προείμεθα	-	-	-	v1paim---	-	προίημι
0014	005	13	-	103036149	-	,	-	-	-	u--------	-	,
0014	005	13	-	103036150	-	ὧν	-	-	-	p-p---ng-	-	ὅς
0014	005	13	-	103036151	-	ὑπαρχόντων	-	-	-	v-pppang-	-	ὑπάρχω
0014	005	13	-	103036152	-	τότ’	-	-	-	d--------	-	τότε
0014	005	13	-	103036153	-	ἂν	-	-	-	g--------	-	ἄν
0014	005	13	-	103036154	-	ἢ	-	-	-	c--------	-	ἤ
0014	005	13	-	103036155	-	νῦν	-	-	-	d--------	-	νῦν
0014	005	13	-	103036156	-	ἀσφαλέστερος	-	-	-	a-s---mnc	-	ἀσφαλής
0014	005	13	-	103036157	-	καὶ	-	-	-	c--------	-	καί
0014	005	13	-	103036158	-	ῥᾴων	-	-	-	a-s---mnc	-	ῥᾴδιος
0014	005	13	-	103036159	-	ἦν	-	-	-	v3siia---	-	εἰμί
0014	005	13	-	103036160	-	ἡμῖν	-	-	-	p-p---cd-	-	ἐγώ
0014	005	13	-	103036161	-	ὁ	-	-	-	l-s---mn-	-	ὁ
0014	005	13	-	103036162	-	πόλεμος	-	-	-	n-s---mn-	-	πόλεμος
0014	005	13	-	103036163	-	.	-	-	-	u--------	-	.
0014	005	14	-	103036164	-	δεύτερον	-	-	-	a-s---na-	-	δεύτερος
0014	005	14	-	103036165	-	δ’	-	-	-	c--------	-	δέ
0014	005	14	-	103036166	-	,	-	-	-	u--------	-	,
0014	005	14	-	103036167	-	ὁρᾶν	-	-	-	v--pna---	-	ὁράω
0014	005	14	-	103036168	-	ὅπως	-	-	-	c--------	-	ὅπως
0014	005	14	-	103036169	-	μὴ	-	-	-	d--------	-	μή
0014	005	14	-	103036170	-	προαξόμεθ’	-	-	-	v1pfim---	-	προάγω
0014	005	14	-	103036171	-	,	-	-	-	u--------	-	,
0014	005	14	-	103036172	-	ὦ	-	-	-	i--------	-	ὦ
0014	005	14	-	103036173	-	ἄνδρες	-	-	-	n-p---mv-	-	ἀνήρ
0014	005	14	-	103036174	-	Ἀθηναῖοι	-	-	-	a-p---mv-	-	Ἀθηναῖος
0014	005	14	-	103036175	-	,	-	-	-	u--------	-	,
0014	005	14	-	103036176	-	τοὺς	-	-	-	l-p---ma-	-	ὁ
0014	005	14	-	103036177	-	συνεληλυθότας	-	-	-	v-prpama-	-	συνέρχομαι
0014	005	14	-	103036178	-	τούτους	-	-	-	p-p---ma-	-	οὗτος
0014	005	14	-	103036179	-	καὶ	-	-	-	c--------	-	καί
0014	005	14	-	103036180	-	φάσκοντας	-	-	-	v-pppama-	-	φάσκω
0014	005	14	-	103036181	-	Ἀμφικτύονας	-	-	-	n-p---ma-	-	Ἀμφικτύονες
0014	005	14	-	103036182	-	νῦν	-	-	-	d--------	-	νῦν
0014	005	14	-	103036183	-	εἶναι	-	-	-	v--pna---	-	εἰμί
0014	005	14	-	103036184	-	εἰς	-	-	-	r--------	-	εἰς
0014	005	14	-	103036185	-	ἀνάγκην	-	-	-	n-s---fa-	-	ἀνάγκη
0014	005	14	-	103036186	-	καὶ	-	-	-	c--------	-	καί
0014	005	14	-	103036187	-	πρόφασιν	-	-	-	n-s---fa-	-	πρόφασις
0014	005	14	-	103036188	-	κοινοῦ	-	-	-	a-s---mg-	-	κοινός
0014	005	14	-	103036189	-	πολέμου	-	-	-	n-s---mg-	-	πόλεμος
0014	005	14	-	103036190	-	πρὸς	-	-	-	r--------	-	πρός
0014	005	14	-	103036191	-	ἡμᾶς	-	-	-	p-p---ca-	-	ἐγώ
0014	005	14	-	103036192	-	.	-	-	-	u--------	-	.
0014	005	14	-	103036193	-	ἐγὼ	-	-	-	p-s---cn-	-	ἐγώ
0014	005	14	-	103036194	-	γάρ	-	-	-	g--------	-	γάρ
0014	005	14	-	103036195	-	,	-	-	-	u--------	-	,
0014	005	14	-	103036196	-	εἰ	-	-	-	c--------	-	εἰ
0014	005	14	-	103036197	-	γένοιθ’	-	-	-	v3saom---	-	γίγνομαι
0014	005	14	-	103036198	-	ἡμῖν	-	-	-	p-p---cd-	-	ἐγώ
0014	005	14	-	103036199	-	πρὸς	-	-	-	r--------	-	πρός
0014	005	14	-	103036200	-	Φίλιππον	-	-	-	n-s---ma-	-	Φίλιππος
0014	005	14	-	103036201	-	πάλιν	-	-	-	d--------	-	πάλιν
0014	005	14	-	103036202	-	πόλεμος	-	-	-	n-s---mn-	-	πόλεμος
0014	005	14	-	103036203	-	δι’	-	-	-	r--------	-	διά
0014	005	14	-	103036204	-	Ἀμφίπολιν	-	-	-	n-s---fa-	-	Ἀμφίπολις
0014	005	14	-	103036205	-	ἤ	-	-	-	c--------	-	ἤ
0014	005	14	-	103036206	-	τι	-	-	-	p-s---na-	-	τις
0014	005	14	-	103036207	-	τοιοῦτον	-	-	-	p-s---na-	-	τοιοῦτος
0014	005	14	-	103036208	-	ἔγκλημ’	-	-	-	n-s---na-	-	ἔγκλημα
0014	005	14	-	103036209	-	ἴδιον	-	-	-	a-s---na-	-	ἴδιος
0014	005	14	-	103036210	-	,	-	-	-	u--------	-	,
0014	005	14	-	103036211	-	οὗ	-	-	-	p-s---ng-	-	ὅς
0014	005	14	-	103036212	-	μὴ	-	-	-	d--------	-	μή
0014	005	14	-	103036213	-	μετέχουσι	-	-	-	v3ppia---	-	μετέχω
0014	005	14	-	103036214	-	Θετταλοὶ	-	-	-	a-p---mn-	-	Θεσσαλός
0014	005	14	-	103036215	-	μη	-	-	-	d--------	-	μή
0014	005	14	-	103036216	-	-δ’	-	-	-	c--------	-	δέ
0014	005	14	-	103036217	-	Ἀργεῖοι	-	-	-	a-p---mn-	-	Ἀργεῖος
0014	005	14	-	103036218	-	μη	-	-	-	d--------	-	μή
0014	005	14	-	103036219	-	-δὲ	-	-	-	c--------	-	δέ
0014	005	14	-	103036220	-	Θηβαῖοι	-	-	-	a-p---mn-	-	Θηβαῖος
0014	005	14	-	103036221	-	,	-	-	-	u--------	-	,
0014	005	14	-	103036222	-	οὐκ	-	-	-	d--------	-	οὐ
0014	005	14	-	103036223	-	ἂν	-	-	-	g--------	-	ἄν
0014	005	14	-	103036224	-	ἡμῖν	-	-	-	p-p---cd-	-	ἐγώ
0014	005	14	-	103036225	-	οἴομαι	-	-	-	v1spim---	-	οἴομαι
0014	005	14	-	103036226	-	τούτων	-	-	-	p-p---mg-	-	οὗτος
0014	005	14	-	103036227	-	οὐδένας	-	-	-	p-p---ma-	-	οὐδείς
0014	005	14	-	103036228	-	πολεμῆσαι	-	-	-	v--ana---	-	πολεμέω
0014	005	14	-	103036229	-	,	-	-	-	u--------	-	,
0014	005	15	-	103036230	-	καὶ	-	-	-	c--------	-	καί
0014	005	15	-	103036231	-	πάντων	-	-	-	p-p---ng-	-	πᾶς
0014	005	15	-	103036232	-	ἥκιστα	-	-	-	a-p---nas	-	ἦκα
0014	005	15	-	103036233	-	(	-	-	-	u--------	-	(
0014	005	15	-	103036234	-	καί	-	-	-	c--------	-	καί
0014	005	15	-	103036235	-	μοι	-	-	-	p-s---cd-	-	ἐγώ
0014	005	15	-	103036236	-	μὴ	-	-	-	d--------	-	μή
0014	005	15	-	103036237	-	θορυβήσῃ	-	-	-	v3sasa---	-	θορυβέω
0014	005	15	-	103036238	-	μηδεὶς	-	-	-	p-s---mn-	-	μηδείς
0014	005	15	-	103036239	-	πρὶν	-	-	-	c--------	-	πρίν
0014	005	15	-	103036240	-	ἀκοῦσαι	-	-	-	v--ana---	-	ἀκούω
0014	005	15	-	103036241	-	)	-	-	-	u--------	-	)
0014	005	15	-	103036242	-	Θηβαίους	-	-	-	a-p---ma-	-	Θηβαῖος
0014	005	15	-	103036243	-	,	-	-	-	u--------	-	,
0014	005	15	-	103036244	-	οὐχ	-	-	-	d--------	-	οὐ
0014	005	15	-	103036245	-	ὡς	-	-	-	c--------	-	ὡς
0014	005	15	-	103036246	-	ἡδέως	-	-	-	d--------	-	ἡδύς
0014	005	15	-	103036247	-	ἔχουσιν	-	-	-	v3ppia---	-	ἔχω
0014	005	15	-	103036248	-	ἡμῖν	-	-	-	p-p---cd-	-	ἐγώ
0014	005	15	-	103036249	-	,	-	-	-	u--------	-	,
0014	005	15	-	103036250	-	οὐ	-	-	-	d--------	-	οὐ
0014	005	15	-	103036251	-	-δ’	-	-	-	c--------	-	δέ
0014	005	15	-	103036252	-	ὡς	-	-	-	c--------	-	ὡς
0014	005	15	-	103036253	-	οὐκ	-	-	-	d--------	-	οὐ
0014	005	15	-	103036254	-	ἂν	-	-	-	g--------	-	ἄν
0014	005	15	-	103036255	-	χαρίζοιντο	-	-	-	v3ppom---	-	χαρίζω
0014	005	15	-	103036256	-	Φιλίππῳ	-	-	-	n-s---md-	-	Φίλιππος
0014	005	15	-	103036257	-	,	-	-	-	u--------	-	,
0014	005	15	-	103036258	-	ἀλλ’	-	-	-	c--------	-	ἀλλά
0014	005	15	-	103036259	-	ἴσασιν	-	-	-	v3pria---	-	οἶδα
0014	005	15	-	103036260	-	ἀκριβῶς	-	-	-	d--------	-	ἀκριβής
0014	005	15	-	103036261	-	,	-	-	-	u--------	-	,
0014	005	15	-	103036262	-	εἰ	-	-	-	c--------	-	εἰ
0014	005	15	-	103036263	-	καὶ	-	-	-	c--------	-	καί
0014	005	15	-	103036264	-	πάνυ	-	-	-	d--------	-	πάνυ
0014	005	15	-	103036265	-	φησί	-	-	-	v3spia---	-	φημί
0014	005	15	-	103036266	-	τις	-	-	-	p-s---cn-	-	τις
0014	005	15	-	103036267	-	αὐτοὺς	-	-	-	p-p---ma-	-	αὐτός
0014	005	15	-	103036268	-	ἀναισθήτους	-	-	-	a-p---ma-	-	ἀναίσθητος
0014	005	15	-	103036269	-	εἶναι	-	-	-	v--pna---	-	εἰμί
0014	005	15	-	103036270	-	,	-	-	-	u--------	-	,
0014	005	15	-	103036271	-	ὅτι	-	-	-	c--------	-	ὅτι
0014	005	15	-	103036272	-	,	-	-	-	u--------	-	,
0014	005	15	-	103036273	-	εἰ	-	-	-	c--------	-	εἰ
0014	005	15	-	103036274	-	γενήσεται	-	-	-	v3sfim---	-	γίγνομαι
0014	005	15	-	103036275	-	πόλεμος	-	-	-	n-s---mn-	-	πόλεμος
0014	005	15	-	103036276	-	πρὸς	-	-	-	r--------	-	πρός
0014	005	15	-	103036277	-	ὑμᾶς	-	-	-	p-p---ca-	-	σύ
0014	005	15	-	103036278	-	αὐτοῖς	-	-	-	p-p---md-	-	αὐτός
0014	005	15	-	103036279	-	,	-	-	-	u--------	-	,
0014	005	15	-	103036280	-	τὰ	-	-	-	l-p---na-	-	ὁ
0014	005	15	-	103036281	-	μὲν	-	-	-	g--------	-	μέν
0014	005	15	-	103036282	-	κακὰ	-	-	-	a-p---na-	-	κακός
0014	005	15	-	103036283	-	πάνθ’	-	-	-	p-p---na-	-	πᾶς
0014	005	15	-	103036284	-	ἕξουσιν	-	-	-	v3pfia---	-	ἔχω
0014	005	15	-	103036285	-	αὐτοί	-	-	-	p-p---mn-	-	αὐτός
0014	005	15	-	103036286	-	,	-	-	-	u--------	-	,
0014	005	15	-	103036287	-	τοῖς	-	-	-	l-p---nd-	-	ὁ
0014	005	15	-	103036288	-	δ’	-	-	-	c--------	-	δέ
0014	005	15	-	103036289	-	ἀγαθοῖς	-	-	-	a-p---nd-	-	ἀγαθός
0014	005	15	-	103036290	-	ἐφεδρεύων	-	-	-	v-sppamn-	-	ἐφεδρεύω
0014	005	15	-	103036291	-	ἕτερος	-	-	-	p-s---mn-	-	ἕτερος
0014	005	15	-	103036292	-	καθεδεῖται	-	-	-	v3sfim---	-	καθέζομαι
0014	005	15	-	103036293	-	.	-	-	-	u--------	-	.
0014	005	15	-	103036294	-	οὔκουν	-	-	-	g--------	-	οὔκουν
0014	005	15	-	103036295	-	προοῖντ’	-	-	-	v3paom---	-	προίημι
0014	005	15	-	103036296	-	ἂν	-	-	-	g--------	-	ἄν
0014	005	15	-	103036297	-	αὑτοὺς	-	-	-	p-p---ma-	-	ἑαυτοῦ
0014	005	15	-	103036298	-	εἰς	-	-	-	r--------	-	εἰς
0014	005	15	-	103036299	-	τοῦτο	-	-	-	p-s---na-	-	οὗτος
0014	005	15	-	103036300	-	,	-	-	-	u--------	-	,
0014	005	15	-	103036301	-	μὴ	-	-	-	d--------	-	μή
0014	005	15	-	103036302	-	κοινῆς	-	-	-	a-s---fg-	-	κοινός
0014	005	15	-	103036303	-	τῆς	-	-	-	l-s---fg-	-	ὁ
0014	005	15	-	103036304	-	ἀρχῆς	-	-	-	n-s---fg-	-	ἀρχή
0014	005	15	-	103036305	-	καὶ	-	-	-	c--------	-	καί
0014	005	15	-	103036306	-	τῆς	-	-	-	l-s---fg-	-	ὁ
0014	005	15	-	103036307	-	αἰτίας	-	-	-	n-s---fg-	-	αἰτία
0014	005	15	-	103036308	-	οὔσης	-	-	-	v-sppafg-	-	εἰμί
0014	005	15	-	103036309	-	τοῦ	-	-	-	l-s---mg-	-	ὁ
0014	005	15	-	103036310	-	πολέμου	-	-	-	n-s---mg-	-	πόλεμος
0014	005	15	-	103036311	-	.	-	-	-	u--------	-	.
0014	005	16	-	103036312	-	οὐ	-	-	-	d--------	-	οὐ
0014	005	16	-	103036313	-	-δέ	-	-	-	c--------	-	δέ
0014	005	16	-	103036314	-	γ’	-	-	-	g--------	-	γε
0014	005	16	-	103036315	-	εἰ	-	-	-	c--------	-	εἰ
0014	005	16	-	103036316	-	πάλιν	-	-	-	d--------	-	πάλιν
0014	005	16	-	103036317	-	πρὸς	-	-	-	r--------	-	πρός
0014	005	16	-	103036318	-	τοὺς	-	-	-	l-p---ma-	-	ὁ
0014	005	16	-	103036319	-	Θηβαίους	-	-	-	a-p---ma-	-	Θηβαῖος
0014	005	16	-	103036320	-	πολεμήσαιμεν	-	-	-	v1paoa---	-	πολεμέω
0014	005	16	-	103036321	-	δι’	-	-	-	r--------	-	διά
0014	005	16	-	103036322	-	Ὠρωπὸν	-	-	-	n-s---ma-	-	Ὠρωπός
0014	005	16	-	103036323	-	ἤ	-	-	-	c--------	-	ἤ
0014	005	16	-	103036324	-	τι	-	-	-	p-s---na-	-	τις
0014	005	16	-	103036325	-	τῶν	-	-	-	l-p---ng-	-	ὁ
0014	005	16	-	103036326	-	ἰδίων	-	-	-	a-p---ng-	-	ἴδιος
0014	005	16	-	103036327	-	,	-	-	-	u--------	-	,
0014	005	16	-	103036328	-	οὐδὲν	-	-	-	p-s---na-	-	οὐδείς
0014	005	16	-	103036329	-	ἂν	-	-	-	g--------	-	ἄν
0014	005	16	-	103036330	-	ἡμᾶς	-	-	-	p-p---ca-	-	ἐγώ
0014	005	16	-	103036331	-	παθεῖν	-	-	-	v--ana---	-	πάσχω
0014	005	16	-	103036332	-	ἡγοῦμαι	-	-	-	v1spim---	-	ἡγέομαι
0014	005	16	-	103036333	-	·	-	-	-	u--------	-	·
0014	005	16	-	103036334	-	καὶ	-	-	-	c--------	-	καί
0014	005	16	-	103036335	-	γὰρ	-	-	-	g--------	-	γάρ
0014	005	16	-	103036336	-	ἡμῖν	-	-	-	p-p---cd-	-	ἐγώ
0014	005	16	-	103036337	-	κα-	-	-	-	c--------	-	καί
0014	005	16	-	103036338	-	κἀκείνοις	-	-	-	p-p---md-	-	ἐκεῖνος
0014	005	16	-	103036339	-	τοὺς	-	-	-	l-p---ma-	-	ὁ
0014	005	16	-	103036340	-	βοηθοῦντας	-	-	-	v-pppama-	-	βοηθέω
0014	005	16	-	103036341	-	ἂν	-	-	-	g--------	-	ἄν
0014	005	16	-	103036342	-	οἶμαι	-	-	-	v1spim---	-	οἴομαι
0014	005	16	-	103036343	-	,	-	-	-	u--------	-	,
0014	005	16	-	103036344	-	εἰς	-	-	-	r--------	-	εἰς
0014	005	16	-	103036345	-	τὴν	-	-	-	l-s---fa-	-	ὁ
0014	005	16	-	103036346	-	οἰκείαν	-	-	-	a-s---fa-	-	οἰκεῖος
0014	005	16	-	103036347	-	εἴ	-	-	-	c--------	-	εἰ
0014	005	16	-	103036348	-	τις	-	-	-	p-s---cn-	-	τις
0014	005	16	-	103036349	-	ἐμβάλοι	-	-	-	v3saoa---	-	ἐμβάλλω
0014	005	16	-	103036350	-	,	-	-	-	u--------	-	,
0014	005	16	-	103036351	-	βοηθεῖν	-	-	-	v--pna---	-	βοηθέω
0014	005	16	-	103036352	-	,	-	-	-	u--------	-	,
0014	005	16	-	103036353	-	οὐ	-	-	-	d--------	-	οὐ
0014	005	16	-	103036354	-	συνεπιστρατεύσειν	-	-	-	v--fna---	-	συνεπιστρατεύω
0014	005	16	-	103036355	-	οὐδετέροις	-	-	-	p-p---md-	-	οὐδέτερος
0014	005	16	-	103036356	-	.	-	-	-	u--------	-	.
0014	005	16	-	103036357	-	καὶ	-	-	-	c--------	-	καί
0014	005	16	-	103036358	-	γὰρ	-	-	-	g--------	-	γάρ
0014	005	16	-	103036359	-	αἱ	-	-	-	l-p---fn-	-	ὁ
0014	005	16	-	103036360	-	συμμαχίαι	-	-	-	n-p---fn-	-	συμμαχία
0014	005	16	-	103036361	-	τοῦτον	-	-	-	p-s---ma-	-	οὗτος
0014	005	16	-	103036362	-	ἔχουσι	-	-	-	v3ppia---	-	ἔχω
0014	005	16	-	103036363	-	τὸν	-	-	-	l-s---ma-	-	ὁ
0014	005	16	-	103036364	-	τρόπον	-	-	-	n-s---ma-	-	τρόπος
0014	005	16	-	103036365	-	,	-	-	-	u--------	-	,
0014	005	16	-	103036366	-	ὧν	-	-	-	p-p---fg-	-	ὅς
0014	005	16	-	103036367	-	καὶ	-	-	-	c--------	-	καί
0014	005	16	-	103036368	-	φροντίσειεν	-	-	-	v3saoa---	-	φροντίζω
0014	005	16	-	103036369	-	ἄν	-	-	-	g--------	-	ἄν
0014	005	16	-	103036370	-	τις	-	-	-	p-s---cn-	-	τις
0014	005	16	-	103036371	-	,	-	-	-	u--------	-	,
0014	005	16	-	103036372	-	καὶ	-	-	-	c--------	-	καί
0014	005	16	-	103036373	-	τὸ	-	-	-	l-s---nn-	-	ὁ
0014	005	16	-	103036374	-	πρᾶγμα	-	-	-	n-s---nn-	-	πρᾶγμα
0014	005	16	-	103036375	-	φύσει	-	-	-	n-s---fd-	-	φύσις
0014	005	16	-	103036376	-	τοιοῦτόν	-	-	-	p-s---nn-	-	τοιοῦτος
0014	005	16	-	103036377	-	ἐστιν	-	-	-	v3spia---	-	εἰμί
0014	005	16	-	103036378	-	·	-	-	-	u--------	-	·
0014	005	17	-	103036379	-	οὐκ	-	-	-	d--------	-	οὐ
0014	005	17	-	103036380	-	ἄχρι	-	-	-	r--------	-	ἄχρι
0014	005	17	-	103036381	-	τῆς	-	-	-	l-s---fg-	-	ὁ
0014	005	17	-	103036382	-	ἴσης	-	-	-	a-s---fg-	-	ἴσος
0014	005	17	-	103036383	-	ἕκαστός	-	-	-	p-s---mn-	-	ἕκαστος
0014	005	17	-	103036384	-	ἐστιν	-	-	-	v3spia---	-	εἰμί
0014	005	17	-	103036385	-	εὔνους	-	-	-	a-s---mn-	-	εὔνους
0014	005	17	-	103036386	-	οὔ	-	-	-	d--------	-	οὐ
0014	005	17	-	103036387	-	-θ’	-	-	-	c--------	-	τε
0014	005	17	-	103036388	-	ἡμῖν	-	-	-	p-p---cd-	-	ἐγώ
0014	005	17	-	103036389	-	οὔ	-	-	-	d--------	-	οὐ
0014	005	17	-	103036390	-	-τε	-	-	-	c--------	-	τε
0014	005	17	-	103036391	-	Θηβαίοις	-	-	-	a-p---md-	-	Θηβαῖος
0014	005	17	-	103036392	-	,	-	-	-	u--------	-	,
0014	005	17	-	103036393	-	σῶς	-	-	-	a-s---mn-	-	σῶς
0014	005	17	-	103036394	-	τ’	-	-	-	c--------	-	τε
0014	005	17	-	103036395	-	εἶναι	-	-	-	v--pna---	-	εἰμί
0014	005	17	-	103036396	-	καὶ	-	-	-	c--------	-	καί
0014	005	17	-	103036397	-	κρατεῖν	-	-	-	v--pna---	-	κρατέω
0014	005	17	-	103036398	-	τῶν	-	-	-	l-p---mg-	-	ὁ
0014	005	17	-	103036399	-	ἄλλων	-	-	-	p-p---mg-	-	ἄλλος
0014	005	17	-	103036400	-	,	-	-	-	u--------	-	,
0014	005	17	-	103036401	-	ἀλλὰ	-	-	-	c--------	-	ἀλλά
0014	005	17	-	103036402	-	σῶς	-	-	-	a-s---mn-	-	σῶς
0014	005	17	-	103036403	-	μὲν	-	-	-	g--------	-	μέν
0014	005	17	-	103036404	-	εἶναι	-	-	-	v--pna---	-	εἰμί
0014	005	17	-	103036405	-	πάντες	-	-	-	p-p---mn-	-	πᾶς
0014	005	17	-	103036406	-	ἂν	-	-	-	g--------	-	ἄν
0014	005	17	-	103036407	-	βούλοινθ’	-	-	-	v3ppom---	-	βούλομαι
0014	005	17	-	103036408	-	ἕνεχ’	-	-	-	r--------	-	ἕνεκα
0014	005	17	-	103036409	-	αὑτῶν	-	-	-	p-p---mg-	-	ἑαυτοῦ
0014	005	17	-	103036410	-	,	-	-	-	u--------	-	,
0014	005	17	-	103036411	-	κρατήσαντας	-	-	-	v-papama-	-	κρατέω
0014	005	17	-	103036412	-	δὲ	-	-	-	c--------	-	δέ
0014	005	17	-	103036413	-	τοὺς	-	-	-	l-p---ma-	-	ὁ
0014	005	17	-	103036414	-	ἑτέρους	-	-	-	p-p---ma-	-	ἕτερος
0014	005	17	-	103036415	-	δεσπότας	-	-	-	n-p---ma-	-	δεσπότης
0014	005	17	-	103036416	-	ὑπάρχειν	-	-	-	v--pna---	-	ὑπάρχω
0014	005	17	-	103036417	-	αὑτῶν	-	-	-	p-p---mg-	-	ἑαυτοῦ
0014	005	17	-	103036418	-	οὐ	-	-	-	d--------	-	οὐ
0014	005	17	-	103036419	-	-δὲ	-	-	-	c--------	-	δέ
0014	005	17	-	103036420	-	εἷς	-	-	-	m-s---mn-	-	εἷς
0014	005	17	-	103036421	-	.	-	-	-	u--------	-	.
0014	005	17	-	103036422	-	τί	-	-	-	p-s---na-	-	τίς
0014	005	17	-	103036423	-	οὖν	-	-	-	g--------	-	οὖν
0014	005	17	-	103036424	-	ἡγοῦμαι	-	-	-	v1spim---	-	ἡγέομαι
0014	005	17	-	103036425	-	φοβερὸν	-	-	-	a-s---na-	-	φοβερός
0014	005	17	-	103036426	-	καὶ	-	-	-	c--------	-	καί
0014	005	17	-	103036427	-	τί	-	-	-	p-s---na-	-	τίς
0014	005	17	-	103036428	-	φυλάξασθαι	-	-	-	v--anm---	-	φυλάσσω
0014	005	17	-	103036429	-	δεῖν	-	-	-	v--pna---	-	δέω
0014	005	17	-	103036430	-	ἡμᾶς	-	-	-	p-p---ca-	-	ἐγώ
0014	005	17	-	103036431	-	;	-	-	-	u--------	-	;
0014	005	17	-	103036432	-	μὴ	-	-	-	d--------	-	μή
0014	005	17	-	103036433	-	κοινὴν	-	-	-	a-s---fa-	-	κοινός
0014	005	17	-	103036434	-	πρόφασιν	-	-	-	n-s---fa-	-	πρόφασις
0014	005	17	-	103036435	-	καὶ	-	-	-	c--------	-	καί
0014	005	17	-	103036436	-	κοινὸν	-	-	-	a-s---na-	-	κοινός
0014	005	17	-	103036437	-	ἔγκλημ’	-	-	-	n-s---na-	-	ἔγκλημα
0014	005	17	-	103036438	-	ὁ	-	-	-	l-s---mn-	-	ὁ
0014	005	17	-	103036439	-	μέλλων	-	-	-	v-sppamn-	-	μέλλω
0014	005	17	-	103036440	-	πόλεμος	-	-	-	n-s---mn-	-	πόλεμος
0014	005	17	-	103036441	-	πρὸς	-	-	-	r--------	-	πρός
0014	005	17	-	103036442	-	ἅπαντας	-	-	-	p-p---ma-	-	ἅπας
0014	005	17	-	103036443	-	λάβῃ	-	-	-	v3sasa---	-	λαμβάνω
0014	005	17	-	103036444	-	.	-	-	-	u--------	-	.
0014	005	18	-	103036445	-	εἰ	-	-	-	c--------	-	εἰ
0014	005	18	-	103036446	-	γὰρ	-	-	-	g--------	-	γάρ
0014	005	18	-	103036447	-	Ἀργεῖοι	-	-	-	a-p---mn-	-	Ἀργεῖος
0014	005	18	-	103036448	-	μὲν	-	-	-	g--------	-	μέν
0014	005	18	-	103036449	-	καὶ	-	-	-	c--------	-	καί
0014	005	18	-	103036450	-	Μεσσήνιοι	-	-	-	a-p---mn-	-	Μεσσήνιος
0014	005	18	-	103036451	-	καὶ	-	-	-	c--------	-	καί
0014	005	18	-	103036452	-	Μεγαλοπολῖται	-	-	-	n-p---mn-	-	Μεγαλοπολίτης
0014	005	18	-	103036453	-	καί	-	-	-	c--------	-	καί
0014	005	18	-	103036454	-	τινες	-	-	-	p-p---cn-	-	τις
0014	005	18	-	103036455	-	τῶν	-	-	-	l-p---mg-	-	ὁ
0014	005	18	-	103036456	-	λοιπῶν	-	-	-	a-p---mg-	-	λοιπός
0014	005	18	-	103036457	-	Πελοποννησίων	-	-	-	a-p---mg-	-	Πελοποννήσιος
0014	005	18	-	103036458	-	,	-	-	-	u--------	-	,
0014	005	18	-	103036459	-	ὅσοι	-	-	-	p-p---mn-	-	ὅσος
0014	005	18	-	103036460	-	τα-	-	-	-	l-p---na-	-	ὁ
0014	005	18	-	103036461	-	ταὐτὰ	-	-	-	p-p---na-	-	αὐτός
0014	005	18	-	103036462	-	τούτοις	-	-	-	p-p---md-	-	οὗτος
0014	005	18	-	103036463	-	φρονοῦσι	-	-	-	v3ppia---	-	φρονέω
0014	005	18	-	103036464	-	,	-	-	-	u--------	-	,
0014	005	18	-	103036465	-	διὰ	-	-	-	r--------	-	διά
0014	005	18	-	103036466	-	τὴν	-	-	-	l-s---fa-	-	ὁ
0014	005	18	-	103036467	-	πρὸς	-	-	-	r--------	-	πρός
0014	005	18	-	103036468	-	Λακεδαιμονίους	-	-	-	a-p---ma-	-	Λακεδαιμόνιος
0014	005	18	-	103036469	-	ἡμῖν	-	-	-	p-p---cd-	-	ἐγώ
0014	005	18	-	103036470	-	ἐπικηρυκείαν	-	-	-	n-s---fa-	-	ἐπικηρυκεία
0014	005	18	-	103036471	-	ἐχθρῶς	-	-	-	d--------	-	ἐχθρός
0014	005	18	-	103036472	-	σχήσουσι	-	-	-	v3pfia---	-	ἔχω
0014	005	18	-	103036473	-	καὶ	-	-	-	c--------	-	καί
0014	005	18	-	103036474	-	τὸ	-	-	-	l-s---na-	-	ὁ
0014	005	18	-	103036475	-	δοκεῖν	-	-	-	v--pna---	-	δοκέω
0014	005	18	-	103036476	-	ἐκδέχεσθαί	-	-	-	v--pnm---	-	ἐκδέχομαι
0014	005	18	-	103036477	-	τι	-	-	-	p-s---na-	-	τις
0014	005	18	-	103036478	-	τῶν	-	-	-	l-p---ng-	-	ὁ
0014	005	18	-	103036479	-	ἐκείνοις	-	-	-	p-p---md-	-	ἐκεῖνος
0014	005	18	-	103036480	-	πεπραγμένων	-	-	-	v-prpmng-	-	πράσσω
0014	005	18	-	103036481	-	,	-	-	-	u--------	-	,
0014	005	18	-	103036482	-	Θηβαῖοι	-	-	-	a-p---mn-	-	Θηβαῖος
0014	005	18	-	103036483	-	δ’	-	-	-	c--------	-	δέ
0014	005	18	-	103036484	-	ἔχουσι	-	-	-	v3ppia---	-	ἔχω
0014	005	18	-	103036485	-	μέν	-	-	-	g--------	-	μέν
0014	005	18	-	103036486	-	,	-	-	-	u--------	-	,
0014	005	18	-	103036487	-	ὡς	-	-	-	c--------	-	ὡς
0014	005	18	-	103036488	-	λέγουσιν	-	-	-	v3ppia---	-	λέγω
0014	005	18	-	103036489	-	,	-	-	-	u--------	-	,
0014	005	18	-	103036490	-	ἀπεχθῶς	-	-	-	d--------	-	ἀπεχθῶς
0014	005	18	-	103036491	-	,	-	-	-	u--------	-	,
0014	005	18	-	103036492	-	ἔτι	-	-	-	d--------	-	ἔτι
0014	005	18	-	103036493	-	δ’	-	-	-	c--------	-	δέ
0014	005	18	-	103036494	-	ἐχθροτέρως	-	-	-	a-p---mac	-	ἐχθρός
0014	005	18	-	103036495	-	σχήσουσιν	-	-	-	v3pfia---	-	ἔχω
0014	005	18	-	103036496	-	,	-	-	-	u--------	-	,
0014	005	18	-	103036497	-	ὅτι	-	-	-	c--------	-	ὅτι
0014	005	18	-	103036498	-	τοὺς	-	-	-	l-p---ma-	-	ὁ
0014	005	18	-	103036499	-	παρ’	-	-	-	r--------	-	παρά
0014	005	18	-	103036500	-	ἐκείνων	-	-	-	p-p---mg-	-	ἐκεῖνος
0014	005	18	-	103036501	-	φεύγοντας	-	-	-	v-pppama-	-	φεύγω
0014	005	18	-	103036502	-	σῴζομεν	-	-	-	v1ppia---	-	σῴζω
0014	005	18	-	103036503	-	καὶ	-	-	-	c--------	-	καί
0014	005	18	-	103036504	-	πάντα	-	-	-	p-s---ma-	-	πᾶς
0014	005	18	-	103036505	-	τρόπον	-	-	-	n-s---ma-	-	τρόπος
0014	005	18	-	103036506	-	τὴν	-	-	-	l-s---fa-	-	ὁ
0014	005	18	-	103036507	-	δυσμένειαν	-	-	-	n-s---fa-	-	δυσμένεια
0014	005	18	-	103036508	-	ἐνδεικνύμεθ’	-	-	-	v1ppim---	-	ἐνδείκνυμι
0014	005	18	-	103036509	-	αὐτοῖς	-	-	-	p-p---md-	-	αὐτός
0014	005	18	-	103036510	-	,	-	-	-	u--------	-	,
0014	005	19	-	103036511	-	Θετταλοὶ	-	-	-	a-p---mn-	-	Θεσσαλός
0014	005	19	-	103036512	-	δ’	-	-	-	c--------	-	δέ
0014	005	19	-	103036513	-	,	-	-	-	u--------	-	,
0014	005	19	-	103036514	-	ὅτι	-	-	-	c--------	-	ὅτι
0014	005	19	-	103036515	-	τοὺς	-	-	-	l-p---ma-	-	ὁ
0014	005	19	-	103036516	-	Φωκέων	-	-	-	n-p---mg-	-	Φωκεύς
0014	005	19	-	103036517	-	φυγάδας	-	-	-	n-p---ma-	-	φυγάς
0014	005	19	-	103036518	-	σῴζομεν	-	-	-	v1ppia---	-	σῴζω
0014	005	19	-	103036519	-	,	-	-	-	u--------	-	,
0014	005	19	-	103036520	-	Φίλιππος	-	-	-	n-s---mn-	-	Φίλιππος
0014	005	19	-	103036521	-	δ’	-	-	-	c--------	-	δέ
0014	005	19	-	103036522	-	,	-	-	-	u--------	-	,
0014	005	19	-	103036523	-	ὅτι	-	-	-	c--------	-	ὅτι
0014	005	19	-	103036524	-	κωλύομεν	-	-	-	v1ppia---	-	κωλύω
0014	005	19	-	103036525	-	αὐτὸν	-	-	-	p-s---ma-	-	αὐτός
0014	005	19	-	103036526	-	κοινωνεῖν	-	-	-	v--pna---	-	κοινωνέω
0014	005	19	-	103036527	-	τῆς	-	-	-	l-s---fg-	-	ὁ
0014	005	19	-	103036528	-	ἀμφικτυονίας	-	-	-	n-s---fg-	-	ἀμφικτυονία
0014	005	19	-	103036529	-	,	-	-	-	u--------	-	,
0014	005	19	-	103036530	-	φοβοῦμαι	-	-	-	v1spim---	-	φοβέω
0014	005	19	-	103036531	-	μὴ	-	-	-	d--------	-	μή
0014	005	19	-	103036532	-	πάντες	-	-	-	p-p---mn-	-	πᾶς
0014	005	19	-	103036533	-	περὶ	-	-	-	r--------	-	περί
0014	005	19	-	103036534	-	τῶν	-	-	-	l-p---ng-	-	ὁ
0014	005	19	-	103036535	-	ἰδίων	-	-	-	a-p---ng-	-	ἴδιος
0014	005	19	-	103036536	-	ἕκαστος	-	-	-	p-s---mn-	-	ἕκαστος
0014	005	19	-	103036537	-	ὀργιζόμενος	-	-	-	v-sppmmn-	-	ὀργίζω
0014	005	19	-	103036538	-	κοινὸν	-	-	-	n-s---na-	-	κοινός
0014	005	19	-	103036539	-	ἐφ’	-	-	-	r--------	-	ἐπί
0014	005	19	-	103036540	-	ἡμᾶς	-	-	-	p-p---ca-	-	ἐγώ
0014	005	19	-	103036541	-	ἀγάγωσι	-	-	-	v3pasa---	-	ἄγω
0014	005	19	-	103036542	-	τὸν	-	-	-	l-s---ma-	-	ὁ
0014	005	19	-	103036543	-	πόλεμον	-	-	-	n-s---ma-	-	πόλεμος
0014	005	19	-	103036544	-	,	-	-	-	u--------	-	,
0014	005	19	-	103036545	-	τὰ	-	-	-	l-p---na-	-	ὁ
0014	005	19	-	103036546	-	τῶν	-	-	-	l-p---mg-	-	ὁ
0014	005	19	-	103036547	-	Ἀμφικτυόνων	-	-	-	n-p---mg-	-	Ἀμφικτύονες
0014	005	19	-	103036548	-	δόγματα	-	-	-	n-p---na-	-	δόγμα
0014	005	19	-	103036549	-	προστησάμενοι	-	-	-	v-papmmn-	-	προΐστημι
0014	005	19	-	103036550	-	,	-	-	-	u--------	-	,
0014	005	19	-	103036551	-	εἶτ’	-	-	-	d--------	-	εἶτα
0014	005	19	-	103036552	-	ἐπισπασθῶσιν	-	-	-	v3pasp---	-	ἐπισπάω
0014	005	19	-	103036553	-	ἕκαστοι	-	-	-	p-p---mn-	-	ἕκαστος
0014	005	19	-	103036554	-	πέρα	-	-	-	r--------	-	πέρα
0014	005	19	-	103036555	-	τοῦ	-	-	-	l-s---ng-	-	ὁ
0014	005	19	-	103036556	-	συμφέροντος	-	-	-	v-sppang-	-	συμφέρω
0014	005	19	-	103036557	-	ἑαυτοῖς	-	-	-	p-p---md-	-	ἑαυτοῦ
0014	005	19	-	103036558	-		-	-	-	None	-	None
0014	005	19	-	103036559	-		-	-	-	None	-	None
0014	005	19	-	103036560	-	,	-	-	-	u--------	-	,
0014	005	19	-	103036561	-	ὥσπερ	-	-	-	c--------	-	ὥσπερ
0014	005	19	-	103036562	-	καὶ	-	-	-	c--------	-	καί
0014	005	19	-	103036563	-	περὶ	-	-	-	r--------	-	περί
0014	005	19	-	103036564	-	Φωκέας	-	-	-	n-p---ma-	-	Φωκεύς
0014	005	19	-	103036565	-	.	-	-	-	u--------	-	.
0014	005	20	-	103036566	-	ἴστε	-	-	-	v2prma---	-	οἶδα
0014	005	20	-	103036567	-	γὰρ	-	-	-	g--------	-	γάρ
0014	005	20	-	103036568	-	δήπου	-	-	-	g--------	-	δήπου
0014	005	20	-	103036569	-	τοῦθ’	-	-	-	p-s---na-	-	οὗτος
0014	005	20	-	103036570	-	ὅτι	-	-	-	c--------	-	ὅτι
0014	005	20	-	103036571	-	νῦν	-	-	-	d--------	-	νῦν
0014	005	20	-	103036572	-	Θηβαῖοι	-	-	-	a-p---mn-	-	Θηβαῖος
0014	005	20	-	103036573	-	καὶ	-	-	-	c--------	-	καί
0014	005	20	-	103036574	-	Φίλιππος	-	-	-	n-s---mn-	-	Φίλιππος
0014	005	20	-	103036575	-	καὶ	-	-	-	c--------	-	καί
0014	005	20	-	103036576	-	Θετταλοί	-	-	-	a-p---mn-	-	Θεσσαλός
0014	005	20	-	103036577	-	,	-	-	-	u--------	-	,
0014	005	20	-	103036578	-	οὐχὶ	-	-	-	d--------	-	οὐ
0014	005	20	-	103036579	-	τα-	-	-	-	l-p---na-	-	ὁ
0014	005	20	-	103036580	-	ταὔθ’	-	-	-	p-p---na-	-	αὐτός
0014	005	20	-	103036581	-	ἕκαστοι	-	-	-	p-p---mn-	-	ἕκαστος
0014	005	20	-	103036582	-	μάλιστ’	-	-	-	d-------s	-	μάλα
0014	005	20	-	103036583	-	ἐσπουδακότες	-	-	-	v-prpamn-	-	σπουδάζω
0014	005	20	-	103036584	-	,	-	-	-	u--------	-	,
0014	005	20	-	103036585	-	τα-	-	-	-	l-p---na-	-	ὁ
0014	005	20	-	103036586	-	ταὐτὰ	-	-	-	p-p---na-	-	αὐτός
0014	005	20	-	103036587	-	πάντες	-	-	-	p-p---mn-	-	πᾶς
0014	005	20	-	103036588	-	ἔπραξαν	-	-	-	v3paia---	-	πράσσω
0014	005	20	-	103036589	-	·	-	-	-	u--------	-	·
0014	005	20	-	103036590	-	οἷον	-	-	-	p-s---na-	-	οἷος
0014	005	20	-	103036591	-	Θηβαῖοι	-	-	-	a-p---mn-	-	Θηβαῖος
0014	005	20	-	103036592	-	τὸν	-	-	-	l-s---ma-	-	ὁ
0014	005	20	-	103036593	-	μὲν	-	-	-	g--------	-	μέν
0014	005	20	-	103036594	-	Φίλιππον	-	-	-	n-s---ma-	-	Φίλιππος
0014	005	20	-	103036595	-	παρελθεῖν	-	-	-	v--ana---	-	παρέρχομαι
0014	005	20	-	103036596	-	καὶ	-	-	-	c--------	-	καί
0014	005	20	-	103036597	-	λαβεῖν	-	-	-	v--ana---	-	λαμβάνω
0014	005	20	-	103036598	-	τὰς	-	-	-	l-p---fa-	-	ὁ
0014	005	20	-	103036599	-	παρόδους	-	-	-	n-p---fa-	-	πάροδος
0014	005	20	-	103036600	-	οὐκ	-	-	-	d--------	-	οὐ
0014	005	20	-	103036601	-	ἐδύναντο	-	-	-	v3piim---	-	δύναμαι
0014	005	20	-	103036602	-	κωλῦσαι	-	-	-	v--ana---	-	κωλύω
0014	005	20	-	103036603	-	,	-	-	-	u--------	-	,
0014	005	20	-	103036604	-	οὐ	-	-	-	d--------	-	οὐ
0014	005	20	-	103036605	-	-δέ	-	-	-	c--------	-	δέ
0014	005	20	-	103036606	-	γε	-	-	-	g--------	-	γε
0014	005	20	-	103036607	-	τῶν	-	-	-	l-p---ng-	-	ὁ
0014	005	20	-	103036608	-	αὑτοῖς	-	-	-	p-p---md-	-	ἑαυτοῦ
0014	005	20	-	103036609	-	πεπονημένων	-	-	-	v-prpmng-	-	πονέω
0014	005	20	-	103036610	-	ὕστατον	-	-	-	a-s---ma-	-	ὕστερος
0014	005	20	-	103036611	-	ἐλθόντα	-	-	-	v-sapama-	-	ἔρχομαι
0014	005	20	-	103036612	-	τὴν	-	-	-	l-s---fa-	-	ὁ
0014	005	20	-	103036613	-	δόξαν	-	-	-	n-s---fa-	-	δόξα
0014	005	20	-	103036614	-	ἔχειν	-	-	-	v--pna---	-	ἔχω
0014	005	20	-	103036615	-	·	-	-	-	u--------	-	·
0014	005	21	-	103036616	-	νυνὶ	-	-	-	d--------	-	νυνί
0014	005	21	-	103036617	-	γὰρ	-	-	-	g--------	-	γάρ
0014	005	21	-	103036618	-	Θηβαίοις	-	-	-	a-p---md-	-	Θηβαῖος
0014	005	21	-	103036619	-	πρὸς	-	-	-	r--------	-	πρός
0014	005	21	-	103036620	-	μὲν	-	-	-	g--------	-	μέν
0014	005	21	-	103036621	-	τὸ	-	-	-	l-s---na-	-	ὁ
0014	005	21	-	103036622	-	τὴν	-	-	-	l-s---fa-	-	ὁ
0014	005	21	-	103036623	-	χώραν	-	-	-	n-s---fa-	-	χώρα
0014	005	21	-	103036624	-	κεκομίσθαι	-	-	-	v--rnm---	-	κομίζω
0014	005	21	-	103036625	-	πέπρακταί	-	-	-	v3srim---	-	πράσσω
0014	005	21	-	103036626	-	τι	-	-	-	p-s---nn-	-	τις
0014	005	21	-	103036627	-	,	-	-	-	u--------	-	,
0014	005	21	-	103036628	-	πρὸς	-	-	-	r--------	-	πρός
0014	005	21	-	103036629	-	δὲ	-	-	-	c--------	-	δέ
0014	005	21	-	103036630	-	τιμὴν	-	-	-	n-s---fa-	-	τιμή
0014	005	21	-	103036631	-	καὶ	-	-	-	c--------	-	καί
0014	005	21	-	103036632	-	δόξαν	-	-	-	n-s---fa-	-	δόξα
0014	005	21	-	103036633	-	αἴσχιστα	-	-	-	a-p---nns	-	αἰσχρός
0014	005	21	-	103036634	-	·	-	-	-	u--------	-	·
0014	005	21	-	103036635	-	εἰ	-	-	-	c--------	-	εἰ
0014	005	21	-	103036636	-	γὰρ	-	-	-	g--------	-	γάρ
0014	005	21	-	103036637	-	μὴ	-	-	-	d--------	-	μή
0014	005	21	-	103036638	-	παρῆλθε	-	-	-	v3saia---	-	παρέρχομαι
0014	005	21	-	103036639	-	Φίλιππος	-	-	-	n-s---mn-	-	Φίλιππος
0014	005	21	-	103036640	-	,	-	-	-	u--------	-	,
0014	005	21	-	103036641	-	οὐδὲν	-	-	-	p-s---na-	-	οὐδείς
0014	005	21	-	103036642	-	ἂν	-	-	-	g--------	-	ἄν
0014	005	21	-	103036643	-	αὐτοῖς	-	-	-	p-p---md-	-	αὐτός
0014	005	21	-	103036644	-	κέρδος	-	-	-	n-s---na-	-	κέρδος
0014	005	21	-	103036645	-	εἶναι	-	-	-	v--pna---	-	εἰμί
0014	005	21	-	103036646	-	.	-	-	-	u--------	-	.
0014	005	21	-	103036647	-	ταῦτα	-	-	-	p-p---na-	-	οὗτος
0014	005	21	-	103036648	-	δ’	-	-	-	c--------	-	δέ
0014	005	21	-	103036649	-	οὐκ	-	-	-	d--------	-	οὐ
0014	005	21	-	103036650	-	ἐβούλοντο	-	-	-	v3piim---	-	βούλομαι
0014	005	21	-	103036651	-	,	-	-	-	u--------	-	,
0014	005	21	-	103036652	-	ἀλλὰ	-	-	-	c--------	-	ἀλλά
0014	005	21	-	103036653	-	τῷ	-	-	-	l-s---nd-	-	ὁ
0014	005	21	-	103036654	-	τὸν	-	-	-	l-s---ma-	-	ὁ
0014	005	21	-	103036655	-	Ὀρχομενὸν	-	-	-	n-s---ma-	-	Ὀρχομενός
0014	005	21	-	103036656	-	καὶ	-	-	-	c--------	-	καί
0014	005	21	-	103036657	-	τὴν	-	-	-	l-s---fa-	-	ὁ
0014	005	21	-	103036658	-	Κορώνειαν	-	-	-	n-s---fa-	-	Κορώνεια
0014	005	21	-	103036659	-	λαβεῖν	-	-	-	v--ana---	-	λαμβάνω
0014	005	21	-	103036660	-	ἐπιθυμεῖν	-	-	-	v--pna---	-	ἐπιθυμέω
0014	005	21	-	103036661	-	,	-	-	-	u--------	-	,
0014	005	21	-	103036662	-	μὴ	-	-	-	d--------	-	μή
0014	005	21	-	103036663	-	δύνασθαι	-	-	-	v--pnm---	-	δύναμαι
0014	005	21	-	103036664	-	δέ	-	-	-	c--------	-	δέ
0014	005	21	-	103036665	-	,	-	-	-	u--------	-	,
0014	005	21	-	103036666	-	πάντα	-	-	-	p-p---na-	-	πᾶς
0014	005	21	-	103036667	-	ταῦθ’	-	-	-	p-p---na-	-	οὗτος
0014	005	21	-	103036668	-	ὑπέμειναν	-	-	-	v3paia---	-	ὑπομένω
0014	005	21	-	103036669	-	.	-	-	-	u--------	-	.
0014	005	22	-	103036670	-	Φίλιππον	-	-	-	n-s---ma-	-	Φίλιππος
0014	005	22	-	103036671	-	τοίνυν	-	-	-	g--------	-	τοίνυν
0014	005	22	-	103036672	-	τινὲς	-	-	-	p-p---cn-	-	τις
0014	005	22	-	103036673	-	μὲν	-	-	-	g--------	-	μέν
0014	005	22	-	103036674	-	δήπου	-	-	-	g--------	-	δήπου
0014	005	22	-	103036675	-	τολμῶσι	-	-	-	v3ppia---	-	τολμάω
0014	005	22	-	103036676	-	λέγειν	-	-	-	v--pna---	-	λέγω
0014	005	22	-	103036677	-	ὡς	-	-	-	c--------	-	ὡς
0014	005	22	-	103036678	-	οὐ	-	-	-	d--------	-	οὐ
0014	005	22	-	103036679	-	-δ’	-	-	-	c--------	-	δέ
0014	005	22	-	103036680	-	ἐβούλετο	-	-	-	v3siim---	-	βούλομαι
0014	005	22	-	103036681	-	Θηβαίοις	-	-	-	a-p---md-	-	Θηβαῖος
0014	005	22	-	103036682	-	Ὀρχομενὸν	-	-	-	n-s---ma-	-	Ὀρχομενός
0014	005	22	-	103036683	-	καὶ	-	-	-	c--------	-	καί
0014	005	22	-	103036684	-	Κορώνειαν	-	-	-	n-s---fa-	-	Κορώνεια
0014	005	22	-	103036685	-	παραδοῦναι	-	-	-	v--ana---	-	παραδίδωμι
0014	005	22	-	103036686	-	,	-	-	-	u--------	-	,
0014	005	22	-	103036687	-	ἀλλ’	-	-	-	c--------	-	ἀλλά
0014	005	22	-	103036688	-	ἠναγκάσθη	-	-	-	v3saip---	-	ἀναγκάζω
0014	005	22	-	103036689	-	·	-	-	-	u--------	-	·
0014	005	22	-	103036690	-	ἐγὼ	-	-	-	p-s---cn-	-	ἐγώ
0014	005	22	-	103036691	-	δὲ	-	-	-	c--------	-	δέ
0014	005	22	-	103036692	-	τούτοις	-	-	-	p-p---nd-	-	οὗτος
0014	005	22	-	103036693	-	μὲν	-	-	-	g--------	-	μέν
0014	005	22	-	103036694	-	ἐρρῶσθαι	-	-	-	v--rnm---	-	ῥώννυμι
0014	005	22	-	103036695	-	λέγω	-	-	-	v1spia---	-	λέγω
0014	005	22	-	103036696	-	,	-	-	-	u--------	-	,
0014	005	22	-	103036697	-	ἐκεῖνο	-	-	-	p-s---na-	-	ἐκεῖνος
0014	005	22	-	103036698	-	δ’	-	-	-	c--------	-	δέ
0014	005	22	-	103036699	-	οἶδ’	-	-	-	v1sria---	-	οἶδα
0014	005	22	-	103036700	-	,	-	-	-	u--------	-	,
0014	005	22	-	103036701	-	ὅτι	-	-	-	c--------	-	ὅτι
0014	005	22	-	103036702	-	οὐ	-	-	-	d--------	-	οὐ
0014	005	22	-	103036703	-	μᾶλλόν	-	-	-	d-------c	-	μάλα
0014	005	22	-	103036704	-	γε	-	-	-	g--------	-	γε
0014	005	22	-	103036705	-	ταῦτ’	-	-	-	p-p---nn-	-	οὗτος
0014	005	22	-	103036706	-	ἔμελ’	-	-	-	v3siia---	-	μέλω
0014	005	22	-	103036707	-	αὐτῷ	-	-	-	p-s---md-	-	αὐτός
0014	005	22	-	103036708	-	ἢ	-	-	-	c--------	-	ἤ
0014	005	22	-	103036709	-	τὰς	-	-	-	l-p---fa-	-	ὁ
0014	005	22	-	103036710	-	παρόδους	-	-	-	n-p---fa-	-	πάροδος
0014	005	22	-	103036711	-	λαβεῖν	-	-	-	v--ana---	-	λαμβάνω
0014	005	22	-	103036712	-	ἐβούλετο	-	-	-	v3siim---	-	βούλομαι
0014	005	22	-	103036713	-	καὶ	-	-	-	c--------	-	καί
0014	005	22	-	103036714	-	τὴν	-	-	-	l-s---fa-	-	ὁ
0014	005	22	-	103036715	-	δόξαν	-	-	-	n-s---fa-	-	δόξα
0014	005	22	-	103036716	-	τοῦ	-	-	-	l-s---mg-	-	ὁ
0014	005	22	-	103036717	-	πολέμου	-	-	-	n-s---mg-	-	πόλεμος
0014	005	22	-	103036718	-	τοῦ	-	-	-	l-s---ng-	-	ὁ
0014	005	22	-	103036719	-	δοκεῖν	-	-	-	v--pna---	-	δοκέω
0014	005	22	-	103036720	-	δι’	-	-	-	r--------	-	διά
0014	005	22	-	103036721	-	αὑτὸν	-	-	-	p-s---ma-	-	ἑαυτοῦ
0014	005	22	-	103036722	-	κρίσιν	-	-	-	n-s---fa-	-	κρίσις
0014	005	22	-	103036723	-	εἰληφέναι	-	-	-	v--rna---	-	λαμβάνω
0014	005	22	-	103036724	-	,	-	-	-	u--------	-	,
0014	005	22	-	103036725	-	καὶ	-	-	-	c--------	-	καί
0014	005	22	-	103036726	-	τὰ	-	-	-	l-p---na-	-	ὁ
0014	005	22	-	103036727	-	Πύθια	-	-	-	n-p---na-	-	Πύθια
0014	005	22	-	103036728	-	θεῖναι	-	-	-	v--ana---	-	τίθημι
0014	005	22	-	103036729	-	δι’	-	-	-	r--------	-	διά
0014	005	22	-	103036730	-	αὑτοῦ	-	-	-	p-s---mg-	-	ἑαυτοῦ
0014	005	22	-	103036731	-	,	-	-	-	u--------	-	,
0014	005	22	-	103036732	-	καὶ	-	-	-	c--------	-	καί
0014	005	22	-	103036733	-	ταῦτ’	-	-	-	p-p---nn-	-	οὗτος
0014	005	22	-	103036734	-	ἦν	-	-	-	v3siia---	-	εἰμί
0014	005	22	-	103036735	-	ὧν	-	-	-	p-p---ng-	-	ὅς
0014	005	22	-	103036736	-	μάλιστ’	-	-	-	d-------s	-	μάλα
0014	005	22	-	103036737	-	ἐγλίχετο	-	-	-	v3siim---	-	γλίχομαι
0014	005	22	-	103036738	-	.	-	-	-	u--------	-	.
0014	005	23	-	103036739	-	Θετταλοὶ	-	-	-	a-p---mn-	-	Θεσσαλός
0014	005	23	-	103036740	-	δέ	-	-	-	c--------	-	δέ
0014	005	23	-	103036741	-	γ’	-	-	-	g--------	-	γε
0014	005	23	-	103036742	-	οὐδέτερ’	-	-	-	a-p---na-	-	οὐδέτερος
0014	005	23	-	103036743	-	ἐβούλοντο	-	-	-	v3piim---	-	βούλομαι
0014	005	23	-	103036744	-	τούτων	-	-	-	p-p---ng-	-	οὗτος
0014	005	23	-	103036745	-	,	-	-	-	u--------	-	,
0014	005	23	-	103036746	-	οὔ	-	-	-	d--------	-	οὐ
0014	005	23	-	103036747	-	-τε	-	-	-	c--------	-	τε
0014	005	23	-	103036748	-	Θηβαίους	-	-	-	a-p---ma-	-	Θηβαῖος
0014	005	23	-	103036749	-	οὔ	-	-	-	d--------	-	οὐ
0014	005	23	-	103036750	-	-τε	-	-	-	c--------	-	τε
0014	005	23	-	103036751	-	τὸν	-	-	-	l-s---ma-	-	ὁ
0014	005	23	-	103036752	-	Φίλιππον	-	-	-	n-s---ma-	-	Φίλιππος
0014	005	23	-	103036753	-	μέγαν	-	-	-	a-s---ma-	-	μέγας
0014	005	23	-	103036754	-	γίγνεσθαι	-	-	-	v--pnm---	-	γίγνομαι
0014	005	23	-	103036755	-	(	-	-	-	u--------	-	(
0014	005	23	-	103036756	-	ταῦτα	-	-	-	p-p---na-	-	οὗτος
0014	005	23	-	103036757	-	γὰρ	-	-	-	g--------	-	γάρ
0014	005	23	-	103036758	-	πάντ’	-	-	-	p-p---na-	-	πᾶς
0014	005	23	-	103036759	-	ἐφ’	-	-	-	r--------	-	ἐπί
0014	005	23	-	103036760	-	ἑαυτοὺς	-	-	-	p-p---ma-	-	ἑαυτοῦ
0014	005	23	-	103036761	-	ἡγοῦντο	-	-	-	v3piim---	-	ἡγέομαι
0014	005	23	-	103036762	-	)	-	-	-	u--------	-	)
0014	005	23	-	103036763	-	,	-	-	-	u--------	-	,
0014	005	23	-	103036764	-	τῆς	-	-	-	l-s---fg-	-	ὁ
0014	005	23	-	103036765	-	πυλαίας	-	-	-	a-s---fg-	-	πυλαῖος
0014	005	23	-	103036766	-	δ’	-	-	-	c--------	-	δέ
0014	005	23	-	103036767	-	ἐπεθύμουν	-	-	-	v3piia---	-	ἐπιθυμέω
0014	005	23	-	103036768	-	καὶ	-	-	-	c--------	-	καί
0014	005	23	-	103036769	-	τῶν	-	-	-	l-p---ng-	-	ὁ
0014	005	23	-	103036770	-	ἐν	-	-	-	r--------	-	ἐν
0014	005	23	-	103036771	-	Δελφοῖς	-	-	-	n-p---md-	-	Δελφοί
0014	005	23	-	103036772	-	,	-	-	-	u--------	-	,
0014	005	23	-	103036773	-	πλεονεκτημάτων	-	-	-	n-p---ng-	-	πλεονέκτημα
0014	005	23	-	103036774	-	δυοῖν	-	-	-	m-d----g-	-	δύο
0014	005	23	-	103036775	-	,	-	-	-	u--------	-	,
0014	005	23	-	103036776	-	κύριοι	-	-	-	a-p---mn-	-	κύριος
0014	005	23	-	103036777	-	γενέσθαι	-	-	-	v--anm---	-	γίγνομαι
0014	005	23	-	103036778	-	·	-	-	-	u--------	-	·
0014	005	23	-	103036779	-	τῷ	-	-	-	l-s---md-	-	ὁ
0014	005	23	-	103036780	-	δὲ	-	-	-	c--------	-	δέ
0014	005	23	-	103036781	-	τούτων	-	-	-	p-p---ng-	-	οὗτος
0014	005	23	-	103036782	-	γλίχεσθαι	-	-	-	v--pnm---	-	γλίχομαι
0014	005	23	-	103036783	-	τάδε	-	-	-	p-p---na-	-	ὅδε
0014	005	23	-	103036784	-	συγκατέπραξαν	-	-	-	v3paia---	-	συγκαταπράσσω
0014	005	23	-	103036785	-	.	-	-	-	u--------	-	.
0014	005	23	-	103036786	-	τῶν	-	-	-	l-p---ng-	-	ὁ
0014	005	23	-	103036787	-	τοίνυν	-	-	-	g--------	-	τοίνυν
0014	005	23	-	103036788	-	ἰδίων	-	-	-	a-p---ng-	-	ἴδιος
0014	005	23	-	103036789	-	ἕνεχ’	-	-	-	r--------	-	ἕνεκα
0014	005	23	-	103036790	-	εὑρήσεθ’	-	-	-	v2pfia---	-	εὑρίσκω
0014	005	23	-	103036791	-	ἕκαστον	-	-	-	p-s---ma-	-	ἕκαστος
0014	005	23	-	103036792	-	πολλὰ	-	-	-	a-p---na-	-	πολύς
0014	005	23	-	103036793	-	προηγμένον	-	-	-	v-srpmma-	-	προάγω
0014	005	23	-	103036794	-	ὧν	-	-	-	p-p---ng-	-	ὅς
0014	005	23	-	103036795	-	οὐδὲν	-	-	-	p-s---na-	-	οὐδείς
0014	005	23	-	103036796	-	ἐβούλετο	-	-	-	v3siim---	-	βούλομαι
0014	005	23	-	103036797	-	πρᾶξαι	-	-	-	v--ana---	-	πράσσω
0014	005	23	-	103036798	-	.	-	-	-	u--------	-	.
0014	005	23	-	103036799	-	τοῦτο	-	-	-	p-s---nn-	-	οὗτος
0014	005	23	-	103036800	-	μέντοι	-	-	-	g--------	-	μέντοι
0014	005	23	-	103036801	-	,	-	-	-	u--------	-	,
0014	005	23	-	103036802	-	τοῦτ’	-	-	-	p-s---nn-	-	οὗτος
0014	005	23	-	103036803	-	ἔστιν	-	-	-	v3spia---	-	εἰμί
0014	005	23	-	103036804	-	φυλακτέον	-	-	-	a-s---nn-	-	φυλάσσω
0014	005	23	-	103036805	-	ἡμῖν	-	-	-	p-p---cd-	-	ἐγώ
0014	005	23	-	103036806	-	.	-	-	-	u--------	-	.
0014	005	24	-	103036807	-	τὰ	-	-	-	l-p---na-	-	ὁ
0014	005	24	-	103036808	-	κελευόμεν’	-	-	-	v-pppmna-	-	κελεύω
0014	005	24	-	103036809	-	ἡμᾶς	-	-	-	p-p---ca-	-	ἐγώ
0014	005	24	-	103036810	-	ἄρα	-	-	-	g--------	-	ἄρα
0014	005	24	-	103036811	-	δεῖ	-	-	-	v3spia---	-	δέω
0014	005	24	-	103036812	-	ποιεῖν	-	-	-	v--pna---	-	ποιέω
0014	005	24	-	103036813	-	ταῦτα	-	-	-	p-p---na-	-	οὗτος
0014	005	24	-	103036814	-	φοβουμένους	-	-	-	v-pppmma-	-	φοβέω
0014	005	24	-	103036815	-	;	-	-	-	u--------	-	;
0014	005	24	-	103036816	-	καὶ	-	-	-	c--------	-	καί
0014	005	24	-	103036817	-	σὺ	-	-	-	p-s---cn-	-	σύ
0014	005	24	-	103036818	-	ταῦτα	-	-	-	p-p---na-	-	οὗτος
0014	005	24	-	103036819	-	κελεύεις	-	-	-	v2spia---	-	κελεύω
0014	005	24	-	103036820	-	;	-	-	-	u--------	-	;
0014	005	24	-	103036821	-	πολλοῦ	-	-	-	a-s---ng-	-	πολύς
0014	005	24	-	103036822	-	γε	-	-	-	g--------	-	γε
0014	005	24	-	103036823	-	καὶ	-	-	-	c--------	-	καί
0014	005	24	-	103036824	-	δέω	-	-	-	v1spia---	-	δέω
0014	005	24	-	103036825	-	.	-	-	-	u--------	-	.
0014	005	24	-	103036826	-	ἀλλ’	-	-	-	c--------	-	ἀλλά
0014	005	24	-	103036827	-	ὡς	-	-	-	c--------	-	ὡς
0014	005	24	-	103036828	-	οὔ	-	-	-	d--------	-	οὐ
0014	005	24	-	103036829	-	-τε	-	-	-	c--------	-	τε
0014	005	24	-	103036830	-	πράξομεν	-	-	-	v1pfia---	-	πράσσω
0014	005	24	-	103036831	-	οὐδὲν	-	-	-	p-s---na-	-	οὐδείς
0014	005	24	-	103036832	-	ἀνάξιον	-	-	-	a-s---na-	-	ἀνάξιος
0014	005	24	-	103036833	-	ἡμῶν	-	-	-	p-p---cg-	-	ἐγώ
0014	005	24	-	103036834	-	αὐτῶν	-	-	-	p-p---mg-	-	αὐτός
0014	005	24	-	103036835	-	οὔ	-	-	-	d--------	-	οὐ
0014	005	24	-	103036836	-	-τ’	-	-	-	c--------	-	τε
0014	005	24	-	103036837	-	ἔσται	-	-	-	v3sfim---	-	εἰμί
0014	005	24	-	103036838	-	πόλεμος	-	-	-	n-s---mn-	-	πόλεμος
0014	005	24	-	103036839	-	,	-	-	-	u--------	-	,
0014	005	24	-	103036840	-	νοῦν	-	-	-	n-s---ma-	-	νόος
0014	005	24	-	103036841	-	δὲ	-	-	-	c--------	-	δέ
0014	005	24	-	103036842	-	δόξομεν	-	-	-	v1pfia---	-	δοκέω
0014	005	24	-	103036843	-	πᾶσιν	-	-	-	p-p---md-	-	πᾶς
0014	005	24	-	103036844	-	ἔχειν	-	-	-	v--pna---	-	ἔχω
0014	005	24	-	103036845	-	καὶ	-	-	-	c--------	-	καί
0014	005	24	-	103036846	-	τὰ	-	-	-	l-p---na-	-	ὁ
0014	005	24	-	103036847	-	δίκαια	-	-	-	a-p---na-	-	δίκαιος
0014	005	24	-	103036848	-	λέγειν	-	-	-	v--pna---	-	λέγω
0014	005	24	-	103036849	-	,	-	-	-	u--------	-	,
0014	005	24	-	103036850	-	τοῦτ’	-	-	-	p-s---na-	-	οὗτος
0014	005	24	-	103036851	-	οἶμαι	-	-	-	v1spim---	-	οἴομαι
0014	005	24	-	103036852	-	δεῖν	-	-	-	v--pna---	-	δέω
0014	005	24	-	103036853	-	ποιεῖν	-	-	-	v--pna---	-	ποιέω
0014	005	24	-	103036854	-	.	-	-	-	u--------	-	.
0014	005	24	-	103036855	-	πρὸς	-	-	-	r--------	-	πρός
0014	005	24	-	103036856	-	δὲ	-	-	-	c--------	-	δέ
0014	005	24	-	103036857	-	τοὺς	-	-	-	l-p---ma-	-	ὁ
0014	005	24	-	103036858	-	θρασέως	-	-	-	d--------	-	θρασύς
0014	005	24	-	103036859	-	ὁτιοῦν	-	-	-	p-s---na-	-	ὁστισοῦν
0014	005	24	-	103036860	-	οἰομένους	-	-	-	v-pppmma-	-	οἴομαι
0014	005	24	-	103036861	-	ὑπομεῖναι	-	-	-	v--ana---	-	ὑπομένω
0014	005	24	-	103036862	-	δεῖν	-	-	-	v--pna---	-	δέω
0014	005	24	-	103036863	-	καὶ	-	-	-	c--------	-	καί
0014	005	24	-	103036864	-	μὴ	-	-	-	d--------	-	μή
0014	005	24	-	103036865	-	προορωμένους	-	-	-	v-pppmma-	-	προοράω
0014	005	24	-	103036866	-	τὸν	-	-	-	l-s---ma-	-	ὁ
0014	005	24	-	103036867	-	πόλεμον	-	-	-	n-s---ma-	-	πόλεμος
0014	005	24	-	103036868	-	,	-	-	-	u--------	-	,
0014	005	24	-	103036869	-	ἐκεῖνα	-	-	-	p-p---na-	-	ἐκεῖνος
0014	005	24	-	103036870	-	βούλομαι	-	-	-	v1spim---	-	βούλομαι
0014	005	24	-	103036871	-	λογίσασθαι	-	-	-	v--anm---	-	λογίζομαι
0014	005	24	-	103036872	-	.	-	-	-	u--------	-	.
0014	005	24	-	103036873	-	ἡμεῖς	-	-	-	p-p---cn-	-	ἐγώ
0014	005	24	-	103036874	-	Θηβαίους	-	-	-	a-p---ma-	-	Θηβαῖος
0014	005	24	-	103036875	-	ἐῶμεν	-	-	-	v1ppsa---	-	ἐάω
0014	005	24	-	103036876	-	ἔχειν	-	-	-	v--pna---	-	ἔχω
0014	005	24	-	103036877	-	Ὠρωπόν	-	-	-	n-s---ma-	-	Ὠρωπός
0014	005	24	-	103036878	-	·	-	-	-	u--------	-	·
0014	005	24	-	103036879	-	καὶ	-	-	-	c--------	-	καί
0014	005	24	-	103036880	-	εἴ	-	-	-	c--------	-	εἰ
0014	005	24	-	103036881	-	τις	-	-	-	p-s---cn-	-	τις
0014	005	24	-	103036882	-	ἔροιθ’	-	-	-	v3saom---	-	ἔρομαι
0014	005	24	-	103036883	-	ἡμᾶς	-	-	-	p-p---ca-	-	ἐγώ
0014	005	24	-	103036884	-	,	-	-	-	u--------	-	,
0014	005	24	-	103036885	-	κελεύσας	-	-	-	v-sapamn-	-	κελεύω
0014	005	24	-	103036886	-	εἰπεῖν	-	-	-	v--ana---	-	λέγω
0014	005	24	-	103036887	-	τα-	-	-	-	l-p---na-	-	ὁ
0014	005	24	-	103036888	-	τἀληθῆ	-	-	-	a-p---na-	-	ἀληθής
0014	005	24	-	103036889	-	,	-	-	-	u--------	-	,
0014	005	24	-	103036890	-	διὰ	-	-	-	r--------	-	διά
0014	005	24	-	103036891	-	τί	-	-	-	p-s---na-	-	τίς
0014	005	24	-	103036892	-	;	-	-	-	u--------	-	;
0014	005	24	-	103036893	-	ἵνα	-	-	-	c--------	-	ἵνα
0014	005	24	-	103036894	-	μὴ	-	-	-	d--------	-	μή
0014	005	24	-	103036895	-	πολεμῶμεν	-	-	-	v1ppsa---	-	πολεμέω
0014	005	24	-	103036896	-	,	-	-	-	u--------	-	,
0014	005	24	-	103036897	-	φαῖμεν	-	-	-	v1ppoa---	-	φημί
0014	005	24	-	103036898	-	ἄν	-	-	-	g--------	-	ἄν
0014	005	24	-	103036899	-	.	-	-	-	u--------	-	.
0014	005	25	-	103036900	-	καὶ	-	-	-	c--------	-	καί
0014	005	25	-	103036901	-	Φιλίππῳ	-	-	-	n-s---md-	-	Φίλιππος
0014	005	25	-	103036902	-	νυνὶ	-	-	-	d--------	-	νυνί
0014	005	25	-	103036903	-	κατὰ	-	-	-	r--------	-	κατά
0014	005	25	-	103036904	-	τὰς	-	-	-	l-p---fa-	-	ὁ
0014	005	25	-	103036905	-	συνθήκας	-	-	-	n-p---fa-	-	συνθήκη
0014	005	25	-	103036906	-	Ἀμφιπόλεως	-	-	-	n-s---fg-	-	Ἀμφίπολις
0014	005	25	-	103036907	-	παρακεχωρήκαμεν	-	-	-	v1pria---	-	παραχωρέω
0014	005	25	-	103036908	-	,	-	-	-	u--------	-	,
0014	005	25	-	103036909	-	καὶ	-	-	-	c--------	-	καί
0014	005	25	-	103036910	-	Καρδιανοὺς	-	-	-	n-p---ma-	-	Καρδιανός
0014	005	25	-	103036911	-	ἐῶμεν	-	-	-	v1ppsa---	-	ἐάω
0014	005	25	-	103036912	-	ἔξω	-	-	-	d--------	-	ἔξω
0014	005	25	-	103036913	-	Χερρονησιτῶν	-	-	-	n-p---mg-	-	Χερσονησίτης
0014	005	25	-	103036914	-	τῶν	-	-	-	l-p---mg-	-	ὁ
0014	005	25	-	103036915	-	ἄλλων	-	-	-	p-p---mg-	-	ἄλλος
0014	005	25	-	103036916	-	τετάχθαι	-	-	-	v--rnm---	-	τάσσω
0014	005	25	-	103036917	-	,	-	-	-	u--------	-	,
0014	005	25	-	103036918	-	καὶ	-	-	-	c--------	-	καί
0014	005	25	-	103036919	-	τὸν	-	-	-	l-s---ma-	-	ὁ
0014	005	25	-	103036920	-	Κᾶρα	-	-	-	n-s---ma-	-	Κάρ
0014	005	25	-	103036921	-	τὰς	-	-	-	l-p---fa-	-	ὁ
0014	005	25	-	103036922	-	νήσους	-	-	-	n-p---fa-	-	νῆσος
0014	005	25	-	103036923	-	καταλαμβάνειν	-	-	-	v--pna---	-	καταλαμβάνω
0014	005	25	-	103036924	-	,	-	-	-	u--------	-	,
0014	005	25	-	103036925	-	Χίον	-	-	-	n-s---fa-	-	Χίος
0014	005	25	-	103036926	-	καὶ	-	-	-	c--------	-	καί
0014	005	25	-	103036927	-	Κῶν	-	-	-	n-s---fa-	-	Κῶς
0014	005	25	-	103036928	-	καὶ	-	-	-	c--------	-	καί
0014	005	25	-	103036929	-	Ῥόδον	-	-	-	n-s---fa-	-	Ῥόδος
0014	005	25	-	103036930	-	,	-	-	-	u--------	-	,
0014	005	25	-	103036931	-	καὶ	-	-	-	c--------	-	καί
0014	005	25	-	103036932	-	Βυζαντίους	-	-	-	a-p---ma-	-	Βυζάντιος
0014	005	25	-	103036933	-	κατάγειν	-	-	-	v--pna---	-	κατάγω
0014	005	25	-	103036934	-	τὰ	-	-	-	l-p---na-	-	ὁ
0014	005	25	-	103036935	-	πλοῖα	-	-	-	n-p---na-	-	πλοῖον
0014	005	25	-	103036936	-	,	-	-	-	u--------	-	,
0014	005	25	-	103036937	-	δῆλον	-	-	-	a-s---nn-	-	δῆλος
0014	005	25	-	103036938	-	ὅτι	-	-	-	c--------	-	ὅτι
0014	005	25	-	103036939	-	τὴν	-	-	-	l-s---fa-	-	ὁ
0014	005	25	-	103036940	-	ἀπὸ	-	-	-	r--------	-	ἀπό
0014	005	25	-	103036941	-	τῆς	-	-	-	l-s---fg-	-	ὁ
0014	005	25	-	103036942	-	εἰρήνης	-	-	-	n-s---fg-	-	εἰρήνη
0014	005	25	-	103036943	-	ἡσυχίαν	-	-	-	n-s---fa-	-	ἡσυχία
0014	005	25	-	103036944	-	πλειόνων	-	-	-	a-p---ngc	-	πολύς
0014	005	25	-	103036945	-	ἀγαθῶν	-	-	-	a-p---ng-	-	ἀγαθός
0014	005	25	-	103036946	-	αἰτίαν	-	-	-	n-s---fa-	-	αἰτία
0014	005	25	-	103036947	-	εἶναι	-	-	-	v--pna---	-	εἰμί
0014	005	25	-	103036948	-	νομίζοντες	-	-	-	v-pppamn-	-	νομίζω
0014	005	25	-	103036949	-	ἢ	-	-	-	c--------	-	ἤ
0014	005	25	-	103036950	-	τὸ	-	-	-	l-s---na-	-	ὁ
0014	005	25	-	103036951	-	προσκρούειν	-	-	-	v--pna---	-	προσκρούω
0014	005	25	-	103036952	-	καὶ	-	-	-	c--------	-	καί
0014	005	25	-	103036953	-	φιλονικεῖν	-	-	-	v--pna---	-	φιλονεικέω
0014	005	25	-	103036954	-	περὶ	-	-	-	r--------	-	περί
0014	005	25	-	103036955	-	τούτων	-	-	-	p-p---ng-	-	οὗτος
0014	005	25	-	103036956	-	.	-	-	-	u--------	-	.
0014	005	25	-	103036957	-	οὐκοῦν	-	-	-	g--------	-	οὐκοῦν
0014	005	25	-	103036958	-	εὔηθες	-	-	-	a-s---nn-	-	εὐήθης
0014	005	25	-	103036959	-	καὶ	-	-	-	c--------	-	καί
0014	005	25	-	103036960	-	κομιδῇ	-	-	-	d--------	-	κομιδῇ
0014	005	25	-	103036961	-	σχέτλιον	-	-	-	a-s---nn-	-	σχέτλιος
0014	005	25	-	103036962	-	,	-	-	-	u--------	-	,
0014	005	25	-	103036963	-	πρὸς	-	-	-	r--------	-	πρός
0014	005	25	-	103036964	-	ἑκάστους	-	-	-	p-p---ma-	-	ἕκαστος
0014	005	25	-	103036965	-	καθ’	-	-	-	r--------	-	κατά
0014	005	25	-	103036966	-	ἕν’	-	-	-	m-s---ma-	-	εἷς
0014	005	25	-	103036967	-	οὕτω	-	-	-	d--------	-	οὕτως
0014	005	25	-	103036968	-	προσενηνεγμένους	-	-	-	v-prpmma-	-	προσφέρω
0014	005	25	-	103036969	-	περὶ	-	-	-	r--------	-	περί
0014	005	25	-	103036970	-	τῶν	-	-	-	l-p---ng-	-	ὁ
0014	005	25	-	103036971	-	οἰκείων	-	-	-	a-p---ng-	-	οἰκεῖος
0014	005	25	-	103036972	-	καὶ	-	-	-	c--------	-	καί
0014	005	25	-	103036973	-	ἀναγκαιοτάτων	-	-	-	a-p---ngs	-	ἀναγκαῖος
0014	005	25	-	103036974	-	,	-	-	-	u--------	-	,
0014	005	25	-	103036975	-	πρὸς	-	-	-	r--------	-	πρός
0014	005	25	-	103036976	-	πάντας	-	-	-	p-p---ma-	-	πᾶς
0014	005	25	-	103036977	-	περὶ	-	-	-	r--------	-	περί
0014	005	25	-	103036978	-	τῆς	-	-	-	l-s---fg-	-	ὁ
0014	005	25	-	103036979	-	ἐν	-	-	-	r--------	-	ἐν
0014	005	25	-	103036980	-	Δελφοῖς	-	-	-	n-p---md-	-	Δελφοί
0014	005	25	-	103036981	-	σκιᾶς	-	-	-	n-s---fg-	-	σκιά
0014	005	25	-	103036982	-	νυνὶ	-	-	-	d--------	-	νυνί
0014	005	25	-	103036983	-	πολεμῆσαι	-	-	-	v--ana---	-	πολεμέω
0014	005	25	-	103036984	-	.	-	-	-	u--------	-	.
