0010	008	1	-	100678121	-	εἰ	-	-	-	c--------	-	εἰ
0010	008	1	-	100678122	-	πάντες	-	-	-	p-p---mn-	-	πᾶς
0010	008	1	-	100678123	-	ἤθελον	-	-	-	v3piia---	-	ἐθέλω
0010	008	1	-	100678124	-	οἱ	-	-	-	l-p---mn-	-	ὁ
0010	008	1	-	100678125	-	παιδεύειν	-	-	-	v--pna---	-	παιδεύω
0010	008	1	-	100678126	-	ἐπιχειροῦντες	-	-	-	v-pppamn-	-	ἐπιχειρέω
0010	008	1	-	100678127	-	ἀληθῆ	-	-	-	a-p---na-	-	ἀληθής
0010	008	1	-	100678128	-	λέγειν	-	-	-	v--pna---	-	λέγω
0010	008	1	-	100678129	-	,	-	-	-	u--------	-	,
0010	008	1	-	100678130	-	καὶ	-	-	-	c--------	-	καί
0010	008	1	-	100678131	-	μὴ	-	-	-	d--------	-	μή
0010	008	1	-	100678132	-	μείζους	-	-	-	a-p---fac	-	μέγας
0010	008	1	-	100678133	-	ποιεῖσθαι	-	-	-	v--pnm---	-	ποιέω
0010	008	1	-	100678134	-	τὰς	-	-	-	l-p---fa-	-	ὁ
0010	008	1	-	100678135	-	ὑποσχέσεις	-	-	-	n-p---fa-	-	ὑπόσχεσις
0010	008	1	-	100678136	-	ὧν	-	-	-	p-p---ng-	-	ὅς
0010	008	1	-	100678137	-	ἔμελλον	-	-	-	v3piia---	-	μέλλω
0010	008	1	-	100678138	-	ἐπιτελεῖν	-	-	-	v--pna---	-	ἐπιτελέω
0010	008	1	-	100678139	-	,	-	-	-	u--------	-	,
0010	008	1	-	100678140	-	οὐκ	-	-	-	d--------	-	οὐ
0010	008	1	-	100678141	-	ἂν	-	-	-	g--------	-	ἄν
0010	008	1	-	100678142	-	κακῶς	-	-	-	d--------	-	κακός
0010	008	1	-	100678143	-	ἤκουον	-	-	-	v3piia---	-	ἀκούω
0010	008	1	-	100678144	-	ὑπὸ	-	-	-	r--------	-	ὑπό
0010	008	1	-	100678145	-	τῶν	-	-	-	l-p---mg-	-	ὁ
0010	008	1	-	100678146	-	ἰδιωτῶν	-	-	-	n-p---mg-	-	ἰδιώτης
0010	008	1	-	100678147	-	·	-	-	-	u--------	-	·
0010	008	1	-	100678148	-	νῦν	-	-	-	d--------	-	νῦν
0010	008	1	-	100678149	-	δ’	-	-	-	c--------	-	δέ
0010	008	1	-	100678150	-	οἱ	-	-	-	l-p---mn-	-	ὁ
0010	008	1	-	100678151	-	τολμῶντες	-	-	-	v-pppamn-	-	τολμάω
0010	008	1	-	100678152	-	λίαν	-	-	-	d--------	-	λίαν
0010	008	1	-	100678153	-	ἀπερισκέπτως	-	-	-	d--------	-	ἀπερίσκεπτος
0010	008	1	-	100678154	-	ἀλαζονεύεσθαι	-	-	-	v--pnm---	-	ἀλαζονεύομαι
0010	008	1	-	100678155	-	πεποιήκασιν	-	-	-	v3pria---	-	ποιέω
0010	008	1	-	100678156	-	ὥστε	-	-	-	c--------	-	ὥστε
0010	008	1	-	100678157	-	δοκεῖν	-	-	-	v--pna---	-	δοκέω
0010	008	1	-	100678158	-	ἄμεινον	-	-	-	a-s---nac	-	ἀγαθός
0010	008	1	-	100678159	-	βουλεύεσθαι	-	-	-	v--pnm---	-	βουλεύω
0010	008	1	-	100678160	-	τοὺς	-	-	-	l-p---ma-	-	ὁ
0010	008	1	-	100678161	-	ῥᾳθυμεῖν	-	-	-	v--pna---	-	ῥαθυμέω
0010	008	1	-	100678162	-	αἱρουμένους	-	-	-	v-pppmma-	-	αἱρέω
0010	008	1	-	100678163	-	τῶν	-	-	-	l-p---mg-	-	ὁ
0010	008	1	-	100678164	-	περὶ	-	-	-	r--------	-	περί
0010	008	1	-	100678165	-	τὴν	-	-	-	l-s---fa-	-	ὁ
0010	008	1	-	100678166	-	φιλοσοφίαν	-	-	-	n-s---fa-	-	φιλοσοφία
0010	008	1	-	100678167	-	διατριβόντων	-	-	-	v-pppamg-	-	διατρίβω
0010	008	1	-	100678168	-	.	-	-	-	u--------	-	.
0010	008	1	-	100678169	-	τίς	-	-	-	p-s---cn-	-	τίς
0010	008	1	-	100678170	-	γὰρ	-	-	-	g--------	-	γάρ
0010	008	1	-	100678171	-	οὐκ	-	-	-	d--------	-	οὐ
0010	008	1	-	100678172	-	ἃν	-	-	-	g--------	-	ἄν
0010	008	1	-	100678173	-	μισήσειεν	-	-	-	v3saoa---	-	μισέω
0010	008	1	-	100678174	-	ἅμα	-	-	-	d--------	-	ἅμα
0010	008	1	-	100678175	-	καὶ	-	-	-	c--------	-	καί
0010	008	1	-	100678176	-	καταφρονήσειε	-	-	-	v3saoa---	-	καταφρονέω
0010	008	1	-	100678177	-	πρῶτον	-	-	-	a-s---na-	-	πρῶτος
0010	008	1	-	100678178	-	μὲν	-	-	-	g--------	-	μέν
0010	008	1	-	100678179	-	τῶν	-	-	-	l-p---mg-	-	ὁ
0010	008	1	-	100678180	-	περὶ	-	-	-	r--------	-	περί
0010	008	1	-	100678181	-	τὰς	-	-	-	l-p---fa-	-	ὁ
0010	008	1	-	100678182	-	ἔριδας	-	-	-	n-p---fa-	-	ἔρις
0010	008	1	-	100678183	-	διατριβόντων	-	-	-	v-pppamg-	-	διατρίβω
0010	008	1	-	100678184	-	,	-	-	-	u--------	-	,
0010	008	1	-	100678185	-	οἳ	-	-	-	p-p---mn-	-	ὅς
0010	008	1	-	100678186	-	προσποιοῦνται	-	-	-	v3ppim---	-	προσποιέω
0010	008	1	-	100678187	-	μὲν	-	-	-	g--------	-	μέν
0010	008	1	-	100678188	-	τὴν	-	-	-	l-s---fa-	-	ὁ
0010	008	1	-	100678189	-	ἀλήθειαν	-	-	-	n-s---fa-	-	ἀλήθεια
0010	008	1	-	100678190	-	ζητεῖν	-	-	-	v--pna---	-	ζητέω
0010	008	1	-	100678191	-	,	-	-	-	u--------	-	,
0010	008	1	-	100678192	-	εὐθὺς	-	-	-	d--------	-	εὐθύς
0010	008	1	-	100678193	-	δ’	-	-	-	c--------	-	δέ
0010	008	1	-	100678194	-	ἐν	-	-	-	r--------	-	ἐν
0010	008	1	-	100678195	-	ἀρχῇ	-	-	-	n-s---fd-	-	ἀρχή
0010	008	1	-	100678196	-	τῶν	-	-	-	l-p---ng-	-	ὁ
0010	008	1	-	100678197	-	ἐπαγγελμάτων	-	-	-	n-p---ng-	-	ἐπάγγελμα
0010	008	1	-	100678198	-	ψευδῆ	-	-	-	a-p---na-	-	ψευδής
0010	008	1	-	100678199	-	λέγειν	-	-	-	v--pna---	-	λέγω
0010	008	1	-	100678200	-	ἐπιχειροῦσιν	-	-	-	v3ppia---	-	ἐπιχειρέω
0010	008	1	-	100678201	-	;	-	-	-	u--------	-	;
0010	008	2	-	100678202	-	οἶμαι	-	-	-	v1spim---	-	οἴομαι
0010	008	2	-	100678203	-	γὰρ	-	-	-	g--------	-	γάρ
0010	008	2	-	100678204	-	ἅπασιν	-	-	-	p-p---md-	-	ἅπας
0010	008	2	-	100678205	-	εἶναι	-	-	-	v--pna---	-	εἰμί
0010	008	2	-	100678206	-	φανερὸν	-	-	-	a-s---na-	-	φανερός
0010	008	2	-	100678207	-	ὅτι	-	-	-	c--------	-	ὅτι
0010	008	2	-	100678208	-	τὰ	-	-	-	l-p---nn-	-	ὁ
0010	008	2	-	100678209	-	μέλλοντα	-	-	-	v-pppana-	-	μέλλω
0010	008	2	-	100678210	-	προγιγνώσκειν	-	-	-	v--pna---	-	προγιγνώσκω
0010	008	2	-	100678211	-	οὐ	-	-	-	d--------	-	οὐ
0010	008	2	-	100678212	-	τῆς	-	-	-	l-s---fg-	-	ὁ
0010	008	2	-	100678213	-	ἡμετέρας	-	-	-	a-s---fg-	-	ἡμέτερος
0010	008	2	-	100678214	-	φύσεώς	-	-	-	n-s---fg-	-	φύσις
0010	008	2	-	100678215	-	ἐστιν	-	-	-	v3spia---	-	εἰμί
0010	008	2	-	100678216	-	,	-	-	-	u--------	-	,
0010	008	2	-	100678217	-	ἀλλὰ	-	-	-	c--------	-	ἀλλά
0010	008	2	-	100678218	-	τοσοῦτον	-	-	-	p-s---na-	-	τοσοῦτος
0010	008	2	-	100678219	-	ἀπέχομεν	-	-	-	v1ppia---	-	ἀπέχω
0010	008	2	-	100678220	-	ταύτης	-	-	-	p-s---fg-	-	οὗτος
0010	008	2	-	100678221	-	τῆς	-	-	-	l-s---fg-	-	ὁ
0010	008	2	-	100678222	-	φρονήσεως	-	-	-	n-s---fg-	-	φρόνησις
0010	008	2	-	100678223	-	,	-	-	-	u--------	-	,
0010	008	2	-	100678224	-	ὥσθ’	-	-	-	c--------	-	ὥστε
0010	008	2	-	100678225	-	Ὅμηρος	-	-	-	n-s---mn-	-	Ὅμηρος
0010	008	2	-	100678226	-	ὁ	-	-	-	l-s---mn-	-	ὁ
0010	008	2	-	100678227	-	μεγίστην	-	-	-	a-s---fas	-	μέγας
0010	008	2	-	100678228	-	ἐπὶ	-	-	-	r--------	-	ἐπί
0010	008	2	-	100678229	-	σοφίᾳ	-	-	-	n-s---fd-	-	σοφία
0010	008	2	-	100678230	-	δόξαν	-	-	-	n-s---fa-	-	δόξα
0010	008	2	-	100678231	-	εἰληφὼς	-	-	-	v-srpamn-	-	λαμβάνω
0010	008	2	-	100678232	-	καὶ	-	-	-	c--------	-	καί
0010	008	2	-	100678233	-	τοὺς	-	-	-	l-p---ma-	-	ὁ
0010	008	2	-	100678234	-	θεοὺς	-	-	-	n-p---ma-	-	θεός
0010	008	2	-	100678235	-	πεποίηκεν	-	-	-	v3sria---	-	ποιέω
0010	008	2	-	100678236	-	ἔστιν	-	-	-	v3spia---	-	εἰμί
0010	008	2	-	100678237	-	ὅτε	-	-	-	c--------	-	ὅτε
0010	008	2	-	100678238	-	βουλευομένους	-	-	-	v-pppmma-	-	βουλεύω
0010	008	2	-	100678239	-	ὑπὲρ	-	-	-	r--------	-	ὑπέρ
0010	008	2	-	100678240	-	αὐτῶν	-	-	-	p-p---mg-	-	αὐτός
0010	008	2	-	100678241	-	,	-	-	-	u--------	-	,
0010	008	2	-	100678242	-	οὐ	-	-	-	d--------	-	οὐ
0010	008	2	-	100678243	-	τὴν	-	-	-	l-s---fa-	-	ὁ
0010	008	2	-	100678244	-	ἐκείνων	-	-	-	p-p---mg-	-	ἐκεῖνος
0010	008	2	-	100678245	-	γνώμην	-	-	-	n-s---fa-	-	γνώμη
0010	008	2	-	100678246	-	εἰδώς	-	-	-	v-srpamn-	-	οἶδα
0010	008	2	-	100678247	-	,	-	-	-	u--------	-	,
0010	008	2	-	100678248	-	ἀλλ’	-	-	-	c--------	-	ἀλλά
0010	008	2	-	100678249	-	ἡμῖν	-	-	-	p-p---cd-	-	ἐγώ
0010	008	2	-	100678250	-	ἐνδείξασθαι	-	-	-	v--anm---	-	ἐνδείκνυμι
0010	008	2	-	100678251	-	βουλόμενος	-	-	-	v-sppmmn-	-	βούλομαι
0010	008	2	-	100678252	-	ὅτι	-	-	-	c--------	-	ὅτι
0010	008	2	-	100678253	-	τοῖς	-	-	-	l-p---md-	-	ὁ
0010	008	2	-	100678254	-	ἀνθρώποις	-	-	-	n-p---md-	-	ἄνθρωπος
0010	008	2	-	100678255	-	ἓν	-	-	-	m-s---nn-	-	εἷς
0010	008	2	-	100678256	-	τοῦτο	-	-	-	p-s---nn-	-	οὗτος
0010	008	2	-	100678257	-	τῶν	-	-	-	l-p---ng-	-	ὁ
0010	008	2	-	100678258	-	ἀδυνάτων	-	-	-	a-p---ng-	-	ἀδύνατος
0010	008	2	-	100678259	-	ἐστίν	-	-	-	v3spia---	-	εἰμί
0010	008	2	-	100678260	-	.	-	-	-	u--------	-	.
0010	008	3	-	100678261	-	οὗτοι	-	-	-	p-p---mn-	-	οὗτος
0010	008	3	-	100678262	-	τοίνυν	-	-	-	g--------	-	τοίνυν
0010	008	3	-	100678263	-	εἰς	-	-	-	r--------	-	εἰς
0010	008	3	-	100678264	-	τοῦτο	-	-	-	p-s---na-	-	οὗτος
0010	008	3	-	100678265	-	τόλμης	-	-	-	n-s---fg-	-	τόλμα
0010	008	3	-	100678266	-	ἐληλύθασιν	-	-	-	v3pria---	-	ἔρχομαι
0010	008	3	-	100678267	-	,	-	-	-	u--------	-	,
0010	008	3	-	100678268	-	ὥστε	-	-	-	c--------	-	ὥστε
0010	008	3	-	100678269	-	πειρῶνται	-	-	-	v3ppim---	-	πειράω
0010	008	3	-	100678270	-	πείθειν	-	-	-	v--pna---	-	πείθω
0010	008	3	-	100678271	-	τοὺς	-	-	-	l-p---ma-	-	ὁ
0010	008	3	-	100678272	-	νεωτέρους	-	-	-	a-p---mac	-	νέος
0010	008	3	-	100678273	-	ὡς	-	-	-	c--------	-	ὡς
0010	008	3	-	100678274	-	,	-	-	-	u--------	-	,
0010	008	3	-	100678275	-	ἢν	-	-	-	c--------	-	ἐάν
0010	008	3	-	100678276	-	αὐτοῖς	-	-	-	p-p---md-	-	αὐτός
0010	008	3	-	100678277	-	πλησιάζωσιν	-	-	-	v3ppsa---	-	πλησιάζω
0010	008	3	-	100678278	-	,	-	-	-	u--------	-	,
0010	008	3	-	100678279	-	ἅ	-	-	-	p-p---na-	-	ὅς
0010	008	3	-	100678280	-	τε	-	-	-	c--------	-	τε
0010	008	3	-	100678281	-	πρακτέον	-	-	-	a-s---nn-	-	πράσσω
0010	008	3	-	100678282	-	ἐστὶν	-	-	-	v3spia---	-	εἰμί
0010	008	3	-	100678283	-	εἴσονται	-	-	-	v3pfim---	-	οἶδα
0010	008	3	-	100678284	-	καὶ	-	-	-	c--------	-	καί
0010	008	3	-	100678285	-	διὰ	-	-	-	r--------	-	διά
0010	008	3	-	100678286	-	ταύτης	-	-	-	p-s---fg-	-	οὗτος
0010	008	3	-	100678287	-	τῆς	-	-	-	l-s---fg-	-	ὁ
0010	008	3	-	100678288	-	ἐπιστήμης	-	-	-	n-s---fg-	-	ἐπιστήμη
0010	008	3	-	100678289	-	εὐδαίμονες	-	-	-	a-p---mn-	-	εὐδαίμων
0010	008	3	-	100678290	-	γενήσονται	-	-	-	v3pfim---	-	γίγνομαι
0010	008	3	-	100678291	-	.	-	-	-	u--------	-	.
0010	008	3	-	100678292	-	καὶ	-	-	-	c--------	-	καί
0010	008	3	-	100678293	-	τηλικούτων	-	-	-	p-p---ng-	-	τηλικοῦτος
0010	008	3	-	100678294	-	ἀγαθῶν	-	-	-	a-p---ng-	-	ἀγαθός
0010	008	3	-	100678295	-	αὑτοὺς	-	-	-	p-p---ma-	-	ἑαυτοῦ
0010	008	3	-	100678296	-	διδασκάλους	-	-	-	n-p---ma-	-	διδάσκαλος
0010	008	3	-	100678297	-	καὶ	-	-	-	c--------	-	καί
0010	008	3	-	100678298	-	κυρίους	-	-	-	n-p---ma-	-	κύριος
0010	008	3	-	100678299	-	καταστήσαντες	-	-	-	v-papamn-	-	καθίστημι
0010	008	3	-	100678300	-	,	-	-	-	u--------	-	,
0010	008	3	-	100678301	-	οὐκ	-	-	-	d--------	-	οὐ
0010	008	3	-	100678302	-	αἰσχύνονται	-	-	-	v3ppim---	-	αἰσχύνω
0010	008	3	-	100678303	-	τρεῖς	-	-	-	m--------	-	τρεῖς
0010	008	3	-	100678304	-	ἢ	-	-	-	c--------	-	ἤ
0010	008	3	-	100678305	-	τέτταρας	-	-	-	m-p---fa-	-	τέσσαρες
0010	008	3	-	100678306	-	μνᾶς	-	-	-	n-p---fa-	-	μνᾶ
0010	008	3	-	100678307	-	ὑπὲρ	-	-	-	r--------	-	ὑπέρ
0010	008	3	-	100678308	-	τούτων	-	-	-	p-p---ng-	-	οὗτος
0010	008	3	-	100678309	-	αἰτοῦντες	-	-	-	v-pppamn-	-	αἰτέω
0010	008	3	-	100678310	-	.	-	-	-	u--------	-	.
0010	008	4	-	100678311	-	ἀλλ’	-	-	-	c--------	-	ἀλλά
0010	008	4	-	100678312	-	εἰ	-	-	-	c--------	-	εἰ
0010	008	4	-	100678313	-	μέν	-	-	-	g--------	-	μέν
0010	008	4	-	100678314	-	τι	-	-	-	p-s---na-	-	τις
0010	008	4	-	100678315	-	τῶν	-	-	-	l-p---ng-	-	ὁ
0010	008	4	-	100678316	-	ἄλλων	-	-	-	p-p---ng-	-	ἄλλος
0010	008	4	-	100678317	-	κτημάτων	-	-	-	n-p---ng-	-	κτῆμα
0010	008	4	-	100678318	-	πολλοστοῦ	-	-	-	a-s---ng-	-	πολλοστός
0010	008	4	-	100678319	-	μέρους	-	-	-	n-s---ng-	-	μέρος
0010	008	4	-	100678320	-	τῆς	-	-	-	l-s---fg-	-	ὁ
0010	008	4	-	100678321	-	ἀξίας	-	-	-	n-s---fg-	-	ἀξία
0010	008	4	-	100678322	-	ἐπώλουν	-	-	-	v3piia---	-	πωλέω
0010	008	4	-	100678323	-	,	-	-	-	u--------	-	,
0010	008	4	-	100678324	-	οὐκ	-	-	-	d--------	-	οὐ
0010	008	4	-	100678325	-	ἂν	-	-	-	g--------	-	ἄν
0010	008	4	-	100678326	-	ἠμφεσβήτησαν	-	-	-	v3paia---	-	ἀμφιαμφισβητέω
0010	008	4	-	100678327	-	ὡς	-	-	-	c--------	-	ὡς
0010	008	4	-	100678328	-	εὖ	-	-	-	d--------	-	εὖ
0010	008	4	-	100678329	-	φρονοῦντες	-	-	-	v-pppamn-	-	φρονέω
0010	008	4	-	100678330	-	τυγχάνουσι	-	-	-	v3ppia---	-	τυγχάνω
0010	008	4	-	100678331	-	,	-	-	-	u--------	-	,
0010	008	4	-	100678332	-	σύμπασαν	-	-	-	a-s---fa-	-	σύμπας
0010	008	4	-	100678333	-	δὲ	-	-	-	c--------	-	δέ
0010	008	4	-	100678334	-	τὴν	-	-	-	l-s---fa-	-	ὁ
0010	008	4	-	100678335	-	ἀρετὴν	-	-	-	n-s---fa-	-	ἀρετή
0010	008	4	-	100678336	-	καὶ	-	-	-	c--------	-	καί
0010	008	4	-	100678337	-	τὴν	-	-	-	l-s---fa-	-	ὁ
0010	008	4	-	100678338	-	εὐδαιμονίαν	-	-	-	n-s---fa-	-	εὐδαιμονία
0010	008	4	-	100678339	-	οὕτως	-	-	-	d--------	-	οὕτως
0010	008	4	-	100678340	-	ὀλίγου	-	-	-	a-s---ng-	-	ὀλίγος
0010	008	4	-	100678341	-	τιμῶντες	-	-	-	v-pppamn-	-	τιμάω
0010	008	4	-	100678342	-	,	-	-	-	u--------	-	,
0010	008	4	-	100678343	-	ὡς	-	-	-	c--------	-	ὡς
0010	008	4	-	100678344	-	νοῦν	-	-	-	n-s---ma-	-	νόος
0010	008	4	-	100678345	-	ἔχοντες	-	-	-	v-pppamn-	-	ἔχω
0010	008	4	-	100678346	-	διδάσκαλοι	-	-	-	n-p---mn-	-	διδάσκαλος
0010	008	4	-	100678347	-	τῶν	-	-	-	l-p---mg-	-	ὁ
0010	008	4	-	100678348	-	ἄλλων	-	-	-	p-p---mg-	-	ἄλλος
0010	008	4	-	100678349	-	ἀξιοῦσι	-	-	-	v3ppia---	-	ἀξιόω
0010	008	4	-	100678350	-	γίγνεσθαι	-	-	-	v--pnm---	-	γίγνομαι
0010	008	4	-	100678351	-	.	-	-	-	u--------	-	.
0010	008	4	-	100678352	-	καὶ	-	-	-	c--------	-	καί
0010	008	4	-	100678353	-	λέγουσι	-	-	-	v3ppia---	-	λέγω
0010	008	4	-	100678354	-	μὲν	-	-	-	g--------	-	μέν
0010	008	4	-	100678355	-	ὡς	-	-	-	c--------	-	ὡς
0010	008	4	-	100678356	-	οὐδὲν	-	-	-	p-s---na-	-	οὐδείς
0010	008	4	-	100678357	-	δέονται	-	-	-	v3ppim---	-	δέω
0010	008	4	-	100678358	-	χρημάτων	-	-	-	n-p---ng-	-	χρῆμα
0010	008	4	-	100678359	-	,	-	-	-	u--------	-	,
0010	008	4	-	100678360	-	ἀργυρίδιον	-	-	-	n-s---na-	-	ἀργυρίδιον
0010	008	4	-	100678361	-	καὶ	-	-	-	c--------	-	καί
0010	008	4	-	100678362	-	χρυσίδιον	-	-	-	n-s---na-	-	χρυσίδιον
0010	008	4	-	100678363	-	τὸν	-	-	-	l-s---ma-	-	ὁ
0010	008	4	-	100678364	-	πλοῦτον	-	-	-	n-s---ma-	-	πλοῦτος
0010	008	4	-	100678365	-	ἀποκαλοῦντες	-	-	-	v-pppamn-	-	ἀποκαλέω
0010	008	4	-	100678366	-	,	-	-	-	u--------	-	,
0010	008	4	-	100678367	-	μικροῦ	-	-	-	a-s---ng-	-	μικρός
0010	008	4	-	100678368	-	δὲ	-	-	-	c--------	-	δέ
0010	008	4	-	100678369	-	κέρδους	-	-	-	n-s---ng-	-	κέρδος
0010	008	4	-	100678370	-	ὀρεγόμενοι	-	-	-	v-pppmmn-	-	ὀρέγω
0010	008	4	-	100678371	-	μόνον	-	-	-	d--------	-	μόνος
0010	008	4	-	100678372	-	οὐκ	-	-	-	d--------	-	οὐ
0010	008	4	-	100678373	-	ἀθανάτους	-	-	-	a-p---ma-	-	ἀθάνατος
0010	008	4	-	100678374	-	ὑπισχνοῦνται	-	-	-	v3ppim---	-	ὑπισχνέομαι
0010	008	4	-	100678375	-	τοὺς	-	-	-	l-p---ma-	-	ὁ
0010	008	4	-	100678376	-	συνόντας	-	-	-	v-pppama-	-	σύνειμι
0010	008	4	-	100678377	-	ποιήσειν	-	-	-	v--fna---	-	ποιέω
0010	008	4	-	100678378	-	.	-	-	-	u--------	-	.
0010	008	5	-	100678379	-	ὃ	-	-	-	p-s---nn-	-	ὅς
0010	008	5	-	100678380	-	δὲ	-	-	-	c--------	-	δέ
0010	008	5	-	100678381	-	πάντων	-	-	-	p-p---ng-	-	πᾶς
0010	008	5	-	100678382	-	καταγελαστότατον	-	-	-	a-s---nns	-	καταγέλαστος
0010	008	5	-	100678383	-	,	-	-	-	u--------	-	,
0010	008	5	-	100678384	-	ὅτι	-	-	-	c--------	-	ὅτι
0010	008	5	-	100678385	-	παρὰ	-	-	-	r--------	-	παρά
0010	008	5	-	100678386	-	μὲν	-	-	-	g--------	-	μέν
0010	008	5	-	100678387	-	ὧν	-	-	-	p-p---mg-	-	ὅς
0010	008	5	-	100678388	-	δεῖ	-	-	-	v3spia---	-	δέω
0010	008	5	-	100678389	-	λαβεῖν	-	-	-	v--ana---	-	λαμβάνω
0010	008	5	-	100678390	-	αὐτούς	-	-	-	p-p---ma-	-	αὐτός
0010	008	5	-	100678391	-	,	-	-	-	u--------	-	,
0010	008	5	-	100678392	-	τούτοις	-	-	-	p-p---md-	-	οὗτος
0010	008	5	-	100678393	-	μὲν	-	-	-	g--------	-	μέν
0010	008	5	-	100678394	-	ἀπιστοῦσιν	-	-	-	v3ppia---	-	ἀπιστέω
0010	008	5	-	100678395	-	,	-	-	-	u--------	-	,
0010	008	5	-	100678396	-	οἷς	-	-	-	p-p---md-	-	ὅς
0010	008	5	-	100678397	-	μέλλουσι	-	-	-	v3ppia---	-	μέλλω
0010	008	5	-	100678398	-	τὴν	-	-	-	l-s---fa-	-	ὁ
0010	008	5	-	100678399	-	δικαιοσύνην	-	-	-	n-s---fa-	-	δικαιοσύνη
0010	008	5	-	100678400	-	παραδώσειν	-	-	-	v--fna---	-	παραδίδωμι
0010	008	5	-	100678401	-	,	-	-	-	u--------	-	,
0010	008	5	-	100678402	-	ὧν	-	-	-	p-p---mg-	-	ὅς
0010	008	5	-	100678403	-	δ’	-	-	-	c--------	-	δέ
0010	008	5	-	100678404	-	οὐδεπώποτε	-	-	-	d--------	-	οὐδεπώποτε
0010	008	5	-	100678405	-	διδάσκαλοι	-	-	-	n-p---mn-	-	διδάσκαλος
0010	008	5	-	100678406	-	γεγόνασι	-	-	-	v3pria---	-	γίγνομαι
0010	008	5	-	100678407	-	,	-	-	-	u--------	-	,
0010	008	5	-	100678408	-	παρὰ	-	-	-	r--------	-	παρά
0010	008	5	-	100678409	-	τούτοις	-	-	-	p-p---md-	-	οὗτος
0010	008	5	-	100678410	-	τὰ	-	-	-	l-p---na-	-	ὁ
0010	008	5	-	100678411	-	παρὰ	-	-	-	r--------	-	παρά
0010	008	5	-	100678412	-	τῶν	-	-	-	l-p---mg-	-	ὁ
0010	008	5	-	100678413	-	μαθητῶν	-	-	-	n-p---mg-	-	μαθητής
0010	008	5	-	100678414	-	μεσεγγυοῦνται	-	-	-	v3ppim---	-	μεσεγγυόομαι
0010	008	5	-	100678415	-	,	-	-	-	u--------	-	,
0010	008	5	-	100678416	-	πρὸς	-	-	-	r--------	-	πρός
0010	008	5	-	100678417	-	μὲν	-	-	-	g--------	-	μέν
0010	008	5	-	100678418	-	τὴν	-	-	-	l-s---fa-	-	ὁ
0010	008	5	-	100678419	-	ἀσφάλειαν	-	-	-	n-s---fa-	-	ἀσφάλεια
0010	008	5	-	100678420	-	εὖ	-	-	-	d--------	-	εὖ
0010	008	5	-	100678421	-	βουλευόμενοι	-	-	-	v-pppmmn-	-	βουλεύω
0010	008	5	-	100678422	-	,	-	-	-	u--------	-	,
0010	008	5	-	100678423	-	τῷ	-	-	-	l-s---nd-	-	ὁ
0010	008	5	-	100678424	-	δ’	-	-	-	c--------	-	δέ
0010	008	5	-	100678425	-	ἐπαγγέλματι	-	-	-	n-s---nd-	-	ἐπάγγελμα
0010	008	5	-	100678426	-	τα-	-	-	-	l-p---na-	-	ὁ
0010	008	5	-	100678427	-	τἀναντία	-	-	-	a-p---na-	-	ἐναντίος
0010	008	5	-	100678428	-	πράττοντες	-	-	-	v-pppamn-	-	πράσσω
0010	008	5	-	100678429	-	.	-	-	-	u--------	-	.
0010	008	5	-	1000052057	-	E	-	-	-	z--------	-	E
0010	008	6	-	100678430	-	τοὺς	-	-	-	l-p---ma-	-	ὁ
0010	008	6	-	100678431	-	μὲν	-	-	-	g--------	-	μέν
0010	008	6	-	100678432	-	γὰρ	-	-	-	g--------	-	γάρ
0010	008	6	-	100678433	-	ἄλλο	-	-	-	p-s---na-	-	ἄλλος
0010	008	6	-	100678434	-	τι	-	-	-	p-s---na-	-	τις
0010	008	6	-	100678435	-	παιδεύοντας	-	-	-	v-pppama-	-	παιδεύω
0010	008	6	-	100678436	-	προσήκει	-	-	-	v3spia---	-	προσήκω
0010	008	6	-	100678437	-	διακριβοῦσθαι	-	-	-	v--pnm---	-	διακριβόω
0010	008	6	-	100678438	-	περὶ	-	-	-	r--------	-	περί
0010	008	6	-	100678439	-	τῶν	-	-	-	l-p---ng-	-	ὁ
0010	008	6	-	100678440	-	διαφερόντων	-	-	-	v-pppang-	-	διαφέρω
0010	008	6	-	100678441	-	,	-	-	-	u--------	-	,
0010	008	6	-	100678442	-	οὐδὲν	-	-	-	p-s---nn-	-	οὐδείς
0010	008	6	-	100678443	-	γὰρ	-	-	-	g--------	-	γάρ
0010	008	6	-	100678444	-	κωλύει	-	-	-	v3spia---	-	κωλύω
0010	008	6	-	100678445	-	τοὺς	-	-	-	l-p---ma-	-	ὁ
0010	008	6	-	100678446	-	περὶ	-	-	-	r--------	-	περί
0010	008	6	-	100678447	-	ἕτερα	-	-	-	p-p---na-	-	ἕτερος
0010	008	6	-	100678448	-	δεινοὺς	-	-	-	a-p---ma-	-	δεινός
0010	008	6	-	100678449	-	γενομένους	-	-	-	v-papmma-	-	γίγνομαι
0010	008	6	-	100678450	-	μὴ	-	-	-	d--------	-	μή
0010	008	6	-	100678451	-	χρηστοὺς	-	-	-	a-p---ma-	-	χρηστός
0010	008	6	-	100678452	-	εἶναι	-	-	-	v--pna---	-	εἰμί
0010	008	6	-	100678453	-	περὶ	-	-	-	r--------	-	περί
0010	008	6	-	100678454	-	τὰ	-	-	-	l-p---na-	-	ὁ
0010	008	6	-	100678455	-	συμβόλαια	-	-	-	n-p---na-	-	συμβόλαιον
0010	008	6	-	100678456	-	·	-	-	-	u--------	-	·
0010	008	6	-	100678457	-	τοὺς	-	-	-	l-p---ma-	-	ὁ
0010	008	6	-	100678458	-	δὲ	-	-	-	c--------	-	δέ
0010	008	6	-	100678459	-	τὴν	-	-	-	l-s---fa-	-	ὁ
0010	008	6	-	100678460	-	ἀρετὴν	-	-	-	n-s---fa-	-	ἀρετή
0010	008	6	-	100678461	-	καὶ	-	-	-	c--------	-	καί
0010	008	6	-	100678462	-	τὴν	-	-	-	l-s---fa-	-	ὁ
0010	008	6	-	100678463	-	σωφροσύνην	-	-	-	n-s---fa-	-	σωφροσύνη
0010	008	6	-	100678464	-	ἐνεργαζομένους	-	-	-	v-pppmma-	-	ἐνεργάζομαι
0010	008	6	-	100678465	-	πῶς	-	-	-	d--------	-	πῶς
0010	008	6	-	100678466	-	οὐκ	-	-	-	d--------	-	οὐ
0010	008	6	-	100678467	-	ἄλογόν	-	-	-	a-s---nn-	-	ἄλογος
0010	008	6	-	100678468	-	ἐστι	-	-	-	v3spia---	-	εἰμί
0010	008	6	-	100678469	-	μὴ	-	-	-	d--------	-	μή
0010	008	6	-	100678470	-	τοῖς	-	-	-	l-p---md-	-	ὁ
0010	008	6	-	100678471	-	μαθηταῖς	-	-	-	n-p---md-	-	μαθητής
0010	008	6	-	100678472	-	μάλιστα	-	-	-	d-------s	-	μάλα
0010	008	6	-	100678473	-	πιστεύειν	-	-	-	v--pna---	-	πιστεύω
0010	008	6	-	100678474	-	;	-	-	-	u--------	-	;
0010	008	6	-	100678475	-	οὐ	-	-	-	d--------	-	οὐ
0010	008	6	-	100678476	-	γὰρ	-	-	-	g--------	-	γάρ
0010	008	6	-	100678477	-	δή	-	-	-	g--------	-	δή
0010	008	6	-	100678478	-	που	-	-	-	d--------	-	που
0010	008	6	-	100678479	-	περὶ	-	-	-	r--------	-	περί
0010	008	6	-	100678480	-	τοὺς	-	-	-	l-p---ma-	-	ὁ
0010	008	6	-	100678481	-	ἄλλους	-	-	-	p-p---ma-	-	ἄλλος
0010	008	6	-	100678482	-	ὄντες	-	-	-	v-pppamn-	-	εἰμί
0010	008	6	-	100678483	-	καλοὶ	-	-	-	a-p---mn-	-	καλός
0010	008	6	-	100678484	-	κα-	-	-	-	c--------	-	καί
0010	008	6	-	100678485	-	κἀγαθοὶ	-	-	-	a-p---mn-	-	ἀγαθός
0010	008	6	-	100678486	-	καὶ	-	-	-	c--------	-	καί
0010	008	6	-	100678487	-	δίκαιοι	-	-	-	a-p---mn-	-	δίκαιος
0010	008	6	-	100678488	-	περὶ	-	-	-	r--------	-	περί
0010	008	6	-	100678489	-	τούτους	-	-	-	p-p---ma-	-	οὗτος
0010	008	6	-	100678490	-	ἐξαμαρτήσονται	-	-	-	v3pfim---	-	ἐξαμαρτάνω
0010	008	6	-	100678491	-	,	-	-	-	u--------	-	,
0010	008	6	-	100678492	-	δι’	-	-	-	r--------	-	διά
0010	008	6	-	100678493	-	οὓς	-	-	-	p-p---ma-	-	ὅς
0010	008	6	-	100678494	-	τοιοῦτοι	-	-	-	p-p---mn-	-	τοιοῦτος
0010	008	6	-	100678495	-	γεγόνασιν	-	-	-	v3pria---	-	γίγνομαι
0010	008	6	-	100678496	-	.	-	-	-	u--------	-	.
0010	008	7	-	100678497	-	ἐπειδὰν	-	-	-	c--------	-	ἐπειδάν
0010	008	7	-	100678498	-	οὖν	-	-	-	g--------	-	οὖν
0010	008	7	-	100678499	-	τῶν	-	-	-	l-p---mg-	-	ὁ
0010	008	7	-	100678500	-	ἰδιωτῶν	-	-	-	n-p---mg-	-	ἰδιώτης
0010	008	7	-	100678501	-	τινες	-	-	-	p-p---cn-	-	τις
0010	008	7	-	100678502	-	,	-	-	-	u--------	-	,
0010	008	7	-	100678503	-	ἅπαντα	-	-	-	p-p---na-	-	ἅπας
0010	008	7	-	100678504	-	ταῦτα	-	-	-	p-p---na-	-	οὗτος
0010	008	7	-	100678505	-	συλλογισάμενοι	-	-	-	v-papmmn-	-	συλλογίζομαι
0010	008	7	-	100678506	-	,	-	-	-	u--------	-	,
0010	008	7	-	100678507	-	κατίδωσι	-	-	-	v3pasa---	-	καθοράω
0010	008	7	-	100678508	-	τοὺς	-	-	-	l-p---ma-	-	ὁ
0010	008	7	-	100678509	-	τὴν	-	-	-	l-s---fa-	-	ὁ
0010	008	7	-	100678510	-	σοφίαν	-	-	-	n-s---fa-	-	σοφία
0010	008	7	-	100678511	-	διδάσκοντας	-	-	-	v-pppama-	-	διδάσκω
0010	008	7	-	100678512	-	καὶ	-	-	-	c--------	-	καί
0010	008	7	-	100678513	-	τὴν	-	-	-	l-s---fa-	-	ὁ
0010	008	7	-	100678514	-	εὐδαιμονίαν	-	-	-	n-s---fa-	-	εὐδαιμονία
0010	008	7	-	100678515	-	παραδιδόντας	-	-	-	v-pppama-	-	παραδίδωμι
0010	008	7	-	100678516	-	αὐτούς	-	-	-	p-p---ma-	-	αὐτός
0010	008	7	-	100678517	-	τε	-	-	-	c--------	-	τε
0010	008	7	-	100678518	-	πολλῶν	-	-	-	a-p---ng-	-	πολύς
0010	008	7	-	100678519	-	δεομένους	-	-	-	v-pppmma-	-	δέω
0010	008	7	-	100678520	-	καὶ	-	-	-	c--------	-	καί
0010	008	7	-	100678521	-	τοὺς	-	-	-	l-p---ma-	-	ὁ
0010	008	7	-	100678522	-	μαθητὰς	-	-	-	n-p---ma-	-	μαθητής
0010	008	7	-	100678523	-	μικρὸν	-	-	-	a-s---na-	-	μικρός
0010	008	7	-	100678524	-	πραττομένους	-	-	-	v-pppmma-	-	πράσσω
0010	008	7	-	100678525	-	,	-	-	-	u--------	-	,
0010	008	7	-	100678526	-	καὶ	-	-	-	c--------	-	καί
0010	008	7	-	100678527	-	τὰς	-	-	-	l-p---fa-	-	ὁ
0010	008	7	-	100678528	-	ἐναντιώσεις	-	-	-	n-p---fa-	-	ἐναντίωσις
0010	008	7	-	100678529	-	ἐπὶ	-	-	-	r--------	-	ἐπί
0010	008	7	-	100678530	-	μὲν	-	-	-	g--------	-	μέν
0010	008	7	-	100678531	-	τῶν	-	-	-	l-p---mg-	-	ὁ
0010	008	7	-	100678532	-	λόγων	-	-	-	n-p---mg-	-	λόγος
0010	008	7	-	100678533	-	τηροῦντας	-	-	-	v-pppama-	-	τηρέω
0010	008	7	-	100678534	-	,	-	-	-	u--------	-	,
0010	008	7	-	100678535	-	ἐπὶ	-	-	-	r--------	-	ἐπί
0010	008	7	-	100678536	-	δὲ	-	-	-	c--------	-	δέ
0010	008	7	-	100678537	-	τῶν	-	-	-	l-p---ng-	-	ὁ
0010	008	7	-	100678538	-	ἔργων	-	-	-	n-p---ng-	-	ἔργον
0010	008	7	-	100678539	-	μὴ	-	-	-	d--------	-	μή
0010	008	7	-	100678540	-	καθορῶντας	-	-	-	v-pppama-	-	καθοράω
0010	008	7	-	100678541	-	,	-	-	-	u--------	-	,
0010	008	7	-	100678542	-	ἔτι	-	-	-	d--------	-	ἔτι
0010	008	7	-	100678543	-	δὲ	-	-	-	c--------	-	δέ
0010	008	7	-	100678544	-	περὶ	-	-	-	r--------	-	περί
0010	008	7	-	100678545	-	μὲν	-	-	-	g--------	-	μέν
0010	008	7	-	100678546	-	τῶν	-	-	-	l-p---ng-	-	ὁ
0010	008	7	-	100678547	-	μελλόντων	-	-	-	v-pppang-	-	μέλλω
0010	008	7	-	100678548	-	εἰδέναι	-	-	-	v--rna---	-	οἶδα
0010	008	7	-	100678549	-	προσποιουμένους	-	-	-	v-pppmma-	-	προσποιέω
0010	008	7	-	100678550	-	,	-	-	-	u--------	-	,
0010	008	8	-	100678551	-	περὶ	-	-	-	r--------	-	περί
0010	008	8	-	100678552	-	δὲ	-	-	-	c--------	-	δέ
0010	008	8	-	100678553	-	τῶν	-	-	-	l-p---ng-	-	ὁ
0010	008	8	-	100678554	-	παρόντων	-	-	-	v-pppang-	-	πάρειμι
0010	008	8	-	100678555	-	μηδὲν	-	-	-	p-s---na-	-	μηδείς
0010	008	8	-	100678556	-	τῶν	-	-	-	l-p---ng-	-	ὁ
0010	008	8	-	100678557	-	δεόντων	-	-	-	v-pppang-	-	δέω
0010	008	8	-	100678558	-	μή	-	-	-	d--------	-	μή
0010	008	8	-	100678559	-	-τ’	-	-	-	c--------	-	τε
0010	008	8	-	100678560	-	εἰπεῖν	-	-	-	v--ana---	-	λέγω
0010	008	8	-	100678561	-	μή	-	-	-	d--------	-	μή
0010	008	8	-	100678562	-	-τε	-	-	-	c--------	-	τε
0010	008	8	-	100678563	-	συμβουλεῦσαι	-	-	-	v--ana---	-	συμβουλεύω
0010	008	8	-	100678564	-	δυναμένους	-	-	-	v-pppmma-	-	δύναμαι
0010	008	8	-	100678565	-	,	-	-	-	u--------	-	,
0010	008	8	-	100678566	-	ἀλλὰ	-	-	-	c--------	-	ἀλλά
0010	008	8	-	100678567	-	μᾶλλον	-	-	-	d-------c	-	μάλα
0010	008	8	-	100678568	-	ὁμονοοῦντας	-	-	-	v-pppama-	-	ὁμονοέω
0010	008	8	-	100678569	-	καὶ	-	-	-	c--------	-	καί
0010	008	8	-	100678570	-	πλείω	-	-	-	a-p---nac	-	πολύς
0010	008	8	-	100678571	-	κατορθοῦντας	-	-	-	v-pppama-	-	κατορθόω
0010	008	8	-	100678572	-	τοὺς	-	-	-	l-p---ma-	-	ὁ
0010	008	8	-	100678573	-	ταῖς	-	-	-	l-p---fd-	-	ὁ
0010	008	8	-	100678574	-	δόξαις	-	-	-	n-p---fd-	-	δόξα
0010	008	8	-	100678575	-	χρωμένους	-	-	-	v-pppmma-	-	χράω
0010	008	8	-	100678576	-	ἢ	-	-	-	c--------	-	ἤ
0010	008	8	-	100678577	-	τοὺς	-	-	-	l-p---ma-	-	ὁ
0010	008	8	-	100678578	-	τὴν	-	-	-	l-s---fa-	-	ὁ
0010	008	8	-	100678579	-	ἐπιστήμην	-	-	-	n-s---fa-	-	ἐπιστήμη
0010	008	8	-	100678580	-	ἔχειν	-	-	-	v--pna---	-	ἔχω
0010	008	8	-	100678581	-	ἐπαγγελλομένους	-	-	-	v-pppmma-	-	ἐπαγγέλλω
0010	008	8	-	100678582	-	,	-	-	-	u--------	-	,
0010	008	8	-	100678583	-	εἰκότως	-	-	-	d--------	-	ἔοικα
0010	008	8	-	100678584	-	οἶμαι	-	-	-	v1spim---	-	οἴομαι
0010	008	8	-	100678585	-	καταφρονοῦσι	-	-	-	v3ppia---	-	καταφρονέω
0010	008	8	-	100678586	-	,	-	-	-	u--------	-	,
0010	008	8	-	100678587	-	καὶ	-	-	-	c--------	-	καί
0010	008	8	-	100678588	-	νομίζουσιν	-	-	-	v3ppia---	-	νομίζω
0010	008	8	-	100678589	-	ἀδολεσχίαν	-	-	-	n-s---fa-	-	ἀδολεσχία
0010	008	8	-	100678590	-	καὶ	-	-	-	c--------	-	καί
0010	008	8	-	100678591	-	μικρολογίαν	-	-	-	n-s---fa-	-	μικρολογία
0010	008	8	-	100678592	-	ἀλλ’	-	-	-	c--------	-	ἀλλά
0010	008	8	-	100678593	-	οὐ	-	-	-	d--------	-	οὐ
0010	008	8	-	100678594	-	τῆς	-	-	-	l-s---fg-	-	ὁ
0010	008	8	-	100678595	-	ψυχῆς	-	-	-	n-s---fg-	-	ψυχή
0010	008	8	-	100678596	-	ἐπιμέλειαν	-	-	-	n-s---fa-	-	ἐπιμέλεια
0010	008	8	-	100678597	-	εἶναι	-	-	-	v--pna---	-	εἰμί
0010	008	8	-	100678598	-	τὰς	-	-	-	l-p---fa-	-	ὁ
0010	008	8	-	100678599	-	τοιαύτας	-	-	-	p-p---fa-	-	τοιοῦτος
0010	008	8	-	100678600	-	διατριβάς	-	-	-	n-p---fa-	-	διατριβή
0010	008	8	-	100678601	-	.	-	-	-	u--------	-	.
0010	008	8	-	1000052058	-	E	-	-	-	z--------	-	E
0010	008	9	-	100678602	-	οὐ	-	-	-	d--------	-	οὐ
0010	008	9	-	100678603	-	μόνον	-	-	-	d--------	-	μόνος
0010	008	9	-	100678604	-	δὲ	-	-	-	c--------	-	δέ
0010	008	9	-	100678605	-	τούτοις	-	-	-	p-p---md-	-	οὗτος
0010	008	9	-	100678606	-	ἀλλὰ	-	-	-	c--------	-	ἀλλά
0010	008	9	-	100678607	-	καὶ	-	-	-	c--------	-	καί
0010	008	9	-	100678608	-	τοῖς	-	-	-	l-p---md-	-	ὁ
0010	008	9	-	100678609	-	τοὺς	-	-	-	l-p---ma-	-	ὁ
0010	008	9	-	100678610	-	πολιτικοὺς	-	-	-	a-p---ma-	-	πολιτικός
0010	008	9	-	100678611	-	λόγους	-	-	-	n-p---ma-	-	λόγος
0010	008	9	-	100678612	-	ὑπισχνουμένοις	-	-	-	v-pppmmd-	-	ὑπισχνέομαι
0010	008	9	-	100678613	-	ἄξιον	-	-	-	a-s---nn-	-	ἄξιος
0010	008	9	-	100678614	-	ἐπιτιμῆσαι	-	-	-	v--ana---	-	ἐπιτιμάω
0010	008	9	-	100678615	-	καὶ	-	-	-	c--------	-	καί
0010	008	9	-	100678616	-	γὰρ	-	-	-	g--------	-	γάρ
0010	008	9	-	100678617	-	ἐκεῖνοι	-	-	-	p-p---mn-	-	ἐκεῖνος
0010	008	9	-	100678618	-	τῆς	-	-	-	l-s---fg-	-	ὁ
0010	008	9	-	100678619	-	μὲν	-	-	-	g--------	-	μέν
0010	008	9	-	100678620	-	ἀληθείας	-	-	-	n-s---fg-	-	ἀλήθεια
0010	008	9	-	100678621	-	οὐδὲν	-	-	-	p-s---na-	-	οὐδείς
0010	008	9	-	100678622	-	φροντίζουσιν	-	-	-	v3ppia---	-	φροντίζω
0010	008	9	-	100678623	-	,	-	-	-	u--------	-	,
0010	008	9	-	100678624	-	ἡγοῦνται	-	-	-	v3ppim---	-	ἡγέομαι
0010	008	9	-	100678625	-	δὲ	-	-	-	c--------	-	δέ
0010	008	9	-	100678626	-	τοῦτ’	-	-	-	p-s---na-	-	οὗτος
0010	008	9	-	100678627	-	εἶναι	-	-	-	v--pna---	-	εἰμί
0010	008	9	-	100678628	-	τὴν	-	-	-	l-s---fa-	-	ὁ
0010	008	9	-	100678629	-	τέχνην	-	-	-	n-s---fa-	-	τέχνη
0010	008	9	-	100678630	-	,	-	-	-	u--------	-	,
0010	008	9	-	100678631	-	ἢν	-	-	-	c--------	-	ἐάν
0010	008	9	-	100678632	-	ὡς	-	-	-	c--------	-	ὡς
0010	008	9	-	100678633	-	πλείστους	-	-	-	a-p---mas	-	πολύς
0010	008	9	-	100678634	-	τῇ	-	-	-	l-s---fd-	-	ὁ
0010	008	9	-	100678635	-	μικρότητι	-	-	-	n-s---fd-	-	μικρότης
0010	008	9	-	100678636	-	τῶν	-	-	-	l-p---fg-	-	ὁ
0010	008	9	-	100678637	-	μισθῶν	-	-	-	n-p---mg-	-	μισθός
0010	008	9	-	100678638	-	καὶ	-	-	-	c--------	-	καί
0010	008	9	-	100678639	-	τῷ	-	-	-	l-s---nd-	-	ὁ
0010	008	9	-	100678640	-	μεγέθει	-	-	-	n-s---nd-	-	μέγεθος
0010	008	9	-	100678641	-	τῶν	-	-	-	l-p---ng-	-	ὁ
0010	008	9	-	100678642	-	ἐπαγγελμάτων	-	-	-	n-p---ng-	-	ἐπάγγελμα
0010	008	9	-	100678643	-	προσαγάγωνται	-	-	-	v3pasm---	-	προσάγω
0010	008	9	-	100678644	-	καὶ	-	-	-	c--------	-	καί
0010	008	9	-	100678645	-	λαβεῖν	-	-	-	v--ana---	-	λαμβάνω
0010	008	9	-	100678646	-	τι	-	-	-	p-s---na-	-	τις
0010	008	9	-	100678647	-	παρ’	-	-	-	r--------	-	παρά
0010	008	9	-	100678648	-	αὐτῶν	-	-	-	p-p---mg-	-	αὐτός
0010	008	9	-	100678649	-	δυνηθῶσιν	-	-	-	v3pasp---	-	δύναμαι
0010	008	9	-	100678650	-	·	-	-	-	u--------	-	·
0010	008	9	-	1000052059	-	E	-	-	-	z--------	-	E
0010	008	9	-	100678651	-	οὕτω	-	-	-	d--------	-	οὕτως
0010	008	9	-	100678652	-	δ’	-	-	-	c--------	-	δέ
0010	008	9	-	100678653	-	ἀναισθήτως	-	-	-	d--------	-	ἀναίσθητος
0010	008	9	-	100678654	-	αὐτοί	-	-	-	p-p---mn-	-	αὐτός
0010	008	9	-	100678655	-	τε	-	-	-	c--------	-	τε
0010	008	9	-	100678656	-	διάκεινται	-	-	-	v3ppim---	-	διάκειμαι
0010	008	9	-	100678657	-	καὶ	-	-	-	c--------	-	καί
0010	008	9	-	100678658	-	τοὺς	-	-	-	l-p---ma-	-	ὁ
0010	008	9	-	100678659	-	ἄλλους	-	-	-	p-p---ma-	-	ἄλλος
0010	008	9	-	100678660	-	ἔχειν	-	-	-	v--pna---	-	ἔχω
0010	008	9	-	100678661	-	ὑπειλήφασιν	-	-	-	v3pria---	-	ὑπολαμβάνω
0010	008	9	-	100678662	-	,	-	-	-	u--------	-	,
0010	008	9	-	100678663	-	ὥστε	-	-	-	c--------	-	ὥστε
0010	008	9	-	100678664	-	χεῖρον	-	-	-	a-s---nac	-	κακός
0010	008	9	-	100678665	-	γράφοντες	-	-	-	v-pppamn-	-	γράφω
0010	008	9	-	100678666	-	τοὺς	-	-	-	l-p---ma-	-	ὁ
0010	008	9	-	100678667	-	λόγους	-	-	-	n-p---ma-	-	λόγος
0010	008	9	-	100678668	-	ἢ	-	-	-	c--------	-	ἤ
0010	008	9	-	100678669	-	τῶν	-	-	-	l-p---mg-	-	ὁ
0010	008	9	-	100678670	-	ἰδιωτῶν	-	-	-	n-p---mg-	-	ἰδιώτης
0010	008	9	-	100678671	-	τινες	-	-	-	p-p---cn-	-	τις
0010	008	9	-	100678672	-	αὐτοσχεδιάζουσιν	-	-	-	v3ppia---	-	αὐτοσχεδιάζω
0010	008	9	-	100678673	-	,	-	-	-	u--------	-	,
0010	008	9	-	100678674	-	ὅμως	-	-	-	d--------	-	ὅμως
0010	008	9	-	100678675	-	ὑπισχνοῦνται	-	-	-	v3ppim---	-	ὑπισχνέομαι
0010	008	9	-	100678676	-	τοιούτους	-	-	-	p-p---ma-	-	τοιοῦτος
0010	008	9	-	100678677	-	ῥήτορας	-	-	-	n-p---ma-	-	ῥήτωρ
0010	008	9	-	100678678	-	τοὺς	-	-	-	l-p---ma-	-	ὁ
0010	008	9	-	100678679	-	συνόντας	-	-	-	v-pppama-	-	σύνειμι
0010	008	9	-	100678680	-	ποιήσειν	-	-	-	v--fna---	-	ποιέω
0010	008	9	-	100678681	-	ὥστε	-	-	-	c--------	-	ὥστε
0010	008	9	-	100678682	-	μηδὲν	-	-	-	p-s---na-	-	μηδείς
0010	008	9	-	100678683	-	τῶν	-	-	-	l-p---ng-	-	ὁ
0010	008	9	-	100678684	-	ἐνόντων	-	-	-	v-pppang-	-	ἔνειμι
0010	008	9	-	100678685	-	ἐν	-	-	-	r--------	-	ἐν
0010	008	9	-	100678686	-	τοῖς	-	-	-	l-p---nd-	-	ὁ
0010	008	9	-	100678687	-	πράγμασι	-	-	-	n-p---nd-	-	πρᾶγμα
0010	008	9	-	100678688	-	παραλιπεῖν	-	-	-	v--ana---	-	παραλείπω
0010	008	9	-	100678689	-	.	-	-	-	u--------	-	.
0010	008	10	-	100678690	-	καὶ	-	-	-	c--------	-	καί
0010	008	10	-	100678691	-	ταύτης	-	-	-	p-s---fg-	-	οὗτος
0010	008	10	-	100678692	-	τῆς	-	-	-	l-s---fg-	-	ὁ
0010	008	10	-	100678693	-	δυνάμεως	-	-	-	n-s---fg-	-	δύναμις
0010	008	10	-	100678694	-	οὐδὲν	-	-	-	p-s---na-	-	οὐδείς
0010	008	10	-	100678695	-	οὔ	-	-	-	d--------	-	οὐ
0010	008	10	-	100678696	-	-τε	-	-	-	c--------	-	τε
0010	008	10	-	100678697	-	ταῖς	-	-	-	l-p---fd-	-	ὁ
0010	008	10	-	100678698	-	ἐμπειρίαις	-	-	-	n-p---fd-	-	ἐμπειρία
0010	008	10	-	100678699	-	οὔ	-	-	-	d--------	-	οὐ
0010	008	10	-	100678700	-	-τε	-	-	-	c--------	-	τε
0010	008	10	-	100678701	-	τῇ	-	-	-	l-s---fd-	-	ὁ
0010	008	10	-	100678702	-	φύσει	-	-	-	n-s---fd-	-	φύσις
0010	008	10	-	100678703	-	τῇ	-	-	-	l-s---fd-	-	ὁ
0010	008	10	-	100678704	-	τοῦ	-	-	-	l-s---mg-	-	ὁ
0010	008	10	-	100678705	-	μαθητοῦ	-	-	-	n-s---mg-	-	μαθητής
0010	008	10	-	100678706	-	μεταδιδόασιν	-	-	-	v3ppia---	-	μεταδίδωμι
0010	008	10	-	100678707	-	,	-	-	-	u--------	-	,
0010	008	10	-	100678708	-	ἀλλά	-	-	-	c--------	-	ἀλλά
0010	008	10	-	100678709	-	φασιν	-	-	-	v3ppia---	-	φημί
0010	008	10	-	100678710	-	ὁμοίως	-	-	-	d--------	-	ὅμοιος
0010	008	10	-	100678711	-	τὴν	-	-	-	l-s---fa-	-	ὁ
0010	008	10	-	100678712	-	τῶν	-	-	-	l-p---mg-	-	ὁ
0010	008	10	-	100678713	-	λόγων	-	-	-	n-p---mg-	-	λόγος
0010	008	10	-	100678714	-	ἐπιστήμην	-	-	-	n-s---fa-	-	ἐπιστήμη
0010	008	10	-	100678715	-	ὥσπερ	-	-	-	c--------	-	ὥσπερ
0010	008	10	-	100678716	-	τὴν	-	-	-	l-s---fa-	-	ὁ
0010	008	10	-	100678717	-	τῶν	-	-	-	l-p---ng-	-	ὁ
0010	008	10	-	100678718	-	γραμμάτων	-	-	-	n-p---ng-	-	γράμμα
0010	008	10	-	100678719	-	παραδώσειν	-	-	-	v--fna---	-	παραδίδωμι
0010	008	10	-	100678720	-	,	-	-	-	u--------	-	,
0010	008	10	-	100678721	-	ὡς	-	-	-	c--------	-	ὡς
0010	008	10	-	100678722	-	μὲν	-	-	-	g--------	-	μέν
0010	008	10	-	100678723	-	ἔχει	-	-	-	v3spia---	-	ἔχω
0010	008	10	-	100678724	-	τούτων	-	-	-	p-p---ng-	-	οὗτος
0010	008	10	-	100678725	-	ἑκάτερον	-	-	-	p-s---nn-	-	ἑκάτερος
0010	008	10	-	100678726	-	,	-	-	-	u--------	-	,
0010	008	10	-	100678727	-	οὐκ	-	-	-	d--------	-	οὐ
0010	008	10	-	100678728	-	ἐξετάσαντες	-	-	-	v-papamn-	-	ἐξετάζω
0010	008	10	-	100678729	-	,	-	-	-	u--------	-	,
0010	008	10	-	100678730	-	οἰόμενοι	-	-	-	v-pppmmn-	-	οἴομαι
0010	008	10	-	100678731	-	δὲ	-	-	-	c--------	-	δέ
0010	008	10	-	100678732	-	διὰ	-	-	-	r--------	-	διά
0010	008	10	-	100678733	-	τὰς	-	-	-	l-p---fa-	-	ὁ
0010	008	10	-	100678734	-	ὑπερβολὰς	-	-	-	n-p---fa-	-	ὑπερβολή
0010	008	10	-	100678735	-	τῶν	-	-	-	l-p---ng-	-	ὁ
0010	008	10	-	100678736	-	ἐπαγγελμάτων	-	-	-	n-p---ng-	-	ἐπάγγελμα
0010	008	10	-	100678737	-	αὐτοί	-	-	-	p-p---mn-	-	αὐτός
0010	008	10	-	100678738	-	τε	-	-	-	c--------	-	τε
0010	008	10	-	100678739	-	θαυμασθήσεσθαι	-	-	-	v--fnp---	-	θαυμάζω
0010	008	10	-	100678740	-	καὶ	-	-	-	c--------	-	καί
0010	008	10	-	100678741	-	τὴν	-	-	-	l-s---fa-	-	ὁ
0010	008	10	-	100678742	-	παίδευσιν	-	-	-	n-s---fa-	-	παίδευσις
0010	008	10	-	100678743	-	τὴν	-	-	-	l-s---fa-	-	ὁ
0010	008	10	-	100678744	-	τῶν	-	-	-	l-p---mg-	-	ὁ
0010	008	10	-	100678745	-	λόγων	-	-	-	n-p---mg-	-	λόγος
0010	008	10	-	100678746	-	πλέονος	-	-	-	a-s---ngc	-	πολύς
0010	008	10	-	100678747	-	ἀξίαν	-	-	-	a-s---fa-	-	ἄξιος
0010	008	10	-	100678748	-	δόξειν	-	-	-	v--fna---	-	δοκέω
0010	008	10	-	100678749	-	εἶναι	-	-	-	v--pna---	-	εἰμί
0010	008	10	-	100678750	-	,	-	-	-	u--------	-	,
0010	008	10	-	100678751	-	κακῶς	-	-	-	d--------	-	κακός
0010	008	10	-	100678752	-	εἰδότες	-	-	-	v-prpamn-	-	οἶδα
0010	008	10	-	100678753	-	ὅτι	-	-	-	c--------	-	ὅτι
0010	008	10	-	100678754	-	μεγάλας	-	-	-	a-p---fa-	-	μέγας
0010	008	10	-	100678755	-	ποιοῦσι	-	-	-	v3ppia---	-	ποιέω
0010	008	10	-	100678756	-	τὰς	-	-	-	l-p---fa-	-	ὁ
0010	008	10	-	100678757	-	τέχνας	-	-	-	n-p---fa-	-	τέχνη
0010	008	10	-	100678758	-	οὐχ	-	-	-	d--------	-	οὐ
0010	008	10	-	100678759	-	οἱ	-	-	-	l-p---mn-	-	ὁ
0010	008	10	-	100678760	-	τολμῶντες	-	-	-	v-pppamn-	-	τολμάω
0010	008	10	-	100678761	-	ἀλαζονεύεσθαι	-	-	-	v--pnm---	-	ἀλαζονεύομαι
0010	008	10	-	100678762	-	περὶ	-	-	-	r--------	-	περί
0010	008	10	-	100678763	-	αὐτῶν	-	-	-	p-p---ng-	-	αὐτός
0010	008	10	-	100678764	-	,	-	-	-	u--------	-	,
0010	008	10	-	100678765	-	ἀλλ’	-	-	-	c--------	-	ἀλλά
0010	008	10	-	100678766	-	οἵτινες	-	-	-	p-p---mn-	-	ὅστις
0010	008	10	-	100678767	-	ἄν	-	-	-	g--------	-	ἄν
0010	008	10	-	100678768	-	,	-	-	-	u--------	-	,
0010	008	10	-	100678769	-	ὅσον	-	-	-	p-s---nn-	-	ὅσος
0010	008	10	-	100678770	-	ἔνεστιν	-	-	-	v3spia---	-	ἔνειμι
0010	008	10	-	100678771	-	ἐν	-	-	-	r--------	-	ἐν
0010	008	10	-	100678772	-	ἑκάστῃ	-	-	-	p-s---fd-	-	ἕκαστος
0010	008	10	-	100678773	-	,	-	-	-	u--------	-	,
0010	008	10	-	100678774	-	τοῦτ’	-	-	-	p-s---na-	-	οὗτος
0010	008	10	-	100678775	-	ἐξευρεῖν	-	-	-	v--ana---	-	ἐξευρίσκω
0010	008	10	-	100678776	-	δυνηθῶσιν	-	-	-	v3pasp---	-	δύναμαι
0010	008	10	-	100678777	-	.	-	-	-	u--------	-	.
0010	008	10	-	1000052060	-	E	-	-	-	z--------	-	E
0010	008	11	-	100678778	-	ἐγὼ	-	-	-	p-s---cn-	-	ἐγώ
0010	008	11	-	100678779	-	δὲ	-	-	-	c--------	-	δέ
0010	008	11	-	100678780	-	πρὸ	-	-	-	r--------	-	πρό
0010	008	11	-	100678781	-	πολλῶν	-	-	-	a-p---ng-	-	πολύς
0010	008	11	-	100678782	-	μὲν	-	-	-	g--------	-	μέν
0010	008	11	-	100678783	-	ἂν	-	-	-	g--------	-	ἄν
0010	008	11	-	100678784	-	χρημάτων	-	-	-	n-p---ng-	-	χρῆμα
0010	008	11	-	100678785	-	ἐτιμησάμην	-	-	-	v1saim---	-	τιμάω
0010	008	11	-	100678786	-	τηλικοῦτον	-	-	-	p-s---na-	-	τηλικοῦτος
0010	008	11	-	100678787	-	δύνασθαι	-	-	-	v--pnm---	-	δύναμαι
0010	008	11	-	100678788	-	τὴν	-	-	-	l-s---fa-	-	ὁ
0010	008	11	-	100678789	-	φιλοσοφίαν	-	-	-	n-s---fa-	-	φιλοσοφία
0010	008	11	-	100678790	-	,	-	-	-	u--------	-	,
0010	008	11	-	100678791	-	ὅσον	-	-	-	p-s---na-	-	ὅσος
0010	008	11	-	100678792	-	οὗτοι	-	-	-	p-p---mn-	-	οὗτος
0010	008	11	-	100678793	-	λέγουσιν	-	-	-	v3ppia---	-	λέγω
0010	008	11	-	100678794	-	,	-	-	-	u--------	-	,
0010	008	11	-	100678795	-	ἴσως	-	-	-	d--------	-	ἴσως
0010	008	11	-	100678796	-	γὰρ	-	-	-	g--------	-	γάρ
0010	008	11	-	100678797	-	οὐκ	-	-	-	d--------	-	οὐ
0010	008	11	-	100678798	-	ἂν	-	-	-	g--------	-	ἄν
0010	008	11	-	100678799	-	ἡμεῖς	-	-	-	p-p---cn-	-	ἐγώ
0010	008	11	-	100678800	-	πλεῖστον	-	-	-	a-s---nas	-	πολύς
0010	008	11	-	100678801	-	ἀπελείφθημεν	-	-	-	v1paip---	-	ἀπολείπω
0010	008	11	-	100678802	-	,	-	-	-	u--------	-	,
0010	008	11	-	100678803	-	οὐ	-	-	-	d--------	-	οὐ
0010	008	11	-	100678804	-	-δ’	-	-	-	c--------	-	δέ
0010	008	11	-	100678805	-	ἂν	-	-	-	g--------	-	ἄν
0010	008	11	-	100678806	-	ἐλάχιστον	-	-	-	a-s---nas	-	ἐλαχύς
0010	008	11	-	100678807	-	μέρος	-	-	-	n-s---na-	-	μέρος
0010	008	11	-	100678808	-	ἀπελαύσαμεν	-	-	-	v1paia---	-	ἀπολαύω
0010	008	11	-	100678809	-	αὐτῆς	-	-	-	p-s---fg-	-	αὐτός
0010	008	11	-	100678810	-	·	-	-	-	u--------	-	·
0010	008	11	-	100678811	-	ἐπειδὴ	-	-	-	c--------	-	ἐπειδή
0010	008	11	-	100678812	-	δ’	-	-	-	c--------	-	δέ
0010	008	11	-	100678813	-	οὐχ	-	-	-	d--------	-	οὐ
0010	008	11	-	100678814	-	οὕτως	-	-	-	d--------	-	οὕτως
0010	008	11	-	100678815	-	ἔχει	-	-	-	v3spia---	-	ἔχω
0010	008	11	-	100678816	-	,	-	-	-	u--------	-	,
0010	008	11	-	100678817	-	βουλοίμην	-	-	-	v1spom---	-	βούλομαι
0010	008	11	-	100678818	-	ἂν	-	-	-	g--------	-	ἄν
0010	008	11	-	100678819	-	παύσασθαι	-	-	-	v--anm---	-	παύω
0010	008	11	-	100678820	-	τοὺς	-	-	-	l-p---ma-	-	ὁ
0010	008	11	-	100678821	-	φλυαροῦντας	-	-	-	v-pppama-	-	φλυαρέω
0010	008	11	-	100678822	-	·	-	-	-	u--------	-	·
0010	008	11	-	100678823	-	ὁρῶ	-	-	-	v1spia---	-	ὁράω
0010	008	11	-	100678824	-	γὰρ	-	-	-	g--------	-	γάρ
0010	008	11	-	100678825	-	οὐ	-	-	-	d--------	-	οὐ
0010	008	11	-	100678826	-	μόνον	-	-	-	d--------	-	μόνος
0010	008	11	-	100678827	-	περὶ	-	-	-	r--------	-	περί
0010	008	11	-	100678828	-	τοὺς	-	-	-	l-p---ma-	-	ὁ
0010	008	11	-	100678829	-	ἐξαμαρτάνοντας	-	-	-	v-pppama-	-	ἐξαμαρτάνω
0010	008	11	-	100678830	-	τὰς	-	-	-	l-p---fa-	-	ὁ
0010	008	11	-	100678831	-	βλασφημίας	-	-	-	n-p---fa-	-	βλασφημία
0010	008	11	-	100678832	-	γιγνομένας	-	-	-	v-pppmfa-	-	γίγνομαι
0010	008	11	-	100678833	-	,	-	-	-	u--------	-	,
0010	008	11	-	100678834	-	ἀλλὰ	-	-	-	c--------	-	ἀλλά
0010	008	11	-	100678835	-	καὶ	-	-	-	c--------	-	καί
0010	008	11	-	100678836	-	τοὺς	-	-	-	l-p---ma-	-	ὁ
0010	008	11	-	100678837	-	ἄλλους	-	-	-	p-p---ma-	-	ἄλλος
0010	008	11	-	100678838	-	ἅπαντας	-	-	-	p-p---ma-	-	ἅπας
0010	008	11	-	100678839	-	συνδιαβαλλομένους	-	-	-	v-pppmma-	-	συνδιαβάλλω
0010	008	11	-	100678840	-	τοὺς	-	-	-	l-p---ma-	-	ὁ
0010	008	11	-	100678841	-	περὶ	-	-	-	r--------	-	περί
0010	008	11	-	100678842	-	τὴν	-	-	-	l-s---fa-	-	ὁ
0010	008	11	-	100678843	-	αὐτὴν	-	-	-	p-s---fa-	-	αὐτός
0010	008	11	-	100678844	-	διατριβὴν	-	-	-	n-s---fa-	-	διατριβή
0010	008	11	-	100678845	-	ὄντας	-	-	-	v-pppama-	-	εἰμί
0010	008	11	-	100678846	-	.	-	-	-	u--------	-	.
0010	008	12	-	100678847	-	θαυμάζω	-	-	-	v1spia---	-	θαυμάζω
0010	008	12	-	100678848	-	δ’	-	-	-	c--------	-	δέ
0010	008	12	-	100678849	-	ὅταν	-	-	-	c--------	-	ὅταν
0010	008	12	-	100678850	-	ἴδω	-	-	-	v1sasa---	-	ὁράω
0010	008	12	-	100678851	-	τούτους	-	-	-	p-p---ma-	-	οὗτος
0010	008	12	-	100678852	-	μαθητῶν	-	-	-	n-p---mg-	-	μαθητής
0010	008	12	-	100678853	-	ἀξιουμένους	-	-	-	v-pppmma-	-	ἀξιόω
0010	008	12	-	100678854	-	,	-	-	-	u--------	-	,
0010	008	12	-	100678855	-	οἳ	-	-	-	p-p---mn-	-	ὅς
0010	008	12	-	100678856	-	ποιητικοῦ	-	-	-	a-s---ng-	-	ποιητικός
0010	008	12	-	100678857	-	πράγματος	-	-	-	n-s---ng-	-	πρᾶγμα
0010	008	12	-	100678858	-	τεταγμένην	-	-	-	v-srpmfa-	-	τάσσω
0010	008	12	-	100678859	-	τέχνην	-	-	-	n-s---fa-	-	τέχνη
0010	008	12	-	100678860	-	παράδειγμα	-	-	-	n-s---na-	-	παράδειγμα
0010	008	12	-	100678861	-	φέροντες	-	-	-	v-pppamn-	-	φέρω
0010	008	12	-	100678862	-	λελήθασι	-	-	-	v3pria---	-	λανθάνω
0010	008	12	-	100678863	-	σφᾶς	-	-	-	p-p---ca-	-	σφεῖς
0010	008	12	-	100678864	-	αὐτούς	-	-	-	p-p---ma-	-	αὐτός
0010	008	12	-	100678865	-	.	-	-	-	u--------	-	.
0010	008	12	-	100678866	-	τίς	-	-	-	p-s---cn-	-	τίς
0010	008	12	-	100678867	-	γὰρ	-	-	-	g--------	-	γάρ
0010	008	12	-	100678868	-	οὐκ	-	-	-	d--------	-	οὐ
0010	008	12	-	100678869	-	οἶδε	-	-	-	v3sria---	-	οἶδα
0010	008	12	-	100678870	-	πλὴν	-	-	-	r--------	-	πλήν
0010	008	12	-	100678871	-	τούτων	-	-	-	p-p---ng-	-	οὗτος
0010	008	12	-	100678872	-	ὅτι	-	-	-	c--------	-	ὅτι
0010	008	12	-	100678873	-	τὸ	-	-	-	l-s---nn-	-	ὁ
0010	008	12	-	100678874	-	μὲν	-	-	-	g--------	-	μέν
0010	008	12	-	100678875	-	τῶν	-	-	-	l-p---ng-	-	ὁ
0010	008	12	-	100678876	-	γραμμάτων	-	-	-	n-p---ng-	-	γράμμα
0010	008	12	-	100678877	-	ἀκινήτως	-	-	-	d--------	-	ἀκίνητος
0010	008	12	-	100678878	-	ἔχει	-	-	-	v3spia---	-	ἔχω
0010	008	12	-	100678879	-	καὶ	-	-	-	c--------	-	καί
0010	008	12	-	100678880	-	μένει	-	-	-	v3spia---	-	μένω
0010	008	12	-	100678881	-	κατὰ	-	-	-	r--------	-	κατά
0010	008	12	-	100678882	-	τα-	-	-	-	l-s---na-	-	ὁ
0010	008	12	-	100678883	-	ταὐτόν	-	-	-	p-s---na-	-	αὐτός
0010	008	12	-	100678884	-	,	-	-	-	u--------	-	,
0010	008	12	-	100678885	-	ὥστε	-	-	-	c--------	-	ὥστε
0010	008	12	-	100678886	-	τοῖς	-	-	-	l-p---nd-	-	ὁ
0010	008	12	-	100678887	-	αὐτοῖς	-	-	-	p-p---nd-	-	αὐτός
0010	008	12	-	100678888	-	ἀεὶ	-	-	-	d--------	-	ἀεί
0010	008	12	-	100678889	-	περὶ	-	-	-	r--------	-	περί
0010	008	12	-	100678890	-	τῶν	-	-	-	l-p---ng-	-	ὁ
0010	008	12	-	100678891	-	αὐτῶν	-	-	-	p-p---ng-	-	αὐτός
0010	008	12	-	100678892	-	χρώμενοι	-	-	-	v-pppmmn-	-	χράω
0010	008	12	-	100678893	-	διατελοῦμεν	-	-	-	v1ppia---	-	διατελέω
0010	008	12	-	100678894	-	,	-	-	-	u--------	-	,
0010	008	12	-	100678895	-	τὸ	-	-	-	l-s---nn-	-	ὁ
0010	008	12	-	100678896	-	δὲ	-	-	-	c--------	-	δέ
0010	008	12	-	100678897	-	τῶν	-	-	-	l-p---mg-	-	ὁ
0010	008	12	-	100678898	-	λόγων	-	-	-	n-p---mg-	-	λόγος
0010	008	12	-	100678899	-	πᾶν	-	-	-	p-s---nn-	-	πᾶς
0010	008	12	-	100678900	-	το-	-	-	-	l-s---nn-	-	ὁ
0010	008	12	-	100678901	-	τοὐναντίον	-	-	-	a-s---nn-	-	ἐναντίος
0010	008	12	-	100678902	-	πέπονθεν	-	-	-	v3sria---	-	πάσχω
0010	008	12	-	100678903	-	·	-	-	-	u--------	-	·
0010	008	12	-	100678904	-	τὸ	-	-	-	l-s---nn-	-	ὁ
0010	008	12	-	100678905	-	γὰρ	-	-	-	g--------	-	γάρ
0010	008	12	-	100678906	-	ὑφ’	-	-	-	r--------	-	ὑπό
0010	008	12	-	100678907	-	ἑτέρου	-	-	-	p-s---mg-	-	ἕτερος
0010	008	12	-	100678908	-	ῥηθὲν	-	-	-	v-sappnn-	-	λέγω
0010	008	12	-	100678909	-	τῷ	-	-	-	l-s---md-	-	ὁ
0010	008	12	-	100678910	-	λέγοντι	-	-	-	v-sppamd-	-	λέγω
0010	008	12	-	100678911	-	μετ’	-	-	-	r--------	-	μετά
0010	008	12	-	100678912	-	ἐκεῖνον	-	-	-	p-s---ma-	-	ἐκεῖνος
0010	008	12	-	100678913	-	οὐχ	-	-	-	d--------	-	οὐ
0010	008	12	-	100678914	-	ὁμοίως	-	-	-	d--------	-	ὅμοιος
0010	008	12	-	100678915	-	χρήσιμόν	-	-	-	a-s---nn-	-	χρήσιμος
0010	008	12	-	100678916	-	ἐστιν	-	-	-	v3spia---	-	εἰμί
0010	008	12	-	100678917	-	,	-	-	-	u--------	-	,
0010	008	12	-	100678918	-	ἀλλ’	-	-	-	c--------	-	ἀλλά
0010	008	12	-	100678919	-	οὗτος	-	-	-	p-s---mn-	-	οὗτος
0010	008	12	-	100678920	-	εἶναι	-	-	-	v--pna---	-	εἰμί
0010	008	12	-	100678921	-	δοκεῖ	-	-	-	v3spia---	-	δοκέω
0010	008	12	-	100678922	-	τεχνικώτατος	-	-	-	a-s---mns	-	τεχνικός
0010	008	12	-	100678923	-	,	-	-	-	u--------	-	,
0010	008	12	-	100678924	-	ὅς	-	-	-	p-s---mn-	-	ὅς
0010	008	12	-	100678925	-	τις	-	-	-	p-s---cn-	-	τις
0010	008	12	-	100678926	-	ἂν	-	-	-	g--------	-	ἄν
0010	008	12	-	100678927	-	ἀξίως	-	-	-	d--------	-	ἄξιος
0010	008	12	-	100678928	-	μὲν	-	-	-	g--------	-	μέν
0010	008	12	-	100678929	-	λέγῃ	-	-	-	v3spsa---	-	λέγω
0010	008	12	-	100678930	-	τῶν	-	-	-	l-p---ng-	-	ὁ
0010	008	12	-	100678931	-	πραγμάτων	-	-	-	n-p---ng-	-	πρᾶγμα
0010	008	12	-	100678932	-	,	-	-	-	u--------	-	,
0010	008	12	-	100678933	-	μηδὲν	-	-	-	p-s---na-	-	μηδείς
0010	008	12	-	100678934	-	δὲ	-	-	-	c--------	-	δέ
0010	008	12	-	100678935	-	τῶν	-	-	-	l-p---ng-	-	ὁ
0010	008	12	-	100678936	-	αὐτῶν	-	-	-	p-p---ng-	-	αὐτός
0010	008	12	-	100678937	-	τοῖς	-	-	-	l-p---md-	-	ὁ
0010	008	12	-	100678938	-	ἄλλοις	-	-	-	p-p---md-	-	ἄλλος
0010	008	12	-	100678939	-	εὑρίσκειν	-	-	-	v--pna---	-	εὑρίσκω
0010	008	12	-	100678940	-	δύνηται	-	-	-	v3spsm---	-	δύναμαι
0010	008	12	-	100678941	-	.	-	-	-	u--------	-	.
0010	008	13	-	100678942	-	μέγιστον	-	-	-	a-s---nns	-	μέγας
0010	008	13	-	100678943	-	δὲ	-	-	-	c--------	-	δέ
0010	008	13	-	100678944	-	σημεῖον	-	-	-	n-s---nn-	-	σημεῖον
0010	008	13	-	100678945	-	τῆς	-	-	-	l-s---fg-	-	ὁ
0010	008	13	-	100678946	-	ἀνομοιότητος	-	-	-	n-s---fg-	-	ἀνομοιότης
0010	008	13	-	100678947	-	αὐτῶν	-	-	-	p-p---mg-	-	αὐτός
0010	008	13	-	100678948	-	·	-	-	-	u--------	-	·
0010	008	13	-	1000052061	-	E	-	-	-	z--------	-	E
0010	008	13	-	100678949	-	τοὺς	-	-	-	l-p---ma-	-	ὁ
0010	008	13	-	100678950	-	μὲν	-	-	-	g--------	-	μέν
0010	008	13	-	100678951	-	γὰρ	-	-	-	g--------	-	γάρ
0010	008	13	-	100678952	-	λόγους	-	-	-	n-p---ma-	-	λόγος
0010	008	13	-	100678953	-	οὐχ	-	-	-	d--------	-	οὐ
0010	008	13	-	100678954	-	οἷόν	-	-	-	p-s---nn-	-	οἷος
0010	008	13	-	100678955	-	τε	-	-	-	g--------	-	τε
0010	008	13	-	100678956	-	καλῶς	-	-	-	d--------	-	καλός
0010	008	13	-	100678957	-	ἔχειν	-	-	-	v--pna---	-	ἔχω
0010	008	13	-	100678958	-	,	-	-	-	u--------	-	,
0010	008	13	-	100678959	-	ἢν	-	-	-	c--------	-	ἐάν
0010	008	13	-	100678960	-	μὴ	-	-	-	d--------	-	μή
0010	008	13	-	100678961	-	τῶν	-	-	-	l-p---mg-	-	ὁ
0010	008	13	-	100678962	-	καιρῶν	-	-	-	n-p---mg-	-	καιρός
0010	008	13	-	100678963	-	καὶ	-	-	-	c--------	-	καί
0010	008	13	-	100678964	-	τοῦ	-	-	-	l-s---ng-	-	ὁ
0010	008	13	-	100678965	-	πρεπόντως	-	-	-	d--------	-	πρεπόντως
0010	008	13	-	100678966	-	καὶ	-	-	-	c--------	-	καί
0010	008	13	-	100678967	-	τοῦ	-	-	-	l-s---ng-	-	ὁ
0010	008	13	-	100678968	-	καινῶς	-	-	-	d--------	-	καινός
0010	008	13	-	100678969	-	ἔχειν	-	-	-	v--pna---	-	ἔχω
0010	008	13	-	100678970	-	μετάσχωσιν	-	-	-	v3pasa---	-	μετέχω
0010	008	13	-	100678971	-	,	-	-	-	u--------	-	,
0010	008	13	-	100678972	-	τοῖς	-	-	-	l-p---nd-	-	ὁ
0010	008	13	-	100678973	-	δὲ	-	-	-	c--------	-	δέ
0010	008	13	-	100678974	-	γράμμασιν	-	-	-	n-p---nd-	-	γράμμα
0010	008	13	-	100678975	-	οὐδενὸς	-	-	-	p-s---ng-	-	οὐδείς
0010	008	13	-	100678976	-	τούτων	-	-	-	p-p---ng-	-	οὗτος
0010	008	13	-	100678977	-	προσεδέησεν	-	-	-	v3saia---	-	προσδέω
0010	008	13	-	100678978	-	.	-	-	-	u--------	-	.
0010	008	13	-	1000052062	-	E	-	-	-	z--------	-	E
0010	008	13	-	100678979	-	ὥσθ’	-	-	-	c--------	-	ὥστε
0010	008	13	-	100678980	-	οἱ	-	-	-	l-p---mn-	-	ὁ
0010	008	13	-	100678981	-	χρώμενοι	-	-	-	v-pppmmn-	-	χράω
0010	008	13	-	100678982	-	τοῖς	-	-	-	l-p---nd-	-	ὁ
0010	008	13	-	100678983	-	τοιούτοις	-	-	-	p-p---nd-	-	τοιοῦτος
0010	008	13	-	100678984	-	παραδείγμασι	-	-	-	n-p---nd-	-	παράδειγμα
0010	008	13	-	100678985	-	πολὺ	-	-	-	a-s---na-	-	πολύς
0010	008	13	-	100678986	-	ἂν	-	-	-	g--------	-	ἄν
0010	008	13	-	100678987	-	δικαιότερον	-	-	-	a-s---nac	-	δίκαιος
0010	008	13	-	100678988	-	ἀποτίνοιεν	-	-	-	v3ppoa---	-	ἀποτίνω
0010	008	13	-	100678989	-	ἢ	-	-	-	c--------	-	ἤ
0010	008	13	-	100678990	-	λαμβάνοιεν	-	-	-	v3ppoa---	-	λαμβάνω
0010	008	13	-	100678991	-	ἀργύριον	-	-	-	n-s---na-	-	ἀργύριον
0010	008	13	-	100678992	-	,	-	-	-	u--------	-	,
0010	008	13	-	100678993	-	ὅτι	-	-	-	c--------	-	ὅτι
0010	008	13	-	100678994	-	πολλῆς	-	-	-	a-s---fg-	-	πολύς
0010	008	13	-	100678995	-	ἐπιμελείας	-	-	-	n-s---fg-	-	ἐπιμέλεια
0010	008	13	-	100678996	-	αὐτοὶ	-	-	-	p-p---mn-	-	αὐτός
0010	008	13	-	100678997	-	δεόμενοι	-	-	-	v-pppmmn-	-	δέω
0010	008	13	-	100678998	-	παιδεύειν	-	-	-	v--pna---	-	παιδεύω
0010	008	13	-	100678999	-	τοὺς	-	-	-	l-p---ma-	-	ὁ
0010	008	13	-	100679000	-	ἄλλους	-	-	-	p-p---ma-	-	ἄλλος
0010	008	13	-	100679001	-	ἐπιχειροῦσιν	-	-	-	v3ppia---	-	ἐπιχειρέω
0010	008	13	-	100679002	-	.	-	-	-	u--------	-	.
0010	008	14	-	100679003	-	εἰ	-	-	-	c--------	-	εἰ
0010	008	14	-	100679004	-	δὲ	-	-	-	c--------	-	δέ
0010	008	14	-	100679005	-	δεῖ	-	-	-	v3spia---	-	δέω
0010	008	14	-	100679006	-	μὴ	-	-	-	d--------	-	μή
0010	008	14	-	100679007	-	κατηγορεῖν	-	-	-	v--pna---	-	κατηγορέω
0010	008	14	-	100679008	-	τῶν	-	-	-	l-p---mg-	-	ὁ
0010	008	14	-	100679009	-	ἄλλων	-	-	-	p-p---mg-	-	ἄλλος
0010	008	14	-	100679010	-	ἀλλὰ	-	-	-	c--------	-	ἀλλά
0010	008	14	-	100679011	-	καὶ	-	-	-	c--------	-	καί
0010	008	14	-	100679012	-	τὴν	-	-	-	l-s---fa-	-	ὁ
0010	008	14	-	100679013	-	ἐμαυτοῦ	-	-	-	p-s---mg-	-	ἐμαυτοῦ
0010	008	14	-	100679014	-	δηλῶσαι	-	-	-	v--ana---	-	δηλόω
0010	008	14	-	100679015	-	διάνοιαν	-	-	-	n-s---fa-	-	διάνοια
0010	008	14	-	100679016	-	,	-	-	-	u--------	-	,
0010	008	14	-	100679017	-	ἡγοῦμαι	-	-	-	v1spim---	-	ἡγέομαι
0010	008	14	-	100679018	-	πάντας	-	-	-	p-p---ma-	-	πᾶς
0010	008	14	-	100679019	-	ἄν	-	-	-	g--------	-	ἄν
0010	008	14	-	100679020	-	μοι	-	-	-	p-s---cd-	-	ἐγώ
0010	008	14	-	100679021	-	τοὺς	-	-	-	l-p---ma-	-	ὁ
0010	008	14	-	100679022	-	εὖ	-	-	-	d--------	-	εὖ
0010	008	14	-	100679023	-	φρονοῦντας	-	-	-	v-pppama-	-	φρονέω
0010	008	14	-	100679024	-	συνειπεῖν	-	-	-	v--ana---	-	συλλέγω
0010	008	14	-	100679025	-	ὅτι	-	-	-	c--------	-	ὅτι
0010	008	14	-	100679026	-	πολλοὶ	-	-	-	a-p---mn-	-	πολύς
0010	008	14	-	100679027	-	μὲν	-	-	-	g--------	-	μέν
0010	008	14	-	100679028	-	τῶν	-	-	-	l-p---mg-	-	ὁ
0010	008	14	-	100679029	-	φιλοσοφησάντων	-	-	-	v-papamg-	-	φιλοσοφέω
0010	008	14	-	100679030	-	ἰδιῶται	-	-	-	n-p---mn-	-	ἰδιώτης
0010	008	14	-	100679031	-	διετέλεσαν	-	-	-	v3paia---	-	διατελέω
0010	008	14	-	100679032	-	ὄντες	-	-	-	v-pppamn-	-	εἰμί
0010	008	14	-	100679033	-	,	-	-	-	u--------	-	,
0010	008	14	-	100679034	-	ἄλλοι	-	-	-	p-p---mn-	-	ἄλλος
0010	008	14	-	100679035	-	δέ	-	-	-	c--------	-	δέ
0010	008	14	-	100679036	-	τινες	-	-	-	p-p---cn-	-	τις
0010	008	14	-	100679037	-	οὐδενὶ	-	-	-	p-s---md-	-	οὐδείς
0010	008	14	-	100679038	-	πώποτε	-	-	-	d--------	-	πώποτε
0010	008	14	-	100679039	-	συγγενόμενοι	-	-	-	v-papmmn-	-	συγγίγνομαι
0010	008	14	-	100679040	-	τῶν	-	-	-	l-p---mg-	-	ὁ
0010	008	14	-	100679041	-	σοφιστῶν	-	-	-	n-p---mg-	-	σοφιστής
0010	008	14	-	100679042	-	καὶ	-	-	-	c--------	-	καί
0010	008	14	-	100679043	-	λέγειν	-	-	-	v--pna---	-	λέγω
0010	008	14	-	100679044	-	καὶ	-	-	-	c--------	-	καί
0010	008	14	-	100679045	-	πολιτεύεσθαι	-	-	-	v--pnm---	-	πολιτεύω
0010	008	14	-	100679046	-	δεινοὶ	-	-	-	a-p---mn-	-	δεινός
0010	008	14	-	100679047	-	γεγόνασιν	-	-	-	v3pria---	-	γίγνομαι
0010	008	14	-	100679048	-	.	-	-	-	u--------	-	.
0010	008	14	-	100679049	-	αἱ	-	-	-	l-p---fn-	-	ὁ
0010	008	14	-	100679050	-	μὲν	-	-	-	g--------	-	μέν
0010	008	14	-	100679051	-	γὰρ	-	-	-	g--------	-	γάρ
0010	008	14	-	100679052	-	δυνάμεις	-	-	-	n-p---fn-	-	δύναμις
0010	008	14	-	100679053	-	καὶ	-	-	-	c--------	-	καί
0010	008	14	-	100679054	-	τῶν	-	-	-	l-p---mg-	-	ὁ
0010	008	14	-	100679055	-	λόγων	-	-	-	n-p---mg-	-	λόγος
0010	008	14	-	100679056	-	καὶ	-	-	-	c--------	-	καί
0010	008	14	-	100679057	-	τῶν	-	-	-	l-p---ng-	-	ὁ
0010	008	14	-	100679058	-	ἄλλων	-	-	-	p-p---ng-	-	ἄλλος
0010	008	14	-	100679059	-	ἔργων	-	-	-	n-p---ng-	-	ἔργον
0010	008	14	-	100679060	-	ἁπάντων	-	-	-	p-p---ng-	-	ἅπας
0010	008	14	-	100679061	-	ἐν	-	-	-	r--------	-	ἐν
0010	008	14	-	100679062	-	τοῖς	-	-	-	l-p---md-	-	ὁ
0010	008	14	-	100679063	-	εὐφυέσιν	-	-	-	a-p---md-	-	εὐφυής
0010	008	14	-	100679064	-	ἐγγίγνονται	-	-	-	v3ppim---	-	ἐγγίγνομαι
0010	008	14	-	100679065	-	καὶ	-	-	-	c--------	-	καί
0010	008	14	-	100679066	-	τοῖς	-	-	-	l-p---md-	-	ὁ
0010	008	14	-	100679067	-	περὶ	-	-	-	r--------	-	περί
0010	008	14	-	100679068	-	τὰς	-	-	-	l-p---fa-	-	ὁ
0010	008	14	-	100679069	-	ἐμπειρίας	-	-	-	n-p---fa-	-	ἐμπειρία
0010	008	14	-	100679070	-	γεγυμνασμένοις	-	-	-	v-prpmmd-	-	γυμνάζω
0010	008	14	-	100679071	-	·	-	-	-	u--------	-	·
0010	008	15	-	100679072	-	ἡ	-	-	-	l-s---fn-	-	ὁ
0010	008	15	-	100679073	-	δὲ	-	-	-	c--------	-	δέ
0010	008	15	-	100679074	-	παίδευσις	-	-	-	n-s---fn-	-	παίδευσις
0010	008	15	-	100679075	-	τοὺς	-	-	-	l-p---ma-	-	ὁ
0010	008	15	-	100679076	-	μὲν	-	-	-	g--------	-	μέν
0010	008	15	-	100679077	-	τοιούτους	-	-	-	p-p---ma-	-	τοιοῦτος
0010	008	15	-	100679078	-	τεχνικωτέρους	-	-	-	a-p---mac	-	τεχνικός
0010	008	15	-	100679079	-	καὶ	-	-	-	c--------	-	καί
0010	008	15	-	100679080	-	πρὸς	-	-	-	r--------	-	πρός
0010	008	15	-	100679081	-	τὸ	-	-	-	l-s---na-	-	ὁ
0010	008	15	-	100679082	-	ζητεῖν	-	-	-	v--pna---	-	ζητέω
0010	008	15	-	100679083	-	εὐπορωτέρους	-	-	-	a-p---mac	-	εὔπορος
0010	008	15	-	100679084	-	ἐποίησεν	-	-	-	v3saia---	-	ποιέω
0010	008	15	-	100679085	-	,	-	-	-	u--------	-	,
0010	008	15	-	100679086	-	οἷς	-	-	-	p-p---md-	-	ὅς
0010	008	15	-	100679087	-	γὰρ	-	-	-	g--------	-	γάρ
0010	008	15	-	100679088	-	νῦν	-	-	-	d--------	-	νῦν
0010	008	15	-	100679089	-	ἐντυγχάνουσι	-	-	-	v3ppia---	-	ἐντυγχάνω
0010	008	15	-	100679090	-	πλανώμενοι	-	-	-	v-pppmmn-	-	πλανάω
0010	008	15	-	100679091	-	,	-	-	-	u--------	-	,
0010	008	15	-	100679092	-	ταῦτ’	-	-	-	p-p---na-	-	οὗτος
0010	008	15	-	100679093	-	ἐξ	-	-	-	r--------	-	ἐκ
0010	008	15	-	100679094	-	ἑτοιμοτέρου	-	-	-	a-s---ngc	-	ἑτοῖμος
0010	008	15	-	100679095	-	λαμβάνειν	-	-	-	v--pna---	-	λαμβάνω
0010	008	15	-	100679096	-	αὐτοὺς	-	-	-	p-p---ma-	-	αὐτός
0010	008	15	-	100679097	-	ἐδίδαξεν	-	-	-	v3saia---	-	διδάσκω
0010	008	15	-	100679098	-	,	-	-	-	u--------	-	,
0010	008	15	-	100679099	-	τοὺς	-	-	-	l-p---ma-	-	ὁ
0010	008	15	-	100679100	-	δὲ	-	-	-	c--------	-	δέ
0010	008	15	-	100679101	-	καταδεεστέραν	-	-	-	a-s---fac	-	καταδεής
0010	008	15	-	100679102	-	τὴν	-	-	-	l-s---fa-	-	ὁ
0010	008	15	-	100679103	-	φύσιν	-	-	-	n-s---fa-	-	φύσις
0010	008	15	-	100679104	-	ἔχοντας	-	-	-	v-pppama-	-	ἔχω
0010	008	15	-	100679105	-	ἀγωνιστὰς	-	-	-	n-p---ma-	-	ἀγωνιστής
0010	008	15	-	100679106	-	μὲν	-	-	-	g--------	-	μέν
0010	008	15	-	100679107	-	ἀγαθοὺς	-	-	-	a-p---ma-	-	ἀγαθός
0010	008	15	-	100679108	-	ἢ	-	-	-	c--------	-	ἤ
0010	008	15	-	100679109	-	λόγων	-	-	-	n-p---mg-	-	λόγος
0010	008	15	-	100679110	-	ποιητὰς	-	-	-	n-p---ma-	-	ποιητής
0010	008	15	-	100679111	-	οὐκ	-	-	-	d--------	-	οὐ
0010	008	15	-	100679112	-	ἂν	-	-	-	g--------	-	ἄν
0010	008	15	-	100679113	-	ἀποτελέσειεν	-	-	-	v3saoa---	-	ἀποτελέω
0010	008	15	-	100679114	-	,	-	-	-	u--------	-	,
0010	008	15	-	100679115	-	αὐτοὺς	-	-	-	p-p---ma-	-	αὐτός
0010	008	15	-	100679116	-	δ’	-	-	-	c--------	-	δέ
0010	008	15	-	100679117	-	ἂν	-	-	-	g--------	-	ἄν
0010	008	15	-	100679118	-	αὑτῶν	-	-	-	p-p---mg-	-	ἑαυτοῦ
0010	008	15	-	100679119	-	προαγάγοι	-	-	-	v3saoa---	-	προάγω
0010	008	15	-	100679120	-	καὶ	-	-	-	c--------	-	καί
0010	008	15	-	100679121	-	πρὸς	-	-	-	r--------	-	πρός
0010	008	15	-	100679122	-	πολλὰ	-	-	-	a-p---na-	-	πολύς
0010	008	15	-	100679123	-	φρονιμωτέρως	-	-	-	a-p---mac	-	φρόνιμος
0010	008	15	-	100679124	-	διακεῖσθαι	-	-	-	v--pnm---	-	διάκειμαι
0010	008	15	-	100679125	-	ποιήσειεν	-	-	-	v3saoa---	-	ποιέω
0010	008	15	-	100679126	-	.	-	-	-	u--------	-	.
0010	008	16	-	100679127	-	βούλομαι	-	-	-	v1spim---	-	βούλομαι
0010	008	16	-	100679128	-	δ’	-	-	-	c--------	-	δέ
0010	008	16	-	100679129	-	,	-	-	-	u--------	-	,
0010	008	16	-	100679130	-	ἐπειδή	-	-	-	c--------	-	ἐπειδή
0010	008	16	-	100679131	-	περ	-	-	-	d--------	-	περ
0010	008	16	-	100679132	-	εἰς	-	-	-	r--------	-	εἰς
0010	008	16	-	100679133	-	τοῦτο	-	-	-	p-s---na-	-	οὗτος
0010	008	16	-	100679134	-	προῆλθον	-	-	-	v1saia---	-	προέρχομαι
0010	008	16	-	100679135	-	,	-	-	-	u--------	-	,
0010	008	16	-	100679136	-	ἔτι	-	-	-	d--------	-	ἔτι
0010	008	16	-	100679137	-	σαφέστερον	-	-	-	a-s---nac	-	σαφής
0010	008	16	-	100679138	-	εἰπεῖν	-	-	-	v--ana---	-	λέγω
0010	008	16	-	100679139	-	περὶ	-	-	-	r--------	-	περί
0010	008	16	-	100679140	-	αὐτῶν	-	-	-	p-p---ng-	-	αὐτός
0010	008	16	-	100679141	-	.	-	-	-	u--------	-	.
0010	008	16	-	100679142	-	φημὶ	-	-	-	v1spia---	-	φημί
0010	008	16	-	100679143	-	γὰρ	-	-	-	g--------	-	γάρ
0010	008	16	-	100679144	-	ἐγὼ	-	-	-	p-s---cn-	-	ἐγώ
0010	008	16	-	100679145	-	τῶν	-	-	-	l-p---fg-	-	ὁ
0010	008	16	-	100679146	-	μὲν	-	-	-	g--------	-	μέν
0010	008	16	-	100679147	-	ἰδεῶν	-	-	-	n-p---fg-	-	ἰδέα
0010	008	16	-	100679148	-	,	-	-	-	u--------	-	,
0010	008	16	-	100679149	-	ἐξ	-	-	-	r--------	-	ἐκ
0010	008	16	-	100679150	-	ὧν	-	-	-	p-p---fg-	-	ὅς
0010	008	16	-	100679151	-	τοὺς	-	-	-	l-p---ma-	-	ὁ
0010	008	16	-	100679152	-	λόγους	-	-	-	n-p---ma-	-	λόγος
0010	008	16	-	100679153	-	ἅπαντας	-	-	-	p-p---ma-	-	ἅπας
0010	008	16	-	100679154	-	καὶ	-	-	-	c--------	-	καί
0010	008	16	-	100679155	-	λέγομεν	-	-	-	v1ppia---	-	λέγω
0010	008	16	-	100679156	-	καὶ	-	-	-	c--------	-	καί
0010	008	16	-	100679157	-	συντίθεμεν	-	-	-	v1ppia---	-	συντίθημι
0010	008	16	-	100679158	-	,	-	-	-	u--------	-	,
0010	008	16	-	100679159	-	λαβεῖν	-	-	-	v--ana---	-	λαμβάνω
0010	008	16	-	100679160	-	τὴν	-	-	-	l-s---fa-	-	ὁ
0010	008	16	-	100679161	-	ἐπιστήμην	-	-	-	n-s---fa-	-	ἐπιστήμη
0010	008	16	-	100679162	-	οὐκ	-	-	-	d--------	-	οὐ
0010	008	16	-	100679163	-	εἶναι	-	-	-	v--pna---	-	εἰμί
0010	008	16	-	100679164	-	τῶν	-	-	-	l-p---ng-	-	ὁ
0010	008	16	-	100679165	-	πάνυ	-	-	-	d--------	-	πάνυ
0010	008	16	-	100679166	-	χαλεπῶν	-	-	-	a-p---ng-	-	χαλεπός
0010	008	16	-	100679167	-	,	-	-	-	u--------	-	,
0010	008	16	-	100679168	-	ἤν	-	-	-	c--------	-	ἐάν
0010	008	16	-	100679169	-	τις	-	-	-	p-s---cn-	-	τις
0010	008	16	-	100679170	-	αὑτὸν	-	-	-	p-s---ma-	-	ἑαυτοῦ
0010	008	16	-	100679171	-	παραδῷ	-	-	-	v3sasa---	-	παραδίδωμι
0010	008	16	-	100679172	-	μὴ	-	-	-	d--------	-	μή
0010	008	16	-	100679173	-	τοῖς	-	-	-	l-p---md-	-	ὁ
0010	008	16	-	100679174	-	ῥᾳδίως	-	-	-	d--------	-	ῥᾴδιος
0010	008	16	-	100679175	-	ὑπισχνουμένοις	-	-	-	v-pppmmd-	-	ὑπισχνέομαι
0010	008	16	-	100679176	-	ἀλλὰ	-	-	-	c--------	-	ἀλλά
0010	008	16	-	100679177	-	τοῖς	-	-	-	l-p---md-	-	ὁ
0010	008	16	-	100679178	-	εἰδόσι	-	-	-	v-prpamd-	-	οἶδα
0010	008	16	-	100679179	-	τι	-	-	-	p-s---na-	-	τις
0010	008	16	-	100679180	-	περὶ	-	-	-	r--------	-	περί
0010	008	16	-	100679181	-	αὐτῶν	-	-	-	p-p---ng-	-	αὐτός
0010	008	16	-	100679182	-	·	-	-	-	u--------	-	·
0010	008	16	-	100679183	-	τὸ	-	-	-	l-s---na-	-	ὁ
0010	008	16	-	100679184	-	δὲ	-	-	-	c--------	-	δέ
0010	008	16	-	100679185	-	τούτων	-	-	-	p-p---ng-	-	οὗτος
0010	008	16	-	100679186	-	ἐφ’	-	-	-	r--------	-	ἐπί
0010	008	16	-	100679187	-	ἑκάστῳ	-	-	-	p-s---nd-	-	ἕκαστος
0010	008	16	-	100679188	-	τῶν	-	-	-	l-p---ng-	-	ὁ
0010	008	16	-	100679189	-	πραγμάτων	-	-	-	n-p---ng-	-	πρᾶγμα
0010	008	16	-	100679190	-	ἃς	-	-	-	p-p---fa-	-	ὅς
0010	008	16	-	100679191	-	δεῖ	-	-	-	v3spia---	-	δέω
0010	008	16	-	100679192	-	προελέσθαι	-	-	-	v--anm---	-	προαιρέω
0010	008	16	-	100679193	-	καὶ	-	-	-	c--------	-	καί
0010	008	16	-	100679194	-	μῖξαι	-	-	-	v--ana---	-	μείγνυμι
0010	008	16	-	100679195	-	πρὸς	-	-	-	r--------	-	πρός
0010	008	16	-	100679196	-	ἀλλήλας	-	-	-	p-p---fa-	-	ἀλλήλων
0010	008	16	-	100679197	-	καὶ	-	-	-	c--------	-	καί
0010	008	16	-	100679198	-	τάξαι	-	-	-	v--ana---	-	τάσσω
0010	008	16	-	100679199	-	κατὰ	-	-	-	r--------	-	κατά
0010	008	16	-	100679200	-	τρόπον	-	-	-	n-s---ma-	-	τρόπος
0010	008	16	-	100679201	-	,	-	-	-	u--------	-	,
0010	008	16	-	100679202	-	ἔτι	-	-	-	d--------	-	ἔτι
0010	008	16	-	100679203	-	δὲ	-	-	-	c--------	-	δέ
0010	008	16	-	100679204	-	τῶν	-	-	-	l-p---mg-	-	ὁ
0010	008	16	-	100679205	-	καιρῶν	-	-	-	n-p---mg-	-	καιρός
0010	008	16	-	100679206	-	μὴ	-	-	-	d--------	-	μή
0010	008	16	-	100679207	-	διαμαρτεῖν	-	-	-	v--ana---	-	διαμαρτάνω
0010	008	16	-	100679208	-	,	-	-	-	u--------	-	,
0010	008	16	-	100679209	-	ἀλλὰ	-	-	-	c--------	-	ἀλλά
0010	008	16	-	100679210	-	καὶ	-	-	-	c--------	-	καί
0010	008	16	-	100679211	-	τοῖς	-	-	-	l-p---nd-	-	ὁ
0010	008	16	-	100679212	-	ἐνθυμήμασι	-	-	-	n-p---nd-	-	ἐνθύμημα
0010	008	16	-	100679213	-	πρεπόντως	-	-	-	d--------	-	πρεπόντως
0010	008	16	-	100679214	-	ὅλον	-	-	-	a-s---ma-	-	ὅλος
0010	008	16	-	100679215	-	τὸν	-	-	-	l-s---ma-	-	ὁ
0010	008	16	-	100679216	-	λόγον	-	-	-	n-s---ma-	-	λόγος
0010	008	16	-	100679217	-	καταποικῖλαι	-	-	-	v--ana---	-	καταποικίλλω
0010	008	16	-	100679218	-	καὶ	-	-	-	c--------	-	καί
0010	008	16	-	100679219	-	τοῖς	-	-	-	l-p---nd-	-	ὁ
0010	008	16	-	100679220	-	ὀνόμασιν	-	-	-	n-p---nd-	-	ὄνομα
0010	008	16	-	100679221	-	εὐρύθμως	-	-	-	d--------	-	εὔρυθμος
0010	008	16	-	100679222	-	καὶ	-	-	-	c--------	-	καί
0010	008	16	-	100679223	-	μουσικῶς	-	-	-	d--------	-	μουσικός
0010	008	16	-	100679224	-	εἰπεῖν	-	-	-	v--ana---	-	λέγω
0010	008	16	-	100679225	-	,	-	-	-	u--------	-	,
0010	008	17	-	100679226	-	ταῦτα	-	-	-	p-p---na-	-	οὗτος
0010	008	17	-	100679227	-	δὲ	-	-	-	c--------	-	δέ
0010	008	17	-	100679228	-	πολλῆς	-	-	-	a-s---fg-	-	πολύς
0010	008	17	-	100679229	-	ἐπιμελείας	-	-	-	n-s---fg-	-	ἐπιμέλεια
0010	008	17	-	100679230	-	δεῖσθαι	-	-	-	v--pnm---	-	δέω
0010	008	17	-	100679231	-	καὶ	-	-	-	c--------	-	καί
0010	008	17	-	100679232	-	ψυχῆς	-	-	-	n-s---fg-	-	ψυχή
0010	008	17	-	100679233	-	ἀνδρικῆς	-	-	-	a-s---fg-	-	ἀνδρικός
0010	008	17	-	100679234	-	καὶ	-	-	-	c--------	-	καί
0010	008	17	-	100679235	-	δοξαστικῆς	-	-	-	a-s---fg-	-	δοξαστικός
0010	008	17	-	100679236	-	ἔργον	-	-	-	n-s---na-	-	ἔργον
0010	008	17	-	100679237	-	εἶναι	-	-	-	v--pna---	-	εἰμί
0010	008	17	-	100679238	-	,	-	-	-	u--------	-	,
0010	008	17	-	100679239	-	καὶ	-	-	-	c--------	-	καί
0010	008	17	-	100679240	-	δεῖν	-	-	-	v--pna---	-	δέω
0010	008	17	-	100679241	-	τὸν	-	-	-	l-s---ma-	-	ὁ
0010	008	17	-	100679242	-	μὲν	-	-	-	g--------	-	μέν
0010	008	17	-	100679243	-	μαθητὴν	-	-	-	n-s---ma-	-	μαθητής
0010	008	17	-	100679244	-	πρὸς	-	-	-	r--------	-	πρός
0010	008	17	-	100679245	-	τῷ	-	-	-	l-s---nd-	-	ὁ
0010	008	17	-	100679246	-	τὴν	-	-	-	l-s---fa-	-	ὁ
0010	008	17	-	100679247	-	φύσιν	-	-	-	n-s---fa-	-	φύσις
0010	008	17	-	100679248	-	ἔχειν	-	-	-	v--pna---	-	ἔχω
0010	008	17	-	100679249	-	οἵαν	-	-	-	p-s---fa-	-	οἷος
0010	008	17	-	100679250	-	χρὴ	-	-	-	v3spia---	-	χρή
0010	008	17	-	100679251	-	τὰ	-	-	-	l-p---na-	-	ὁ
0010	008	17	-	100679252	-	μὲν	-	-	-	g--------	-	μέν
0010	008	17	-	100679253	-	εἴδη	-	-	-	n-p---na-	-	εἶδος
0010	008	17	-	100679254	-	τὰ	-	-	-	l-p---na-	-	ὁ
0010	008	17	-	100679255	-	τῶν	-	-	-	l-p---mg-	-	ὁ
0010	008	17	-	100679256	-	λόγων	-	-	-	n-p---mg-	-	λόγος
0010	008	17	-	100679257	-	μαθεῖν	-	-	-	v--ana---	-	μανθάνω
0010	008	17	-	100679258	-	,	-	-	-	u--------	-	,
0010	008	17	-	100679259	-	περὶ	-	-	-	r--------	-	περί
0010	008	17	-	100679260	-	δὲ	-	-	-	c--------	-	δέ
0010	008	17	-	100679261	-	τὰς	-	-	-	l-p---fa-	-	ὁ
0010	008	17	-	100679262	-	χρήσεις	-	-	-	n-p---fa-	-	χρῆσις
0010	008	17	-	100679263	-	αὐτῶν	-	-	-	p-p---ng-	-	αὐτός
0010	008	17	-	100679264	-	γυμνασθῆναι	-	-	-	v--anp---	-	γυμνάζω
0010	008	17	-	100679265	-	,	-	-	-	u--------	-	,
0010	008	17	-	100679266	-	τὸν	-	-	-	l-s---ma-	-	ὁ
0010	008	17	-	100679267	-	δὲ	-	-	-	c--------	-	δέ
0010	008	17	-	100679268	-	διδάσκαλον	-	-	-	n-s---ma-	-	διδάσκαλος
0010	008	17	-	100679269	-	τὰ	-	-	-	l-p---na-	-	ὁ
0010	008	17	-	100679270	-	μὲν	-	-	-	g--------	-	μέν
0010	008	17	-	100679271	-	οὕτως	-	-	-	d--------	-	οὕτως
0010	008	17	-	100679272	-	ἀκριβῶς	-	-	-	d--------	-	ἀκριβής
0010	008	17	-	100679273	-	οἷόν	-	-	-	p-s---na-	-	οἷος
0010	008	17	-	100679274	-	τ’	-	-	-	c--------	-	τε
0010	008	17	-	100679275	-	εἶναι	-	-	-	v--pna---	-	εἰμί
0010	008	17	-	100679276	-	διελθεῖν	-	-	-	v--ana---	-	διέρχομαι
0010	008	17	-	100679277	-	ὥστε	-	-	-	c--------	-	ὥστε
0010	008	17	-	100679278	-	μηδὲν	-	-	-	p-s---na-	-	μηδείς
0010	008	17	-	100679279	-	τῶν	-	-	-	l-p---ng-	-	ὁ
0010	008	17	-	100679280	-	διδακτῶν	-	-	-	a-p---ng-	-	διδακτός
0010	008	17	-	100679281	-	παραλιπεῖν	-	-	-	v--ana---	-	παραλείπω
0010	008	17	-	100679282	-	,	-	-	-	u--------	-	,
0010	008	17	-	100679283	-	περὶ	-	-	-	r--------	-	περί
0010	008	17	-	100679284	-	δὲ	-	-	-	c--------	-	δέ
0010	008	17	-	100679285	-	τῶν	-	-	-	l-p---ng-	-	ὁ
0010	008	17	-	100679286	-	λοιπῶν	-	-	-	a-p---ng-	-	λοιπός
0010	008	17	-	100679287	-	τοιοῦτον	-	-	-	p-s---ma-	-	τοιοῦτος
0010	008	17	-	100679288	-	αὑτὸν	-	-	-	p-s---ma-	-	ἑαυτοῦ
0010	008	17	-	100679289	-	παράδειγμα	-	-	-	n-s---na-	-	παράδειγμα
0010	008	17	-	100679290	-	παρασχεῖν	-	-	-	v--ana---	-	παρέχω
0010	008	17	-	100679291	-	,	-	-	-	u--------	-	,
0010	008	18	-	100679292	-	ὥστε	-	-	-	c--------	-	ὥστε
0010	008	18	-	100679293	-	τοὺς	-	-	-	l-p---ma-	-	ὁ
0010	008	18	-	100679294	-	ἐκτυπωθέντας	-	-	-	v-pappma-	-	ἐκτυπόω
0010	008	18	-	100679295	-	καὶ	-	-	-	c--------	-	καί
0010	008	18	-	100679296	-	μιμήσασθαι	-	-	-	v--anm---	-	μιμέομαι
0010	008	18	-	100679297	-	δυναμένους	-	-	-	v-pppmma-	-	δύναμαι
0010	008	18	-	100679298	-	εὐθὺς	-	-	-	d--------	-	εὐθύς
0010	008	18	-	100679299	-	ἀνθηρότερον	-	-	-	a-s---nac	-	ἀνθηρός
0010	008	18	-	100679300	-	καὶ	-	-	-	c--------	-	καί
0010	008	18	-	100679301	-	χαριέστερον	-	-	-	a-s---nac	-	χαρίεις
0010	008	18	-	100679302	-	τῶν	-	-	-	l-p---ng-	-	ὁ
0010	008	18	-	100679303	-	ἄλλων	-	-	-	p-p---ng-	-	ἄλλος
0010	008	18	-	100679304	-	φαίνεσθαι	-	-	-	v--pnm---	-	φαίνω
0010	008	18	-	100679305	-	λέγοντας	-	-	-	v-pppama-	-	λέγω
0010	008	18	-	100679306	-	.	-	-	-	u--------	-	.
0010	008	18	-	1000052063	-	E	-	-	-	z--------	-	E
0010	008	18	-	100679307	-	καὶ	-	-	-	c--------	-	καί
0010	008	18	-	100679308	-	τούτων	-	-	-	p-p---ng-	-	οὗτος
0010	008	18	-	100679309	-	μὲν	-	-	-	g--------	-	μέν
0010	008	18	-	100679310	-	ἁπάντων	-	-	-	p-p---ng-	-	ἅπας
0010	008	18	-	100679311	-	συμπεσόντων	-	-	-	v-papang-	-	συμπίπτω
0010	008	18	-	100679312	-	τελείως	-	-	-	d--------	-	τέλειος
0010	008	18	-	100679313	-	ἕξουσιν	-	-	-	v3pfia---	-	ἔχω
0010	008	18	-	100679314	-	οἱ	-	-	-	l-p---mn-	-	ὁ
0010	008	18	-	100679315	-	φιλοσοφοῦντες	-	-	-	v-pppamn-	-	φιλοσοφέω
0010	008	18	-	100679316	-	·	-	-	-	u--------	-	·
0010	008	18	-	100679317	-	καθ’	-	-	-	r--------	-	κατά
0010	008	18	-	100679318	-	ὃ	-	-	-	p-s---na-	-	ὅς
0010	008	18	-	100679319	-	δ’	-	-	-	c--------	-	δέ
0010	008	18	-	100679320	-	ἂν	-	-	-	g--------	-	ἄν
0010	008	18	-	100679321	-	ἐλλειφθῇ	-	-	-	v3sasp---	-	ἐλλείπω
0010	008	18	-	100679322	-	τι	-	-	-	p-s---nn-	-	τις
0010	008	18	-	100679323	-	τῶν	-	-	-	l-p---ng-	-	ὁ
0010	008	18	-	100679324	-	εἰρημένων	-	-	-	v-prpmng-	-	λέγω
0010	008	18	-	100679325	-	,	-	-	-	u--------	-	,
0010	008	18	-	100679326	-	ἀνάγκη	-	-	-	n-s---fn-	-	ἀνάγκη
0010	008	18	-	100679327	-	ταύτῃ	-	-	-	p-s---fd-	-	οὗτος
0010	008	18	-	100679328	-	χεῖρον	-	-	-	a-s---nac	-	κακός
0010	008	18	-	100679329	-	διακεῖσθαι	-	-	-	v--pnm---	-	διάκειμαι
0010	008	18	-	100679330	-	τοὺς	-	-	-	l-p---ma-	-	ὁ
0010	008	18	-	100679331	-	πλησιάζοντας	-	-	-	v-pppama-	-	πλησιάζω
0010	008	18	-	100679332	-	.	-	-	-	u--------	-	.
0010	008	18	-	1000052064	-	E	-	-	-	z--------	-	E
0010	008	19	-	100679333	-	οἱ	-	-	-	l-p---mn-	-	ὁ
0010	008	19	-	100679334	-	μὲν	-	-	-	g--------	-	μέν
0010	008	19	-	100679335	-	οὖν	-	-	-	g--------	-	οὖν
0010	008	19	-	100679336	-	ἄρτι	-	-	-	d--------	-	ἄρτι
0010	008	19	-	100679337	-	τῶν	-	-	-	l-p---mg-	-	ὁ
0010	008	19	-	100679338	-	σοφιστῶν	-	-	-	n-p---mg-	-	σοφιστής
0010	008	19	-	100679339	-	ἀναφυόμενοι	-	-	-	v-pppmmn-	-	ἀναφύω
0010	008	19	-	100679340	-	καὶ	-	-	-	c--------	-	καί
0010	008	19	-	100679341	-	νεωστὶ	-	-	-	d--------	-	νεωστί
0010	008	19	-	100679342	-	προσπεπτωκότες	-	-	-	v-prpamn-	-	προσπίπτω
0010	008	19	-	100679343	-	ταῖς	-	-	-	l-p---fd-	-	ὁ
0010	008	19	-	100679344	-	ἀλαζονείαις	-	-	-	n-p---fd-	-	ἀλαζονεία
0010	008	19	-	100679345	-	,	-	-	-	u--------	-	,
0010	008	19	-	100679346	-	εἰ	-	-	-	c--------	-	εἰ
0010	008	19	-	100679347	-	καὶ	-	-	-	c--------	-	καί
0010	008	19	-	100679348	-	νῦν	-	-	-	d--------	-	νῦν
0010	008	19	-	100679349	-	πλεονάζουσιν	-	-	-	v3ppia---	-	πλεονάζω
0010	008	19	-	100679350	-	,	-	-	-	u--------	-	,
0010	008	19	-	100679351	-	εὖ	-	-	-	d--------	-	εὖ
0010	008	19	-	100679352	-	οἶδ’	-	-	-	v1sria---	-	οἶδα
0010	008	19	-	100679353	-	ὅτι	-	-	-	c--------	-	ὅτι
0010	008	19	-	100679354	-	πάντες	-	-	-	p-p---mn-	-	πᾶς
0010	008	19	-	100679355	-	ἐπὶ	-	-	-	r--------	-	ἐπί
0010	008	19	-	100679356	-	ταύτην	-	-	-	p-s---fa-	-	οὗτος
0010	008	19	-	100679357	-	κατενεχθήσονται	-	-	-	v3pfip---	-	καταφέρω
0010	008	19	-	100679358	-	τὴν	-	-	-	l-s---fa-	-	ὁ
0010	008	19	-	100679359	-	ὑπόθεσιν	-	-	-	n-s---fa-	-	ὑπόθεσις
0010	008	19	-	100679360	-	.	-	-	-	u--------	-	.
0010	008	19	-	100679361	-	λοιποὶ	-	-	-	a-p---mn-	-	λοιπός
0010	008	19	-	100679362	-	δ’	-	-	-	c--------	-	δέ
0010	008	19	-	100679363	-	ἡμῖν	-	-	-	p-p---cd-	-	ἐγώ
0010	008	19	-	100679364	-	εἰσιν	-	-	-	v3ppia---	-	εἰμί
0010	008	19	-	100679365	-	οἱ	-	-	-	l-p---mn-	-	ὁ
0010	008	19	-	100679366	-	πρὸ	-	-	-	r--------	-	πρό
0010	008	19	-	100679367	-	ἡμῶν	-	-	-	p-p---cg-	-	ἐγώ
0010	008	19	-	100679368	-	γενόμενοι	-	-	-	v-papmmn-	-	γίγνομαι
0010	008	19	-	100679369	-	καὶ	-	-	-	c--------	-	καί
0010	008	19	-	100679370	-	τὰς	-	-	-	l-p---fa-	-	ὁ
0010	008	19	-	100679371	-	καλουμένας	-	-	-	v-pppmfa-	-	καλέω
0010	008	19	-	100679372	-	τέχνας	-	-	-	n-p---fa-	-	τέχνη
0010	008	19	-	100679373	-	γράψαι	-	-	-	v--ana---	-	γράφω
0010	008	19	-	100679374	-	τολμήσαντες	-	-	-	v-papamn-	-	τολμάω
0010	008	19	-	100679375	-	,	-	-	-	u--------	-	,
0010	008	19	-	100679376	-	οὓς	-	-	-	p-p---ma-	-	ὅς
0010	008	19	-	100679377	-	οὐκ	-	-	-	d--------	-	οὐ
0010	008	19	-	100679378	-	ἀφετέον	-	-	-	a-s---nn-	-	ἀφετέος
0010	008	19	-	100679379	-	ἀνεπιτιμήτους	-	-	-	a-p---ma-	-	ἀνεπιτίμητος
0010	008	19	-	100679380	-	·	-	-	-	u--------	-	·
0010	008	19	-	1000052065	-	E	-	-	-	z--------	-	E
0010	008	19	-	100679381	-	οἵ	-	-	-	l-p---mn-	-	ὁ
0010	008	19	-	100679382	-	τινες	-	-	-	p-p---cn-	-	τις
0010	008	19	-	100679383	-	ὑπέσχοντο	-	-	-	v3paim---	-	ὑπισχνέομαι
0010	008	19	-	100679384	-	δικάζεσθαι	-	-	-	v--pnm---	-	δικάζω
0010	008	19	-	100679385	-	διδάξειν	-	-	-	v--fna---	-	διδάσκω
0010	008	19	-	100679386	-	,	-	-	-	u--------	-	,
0010	008	19	-	100679387	-	ἐκλεξάμενοι	-	-	-	v-papmmn-	-	ἐκλέγω
0010	008	19	-	100679388	-	τὸ	-	-	-	l-s---na-	-	ὁ
0010	008	19	-	100679389	-	δυσχερέστατον	-	-	-	a-s---nas	-	δυσχερής
0010	008	19	-	100679390	-	τῶν	-	-	-	l-p---ng-	-	ὁ
0010	008	19	-	100679391	-	ὀνομάτων	-	-	-	n-p---ng-	-	ὄνομα
0010	008	19	-	100679392	-	,	-	-	-	u--------	-	,
0010	008	19	-	100679393	-	ὃ	-	-	-	p-s---nn-	-	ὅς
0010	008	19	-	100679394	-	τῶν	-	-	-	l-p---mg-	-	ὁ
0010	008	19	-	100679395	-	φθονούντων	-	-	-	v-pppamg-	-	φθονέω
0010	008	19	-	100679396	-	ἔργον	-	-	-	n-s---nn-	-	ἔργον
0010	008	19	-	100679397	-	ἦν	-	-	-	v3siia---	-	εἰμί
0010	008	19	-	100679398	-	λέγειν	-	-	-	v--pna---	-	λέγω
0010	008	19	-	100679399	-	,	-	-	-	u--------	-	,
0010	008	19	-	100679400	-	ἀλλ’	-	-	-	c--------	-	ἀλλά
0010	008	19	-	100679401	-	οὐ	-	-	-	d--------	-	οὐ
0010	008	19	-	100679402	-	τῶν	-	-	-	l-p---mg-	-	ὁ
0010	008	19	-	100679403	-	προεστώτων	-	-	-	v-prpamg-	-	προΐστημι
0010	008	19	-	100679404	-	τῆς	-	-	-	l-s---fg-	-	ὁ
0010	008	19	-	100679405	-	τοιαύτης	-	-	-	p-s---fg-	-	τοιοῦτος
0010	008	19	-	100679406	-	παιδεύσεως	-	-	-	n-s---fg-	-	παίδευσις
0010	008	19	-	100679407	-	,	-	-	-	u--------	-	,
0010	008	19	-	100679408	-	καὶ	-	-	-	c--------	-	καί
0010	008	19	-	100679409	-	ταῦτα	-	-	-	p-p---na-	-	οὗτος
0010	008	19	-	100679410	-	τοῦ	-	-	-	l-s---ng-	-	ὁ
0010	008	19	-	100679411	-	πράγματος	-	-	-	n-s---ng-	-	πρᾶγμα
0010	008	19	-	100679412	-	,	-	-	-	u--------	-	,
0010	008	20	-	100679413	-	καθ’	-	-	-	r--------	-	κατά
0010	008	20	-	100679414	-	ὅσον	-	-	-	p-s---na-	-	ὅσος
0010	008	20	-	100679415	-	ἐστὶ	-	-	-	v3spia---	-	εἰμί
0010	008	20	-	100679416	-	διδακτόν	-	-	-	a-s---nn-	-	διδακτός
0010	008	20	-	100679417	-	,	-	-	-	u--------	-	,
0010	008	20	-	100679418	-	οὐδὲν	-	-	-	p-s---na-	-	οὐδείς
0010	008	20	-	100679419	-	μᾶλλον	-	-	-	d-------c	-	μάλα
0010	008	20	-	100679420	-	πρὸς	-	-	-	r--------	-	πρός
0010	008	20	-	100679421	-	τοὺς	-	-	-	l-p---ma-	-	ὁ
0010	008	20	-	100679422	-	δικανικοὺς	-	-	-	a-p---ma-	-	δικανικός
0010	008	20	-	100679423	-	λόγους	-	-	-	n-p---ma-	-	λόγος
0010	008	20	-	100679424	-	ἢ	-	-	-	c--------	-	ἤ
0010	008	20	-	100679425	-	πρὸς	-	-	-	r--------	-	πρός
0010	008	20	-	100679426	-	τοὺς	-	-	-	l-p---ma-	-	ὁ
0010	008	20	-	100679427	-	ἄλλους	-	-	-	p-p---ma-	-	ἄλλος
0010	008	20	-	100679428	-	ἅπαντας	-	-	-	p-p---ma-	-	ἅπας
0010	008	20	-	100679429	-	ὠφελεῖν	-	-	-	v--pna---	-	ὠφελέω
0010	008	20	-	100679430	-	δυναμένου	-	-	-	v-sppmng-	-	δύναμαι
0010	008	20	-	100679431	-	.	-	-	-	u--------	-	.
0010	008	20	-	1000052066	-	E	-	-	-	z--------	-	E
0010	008	20	-	100679432	-	τοσούτῳ	-	-	-	p-s---nd-	-	τοσοῦτος
0010	008	20	-	100679433	-	δὲ	-	-	-	c--------	-	δέ
0010	008	20	-	100679434	-	χείρους	-	-	-	a-p---mnc	-	κακός
0010	008	20	-	100679435	-	ἐγένοντο	-	-	-	v3paim---	-	γίγνομαι
0010	008	20	-	100679436	-	τῶν	-	-	-	l-p---mg-	-	ὁ
0010	008	20	-	100679437	-	περὶ	-	-	-	r--------	-	περί
0010	008	20	-	100679438	-	τὰς	-	-	-	l-p---fa-	-	ὁ
0010	008	20	-	100679439	-	ἔριδας	-	-	-	n-p---fa-	-	ἔρις
0010	008	20	-	100679440	-	καλινδουμένων	-	-	-	v-pppmmg-	-	καλινδέομαι
0010	008	20	-	100679441	-	,	-	-	-	u--------	-	,
0010	008	20	-	100679442	-	μένων	-	-	-	v-sppamn-	-	μένω
0010	008	20	-	100679443	-	,	-	-	-	u--------	-	,
0010	008	20	-	100679444	-	ὅσον	-	-	-	p-s---na-	-	ὅσος
0010	008	20	-	100679445	-	οὗτοι	-	-	-	p-p---mn-	-	οὗτος
0010	008	20	-	100679446	-	μὲν	-	-	-	g--------	-	μέν
0010	008	20	-	100679447	-	τοιαῦτα	-	-	-	p-p---na-	-	τοιοῦτος
0010	008	20	-	100679448	-	λογίδια	-	-	-	n-p---na-	-	λογίδιον
0010	008	20	-	100679449	-	διεξιόντες	-	-	-	v-pppamn-	-	διεξέρχομαι
0010	008	20	-	100679450	-	,	-	-	-	u--------	-	,
0010	008	20	-	100679451	-	οἷς	-	-	-	p-p---md-	-	ὅς
0010	008	20	-	100679452	-	εἴ	-	-	-	c--------	-	εἰ
0010	008	20	-	100679453	-	τις	-	-	-	p-s---cn-	-	τις
0010	008	20	-	100679454	-	ἐπὶ	-	-	-	r--------	-	ἐπί
0010	008	20	-	100679455	-	τῶν	-	-	-	l-p---fg-	-	ὁ
0010	008	20	-	100679456	-	πράξεων	-	-	-	n-p---fg-	-	πρᾶξις
0010	008	20	-	100679457	-	ἐμμείνειεν	-	-	-	v3saoa---	-	ἐμμένω
0010	008	20	-	100679458	-	εὐθὺς	-	-	-	d--------	-	εὐθύς
0010	008	20	-	100679459	-	ἂν	-	-	-	g--------	-	ἄν
0010	008	20	-	100679460	-	ἐν	-	-	-	r--------	-	ἐν
0010	008	20	-	100679461	-	πᾶσιν	-	-	-	p-p---nd-	-	πᾶς
0010	008	20	-	100679462	-	εἴη	-	-	-	v3spoa---	-	εἰμί
0010	008	20	-	100679463	-	κακοῖς	-	-	-	a-p---nd-	-	κακός
0010	008	20	-	100679464	-	,	-	-	-	u--------	-	,
0010	008	20	-	100679465	-	ὅμως	-	-	-	d--------	-	ὅμως
0010	008	20	-	100679466	-	ἀρετὴν	-	-	-	n-s---fa-	-	ἀρετή
0010	008	20	-	100679467	-	ἐπηγγείλαντο	-	-	-	v3paim---	-	ἐπαγγέλλω
0010	008	20	-	100679468	-	καὶ	-	-	-	c--------	-	καί
0010	008	20	-	100679469	-	σωφροσύνην	-	-	-	n-s---fa-	-	σωφροσύνη
0010	008	20	-	100679470	-	περὶ	-	-	-	r--------	-	περί
0010	008	20	-	100679471	-	αὐτῶν	-	-	-	p-p---ng-	-	αὐτός
0010	008	20	-	100679472	-	,	-	-	-	u--------	-	,
0010	008	20	-	100679473	-	ἐκεῖνοι	-	-	-	p-p---mn-	-	ἐκεῖνος
0010	008	20	-	100679474	-	δ’	-	-	-	c--------	-	δέ
0010	008	20	-	100679475	-	ἐπὶ	-	-	-	r--------	-	ἐπί
0010	008	20	-	100679476	-	τοὺς	-	-	-	l-p---ma-	-	ὁ
0010	008	20	-	100679477	-	πολιτικοὺς	-	-	-	a-p---ma-	-	πολιτικός
0010	008	20	-	100679478	-	λόγους	-	-	-	n-p---ma-	-	λόγος
0010	008	20	-	100679479	-	,	-	-	-	u--------	-	,
0010	008	20	-	100679480	-	παρακαλοῦντες	-	-	-	v-pppamn-	-	παρακαλέω
0010	008	20	-	100679481	-	,	-	-	-	u--------	-	,
0010	008	20	-	100679482	-	ἀμελήσαντες	-	-	-	v-papamn-	-	ἀμελέω
0010	008	20	-	100679483	-	τῶν	-	-	-	l-p---ng-	-	ὁ
0010	008	20	-	100679484	-	ἄλλων	-	-	-	p-p---ng-	-	ἄλλος
0010	008	20	-	100679485	-	τῶν	-	-	-	l-p---ng-	-	ὁ
0010	008	20	-	100679486	-	προσόντων	-	-	-	v-pppang-	-	πρόσειμι
0010	008	20	-	100679487	-	αὐτοῖς	-	-	-	p-p---md-	-	αὐτός
0010	008	20	-	100679488	-	ἀγαθῶν	-	-	-	a-p---ng-	-	ἀγαθός
0010	008	20	-	100679489	-	,	-	-	-	u--------	-	,
0010	008	20	-	100679490	-	πολυπραγμοσύνης	-	-	-	n-s---fg-	-	πολυπραγμοσύνη
0010	008	20	-	100679491	-	καὶ	-	-	-	c--------	-	καί
0010	008	20	-	100679492	-	πλεονεξίας	-	-	-	n-s---fg-	-	πλεονεξία
0010	008	20	-	100679493	-	ὑπέστησαν	-	-	-	v3paia---	-	ὑφίστημι
0010	008	20	-	100679494	-	εἶναι	-	-	-	v--pna---	-	εἰμί
0010	008	20	-	100679495	-	διδάσκαλοι	-	-	-	n-p---mn-	-	διδάσκαλος
0010	008	20	-	100679496	-	.	-	-	-	u--------	-	.
0010	008	20	-	1000052067	-	E	-	-	-	z--------	-	E
0010	008	21	-	100679497	-	καίτοι	-	-	-	g--------	-	καίτοι
0010	008	21	-	100679498	-	τοὺς	-	-	-	l-p---ma-	-	ὁ
0010	008	21	-	100679499	-	βουλομένους	-	-	-	v-pppmma-	-	βούλομαι
0010	008	21	-	100679500	-	πειθαρχεῖν	-	-	-	v--pna---	-	πειθαρχέω
0010	008	21	-	100679501	-	τοῖς	-	-	-	l-p---md-	-	ὁ
0010	008	21	-	100679502	-	ὑπὸ	-	-	-	r--------	-	ὑπό
0010	008	21	-	100679503	-	τῆς	-	-	-	l-s---fg-	-	ὁ
0010	008	21	-	100679504	-	φιλοσοφίας	-	-	-	n-s---fg-	-	φιλοσοφία
0010	008	21	-	100679505	-	ταύτης	-	-	-	p-s---fg-	-	οὗτος
0010	008	21	-	100679506	-	προσταττομένοις	-	-	-	v-pppmmd-	-	προστάσσω
0010	008	21	-	100679507	-	πολὺ	-	-	-	a-s---na-	-	πολύς
0010	008	21	-	100679508	-	ἂν	-	-	-	g--------	-	ἄν
0010	008	21	-	100679509	-	θᾶττον	-	-	-	a-s---nac	-	ταχύς
0010	008	21	-	100679510	-	πρὸς	-	-	-	r--------	-	πρός
0010	008	21	-	100679511	-	ἐπιείκειαν	-	-	-	n-s---fa-	-	ἐπιείκεια
0010	008	21	-	100679512	-	ἢ	-	-	-	c--------	-	ἤ
0010	008	21	-	100679513	-	πρὸς	-	-	-	r--------	-	πρός
0010	008	21	-	100679514	-	ῥητορείαν	-	-	-	n-s---fa-	-	ῥητορεία
0010	008	21	-	100679515	-	ὠφελήσειεν	-	-	-	v3saoa---	-	ὠφελέω
0010	008	21	-	100679516	-	.	-	-	-	u--------	-	.
0010	008	21	-	1000052068	-	E	-	-	-	z--------	-	E
0010	008	21	-	100679517	-	καὶ	-	-	-	c--------	-	καί
0010	008	21	-	100679518	-	μηδεὶς	-	-	-	p-s---mn-	-	μηδείς
0010	008	21	-	100679519	-	οἰέσθω	-	-	-	v3spmm---	-	οἴομαι
0010	008	21	-	100679520	-	με	-	-	-	p-s---ca-	-	ἐγώ
0010	008	21	-	100679521	-	λέγειν	-	-	-	v--pna---	-	λέγω
0010	008	21	-	100679522	-	ὡς	-	-	-	c--------	-	ὡς
0010	008	21	-	100679523	-	ἔστι	-	-	-	v3spia---	-	εἰμί
0010	008	21	-	100679524	-	δικαιοσύνη	-	-	-	n-s---fn-	-	δικαιοσύνη
0010	008	21	-	100679525	-	διδακτόν	-	-	-	a-s---nn-	-	διδακτός
0010	008	21	-	100679526	-	·	-	-	-	u--------	-	·
0010	008	21	-	100679527	-	ὅλως	-	-	-	d--------	-	ὅλος
0010	008	21	-	100679528	-	μὲν	-	-	-	g--------	-	μέν
0010	008	21	-	100679529	-	γὰρ	-	-	-	g--------	-	γάρ
0010	008	21	-	100679530	-	οὐδεμίαν	-	-	-	p-s---fa-	-	οὐδείς
0010	008	21	-	100679531	-	ἡγοῦμαι	-	-	-	v1spim---	-	ἡγέομαι
0010	008	21	-	100679532	-	τοιαύτην	-	-	-	p-s---fa-	-	τοιοῦτος
0010	008	21	-	100679533	-	εἶναι	-	-	-	v--pna---	-	εἰμί
0010	008	21	-	100679534	-	τέχνην	-	-	-	n-s---fa-	-	τέχνη
0010	008	21	-	100679535	-	,	-	-	-	u--------	-	,
0010	008	21	-	100679536	-	ἥτις	-	-	-	p-s---fn-	-	ὅστις
0010	008	21	-	100679537	-	τοῖς	-	-	-	l-p---md-	-	ὁ
0010	008	21	-	100679538	-	κακῶς	-	-	-	d--------	-	κακός
0010	008	21	-	100679539	-	πεφυκόσι	-	-	-	v-prpamd-	-	φύω
0010	008	21	-	100679540	-	πρὸς	-	-	-	r--------	-	πρός
0010	008	21	-	100679541	-	ἀρετὴν	-	-	-	n-s---fa-	-	ἀρετή
0010	008	21	-	100679542	-	σωφροσύνην	-	-	-	n-s---fa-	-	σωφροσύνη
0010	008	21	-	100679543	-	ἂν	-	-	-	g--------	-	ἄν
0010	008	21	-	100679544	-	καὶ	-	-	-	c--------	-	καί
0010	008	21	-	100679545	-	δικαιοσύνην	-	-	-	n-s---fa-	-	δικαιοσύνη
0010	008	21	-	100679546	-	ἐμποιήσειεν	-	-	-	v3saoa---	-	ἐμποιέω
0010	008	21	-	100679547	-	·	-	-	-	u--------	-	·
0010	008	21	-	100679548	-	οὐ	-	-	-	d--------	-	οὐ
0010	008	21	-	100679549	-	μὴν	-	-	-	g--------	-	μήν
0010	008	21	-	100679550	-	ἀλλὰ	-	-	-	c--------	-	ἀλλά
0010	008	21	-	100679551	-	συμπαρακελεύσασθαί	-	-	-	v--anm---	-	συμπαρακελεύομαι
0010	008	21	-	100679552	-	γε	-	-	-	g--------	-	γε
0010	008	21	-	100679553	-	καὶ	-	-	-	c--------	-	καί
0010	008	21	-	100679554	-	συνασκῆσαι	-	-	-	v--ana---	-	συνασκέω
0010	008	21	-	100679555	-	μάλιστ’	-	-	-	d-------s	-	μάλα
0010	008	21	-	100679556	-	ἃ	-	-	-	p-p---na-	-	ὅς
0010	008	21	-	100679557	-	οἶμαι	-	-	-	v1spim---	-	οἴομαι
0010	008	21	-	100679558	-	τὴν	-	-	-	l-s---fa-	-	ὁ
0010	008	21	-	100679559	-	τῶν	-	-	-	l-p---mg-	-	ὁ
0010	008	21	-	100679560	-	λόγων	-	-	-	n-p---mg-	-	λόγος
0010	008	21	-	100679561	-	τῶν	-	-	-	l-p---mg-	-	ὁ
0010	008	21	-	100679562	-	πολιτικῶν	-	-	-	a-p---mg-	-	πολιτικός
0010	008	21	-	100679563	-	ἐπιμέλειαν	-	-	-	n-s---fa-	-	ἐπιμέλεια
0010	008	21	-	100679564	-	.	-	-	-	u--------	-	.
0010	008	21	-	1000052069	-	E	-	-	-	z--------	-	E
0010	008	22	-	100679565	-	ἵνα	-	-	-	c--------	-	ἵνα
0010	008	22	-	100679566	-	δὲ	-	-	-	c--------	-	δέ
0010	008	22	-	100679567	-	μὴ	-	-	-	d--------	-	μή
0010	008	22	-	100679568	-	δοκῶ	-	-	-	v1spsa---	-	δοκέω
0010	008	22	-	100679569	-	τὰς	-	-	-	l-p---fa-	-	ὁ
0010	008	22	-	100679570	-	μὲν	-	-	-	g--------	-	μέν
0010	008	22	-	100679571	-	τῶν	-	-	-	l-p---mg-	-	ὁ
0010	008	22	-	100679572	-	ἄλλων	-	-	-	p-p---mg-	-	ἄλλος
0010	008	22	-	100679573	-	ὑποσχέσεις	-	-	-	n-p---fa-	-	ὑπόσχεσις
0010	008	22	-	100679574	-	διαλύειν	-	-	-	v--pna---	-	διαλύω
0010	008	22	-	100679575	-	,	-	-	-	u--------	-	,
0010	008	22	-	100679576	-	αὐτὸς	-	-	-	p-s---mn-	-	αὐτός
0010	008	22	-	100679577	-	δὲ	-	-	-	c--------	-	δέ
0010	008	22	-	100679578	-	μείζω	-	-	-	a-p---nac	-	μέγας
0010	008	22	-	100679579	-	λέγειν	-	-	-	v--pna---	-	λέγω
0010	008	22	-	100679580	-	τῶν	-	-	-	l-p---ng-	-	ὁ
0010	008	22	-	100679581	-	ἐνόντων	-	-	-	v-pppang-	-	ἔνειμι
0010	008	22	-	100679582	-	,	-	-	-	u--------	-	,
0010	008	22	-	100679583	-	ἐξ	-	-	-	r--------	-	ἐκ
0010	008	22	-	100679584	-	ὧνπερ	-	-	-	p-p---ng-	-	ὅς
0010	008	22	-	100679585	-	αὐτὸς	-	-	-	p-s---mn-	-	αὐτός
0010	008	22	-	100679586	-	ἐπείσθην	-	-	-	v1saip---	-	πείθω
0010	008	22	-	100679587	-	οὕτω	-	-	-	d--------	-	οὕτως
0010	008	22	-	100679588	-	ταῦτ’	-	-	-	p-p---na-	-	οὗτος
0010	008	22	-	100679589	-	ἔχειν	-	-	-	v--pna---	-	ἔχω
0010	008	22	-	100679590	-	,	-	-	-	u--------	-	,
0010	008	22	-	100679591	-	ῥᾳδίως	-	-	-	d--------	-	ῥᾴδιος
0010	008	22	-	100679592	-	οἶμαι	-	-	-	v1spim---	-	οἴομαι
0010	008	22	-	100679593	-	καὶ	-	-	-	c--------	-	καί
0010	008	22	-	100679594	-	τοῖς	-	-	-	l-p---md-	-	ὁ
0010	008	22	-	100679595	-	ἄλλοις	-	-	-	p-p---md-	-	ἄλλος
0010	008	22	-	100679596	-	φανερὸν	-	-	-	a-s---ma-	-	φανερός
0010	008	22	-	100679597	-	καταστήσειν	-	-	-	v--fna---	-	καθίστημι
0010	008	22	-	100679598	-	.	-	-	-	u--------	-	.
