0540	023	-	-	1	t_1	πολλὰ	a	-	-	a-p---na-	Case=a|Gender=n|Number=p	πολύς
0540	023	-	-	2	t_2	μὲν	d	-	-	d--------	_	μέν
0540	023	-	-	3	t_3	λέγειν	v	-	-	v--pna---	Mood=n|Tense=p|Voice=a	λέγω3
0540	023	-	-	4	t_4	,	u	-	-	u--------	_	,
0540	023	-	-	5	t_5	ὦ	i	-	-	i--------	_	ὦ
0540	023	-	-	6	t_6	ἄνδρες	n	-	-	n-p---mv-	Case=v|Gender=m|Number=p	ἀνήρ
0540	023	-	-	7	t_7	δικασταί	n	-	-	n-p---mv-	Case=v|Gender=m|Number=p	δικαστής
0540	023	-	-	8	t_8	,	u	-	-	u--------	_	,
0540	023	-	-	9	t_9	περὶ	r	-	-	r--------	_	περί
0540	023	-	-	10	t_10	τουτουὶ	a	-	-	a-s---ng-	Case=g|Gender=n|Number=s	οὗτος
0540	023	-	-	11	t_11	τοῦ	l	-	-	l-s---ng-	Case=g|Gender=n|Number=s	ὁ
0540	023	-	-	12	t_12	πράγματος	n	-	-	n-s---ng-	Case=g|Gender=n|Number=s	πρᾶγμα
0540	023	-	-	13	t_13	οὔ	d	-	-	d--------	_	οὐ
0540	023	-	-	14	t_14	τʼ	d	-	-	d--------	_	τε
0540	023	-	-	15	t_15	ἂν	d	-	-	d--------	_	ἄν
0540	023	-	-	16	t_16	δυναίμην	v	-	-	v1spoe---	Mood=o|Number=s|Person=1|Tense=p|Voice=e	δύναμαι
0540	023	-	-	17	t_17	οὔ	d	-	-	d--------	_	οὐ
0540	023	-	-	18	t_18	τε	c	-	-	c--------	_	τε
0540	023	-	-	19	t_19	μοι	p	-	-	p-s---md-	Case=d|Gender=m|Number=s	ἐγώ
0540	023	-	-	20	t_20	δοκεῖ	v	-	-	v3spia---	Mood=i|Number=s|Person=3|Tense=p|Voice=a	δοκέω
0540	023	-	-	21	t_21	δεῖν	v	-	-	v--pna---	Mood=n|Tense=p|Voice=a	δεῖ
0540	023	-	-	22	t_22	·	u	-	-	u--------	_	·
0540	023	-	-	1	t_23	ὡς	c	-	-	c--------	_	ὡς
0540	023	-	-	2	t_24	δὲ	d	-	-	d--------	_	δέ
0540	023	-	-	3	t_25	ὀρθῶς	d	-	-	d--------	_	ὀρθός
0540	023	-	-	4	t_26	τὴν	l	-	-	l-s---fa-	Case=a|Gender=f|Number=s	ὁ
0540	023	-	-	5	t_27	δίκην	n	-	-	n-s---fa-	Case=a|Gender=f|Number=s	δίκη
0540	023	-	-	6	t_28	ἔλαχον	v	-	-	v1saia---	Mood=i|Number=s|Person=1|Tense=a|Voice=a	λαγχάνω
0540	023	-	-	7	t_29	τουτῳὶ	a	-	-	a-s---md-	Case=d|Gender=m|Number=s	οὗτος
0540	023	-	-	8	t_30	Παγκλέωνι	n	-	-	n-s---md-	Case=d|Gender=m|Number=s	πάγκλειος
0540	023	-	-	9	t_31	οὐκ	d	-	-	d--------	_	οὐ
0540	023	-	-	10	t_32	ὄντι	v	-	-	v-sppamd-	Case=d|Gender=m|Mood=p|Number=s|Tense=p|Voice=a	εἰμί
0540	023	-	-	11	t_33	Πλαταιεῖ	n	-	-	n-s---md-	Case=d|Gender=m|Number=s	πλαταιεύς
0540	023	-	-	12	t_34	,	u	-	-	u--------	_	,
0540	023	-	-	13	t_35	τοῦτο	p	-	-	p-s---na-	Case=a|Gender=n|Number=s	οὗτος
0540	023	-	-	14	t_36	ὑμῖν	p	-	-	p-p---md-	Case=d|Gender=m|Number=p	σύ
0540	023	-	-	15	t_37	πειράσομαι	v	-	-	v1sfim---	Mood=i|Number=s|Person=1|Tense=f|Voice=m	πειράω
0540	023	-	-	16	t_38	ἀποδεῖξαι	v	-	-	v--ana---	Mood=n|Tense=a|Voice=a	ἀποδείκνυμι
0540	023	-	-	17	t_39	.	u	-	-	u--------	_	.
0540	023	-	-	1	t_40	ὡς	c	-	-	c--------	_	ὡς
0540	023	-	-	2	t_41	γὰρ	d	-	-	d--------	_	γάρ
0540	023	-	-	3	t_42	ἀδικῶν	v	-	-	v-sppamn-	Case=n|Gender=m|Mood=p|Number=s|Tense=p|Voice=a	ἀδικέω
0540	023	-	-	4	t_43	με	p	-	-	p1s---ma-	Case=a|Gender=m|Number=s|Person=1	ἐγώ
0540	023	-	-	5	t_44	πολὺν	a	-	-	a-s---ma-	Case=a|Gender=m|Number=s	πολύς
0540	023	-	-	6	t_45	χρόνον	n	-	-	n-s---ma-	Case=a|Gender=m|Number=s	χρόνος
0540	023	-	-	7	t_46	οὐκ	d	-	-	d--------	_	οὐ
0540	023	-	-	8	t_47	ἐπαύετο	v	-	-	v3siie---	Mood=i|Number=s|Person=3|Tense=i|Voice=e	παύω
0540	023	-	-	9	t_48	,	u	-	-	u--------	_	,
0540	023	-	-	10	t_49	ἐλθὼν	v	-	-	v-sapamn-	Case=n|Gender=m|Mood=p|Number=s|Tense=a|Voice=a	ἔρχομαι
0540	023	-	-	11	t_50	ἐπὶ	r	-	-	r--------	_	ἐπί
0540	023	-	-	12	t_51	τὸ	l	-	-	l-s---na-	Case=a|Gender=n|Number=s	ὁ
0540	023	-	-	13	t_52	γναφεῖον	n	-	-	n-s---na-	Case=a|Gender=n|Number=s	κναφεῖον
0540	023	-	-	14	t_53	,	u	-	-	u--------	_	,
0540	023	-	-	15	t_54	ἐν	r	-	-	r--------	_	ἐν
0540	023	-	-	16	t_55	ᾧ	p	-	-	p-s---nd-	Case=d|Gender=n|Number=s	ὅς
0540	023	-	-	17	t_56	εἰργάζετο	v	-	-	v3siie---	Mood=i|Number=s|Person=3|Tense=i|Voice=e	ἐργάζομαι
0540	023	-	-	18	t_57	,	u	-	-	u--------	_	,
0540	023	-	-	19	t_58	προσεκαλεσάμην	v	-	-	v1saim---	Mood=i|Number=s|Person=1|Tense=a|Voice=m	προσκαλέω
0540	023	-	-	20	t_59	αὐτὸν	p	-	-	p-s---ma-	Case=a|Gender=m|Number=s	αὐτός
0540	023	-	-	21	t_60	πρὸς	r	-	-	r--------	_	πρός
0540	023	-	-	22	t_61	τὸν	l	-	-	l-s---ma-	Case=a|Gender=m|Number=s	ὁ
0540	023	-	-	23	t_62	πολέμαρχον	n	-	-	n-s---ma-	Case=a|Gender=m|Number=s	πολέμαρχος
0540	023	-	-	24	t_63	,	u	-	-	u--------	_	,
0540	023	-	-	25	t_64	νομίζων	v	-	-	v-sppamn-	Case=n|Gender=m|Mood=p|Number=s|Tense=p|Voice=a	νομίζω
0540	023	-	-	26	t_65	μέτοικον	n	-	-	n-s---ma-	Case=a|Gender=m|Number=s	μέτοικος
0540	023	-	-	27	t_66	εἶναι	v	-	-	v--pna---	Mood=n|Tense=p|Voice=a	εἰμί
0540	023	-	-	28	t_67	.	u	-	-	u--------	_	.
0540	023	-	-	1	t_68	εἰπόντος	v	-	-	v-sapamg-	Case=g|Gender=m|Mood=p|Number=s|Tense=a|Voice=a	εἶπον
0540	023	-	-	2	t_69	δὲ	d	-	-	d--------	_	δέ
0540	023	-	-	3	t_70	τούτου	p	-	-	p-s---mg-	Case=g|Gender=m|Number=s	οὗτος
0540	023	-	-	4	t_71	ὅτι	c	-	-	c--------	_	ὅτι
0540	023	-	-	5	t_72	Πλαταιεὺς	n	-	-	n-s---mn-	Case=n|Gender=m|Number=s	πλαταιεύς
0540	023	-	-	6	t_73	εἴη	v	-	-	v3spoa---	Mood=o|Number=s|Person=3|Tense=p|Voice=a	εἰμί
0540	023	-	-	7	t_74	,	u	-	-	u--------	_	,
0540	023	-	-	8	t_75	ἠρόμην	v	-	-	v1saim---	Mood=i|Number=s|Person=1|Tense=a|Voice=m	ἔρομαι
0540	023	-	-	9	t_76	ὁπόθεν	d	-	-	d--------	_	ὁπόθεν
0540	023	-	-	10	t_77	δημοτεύοιτο	v	-	-	v3spoe---	Mood=o|Number=s|Person=3|Tense=p|Voice=e	δημοτεύομαι
0540	023	-	-	11	t_78	,	u	-	-	u--------	_	,
0540	023	-	-	12	t_79	παραινέσαντός	v	-	-	v-sapamg-	Case=g|Gender=m|Mood=p|Number=s|Tense=a|Voice=a	παραινέω
0540	023	-	-	13	t_80	τινος	p	-	-	p-s---mg-	Case=g|Gender=m|Number=s	τις
0540	023	-	-	14	t_81	τῶν	l	-	-	l-p---mg-	Case=g|Gender=m|Number=p	ὁ
0540	023	-	-	15	t_82	παρόντων	v	-	-	v-pppamg-	Case=g|Gender=m|Mood=p|Number=p|Tense=p|Voice=a	πάρειμι1
0540	023	-	-	16	t_83	προσκαλέσασθαι	v	-	-	v--anm---	Mood=n|Tense=a|Voice=m	προσκαλέω
0540	023	-	-	17	t_84	καὶ	d	-	-	d--------	_	καί
0540	023	-	-	18	t_85	πρὸς	r	-	-	r--------	_	πρός
0540	023	-	-	19	t_86	τὴν	l	-	-	l-s---fa-	Case=a|Gender=f|Number=s	ὁ
0540	023	-	-	20	t_87	φυλήν	n	-	-	n-s---fa-	Case=a|Gender=f|Number=s	φυλή
0540	023	-	-	21	t_88	,	u	-	-	u--------	_	,
0540	023	-	-	22	t_89	ἧστινος	p	-	-	p-s---mg-	Case=g|Gender=m|Number=s	ὅστις
0540	023	-	-	23	t_90	εἶναι	v	-	-	v--pna---	Mood=n|Tense=p|Voice=a	εἰμί
0540	023	-	-	24	t_91	σκήπτοιτο	v	-	-	v3spoe---	Mood=o|Number=s|Person=3|Tense=p|Voice=e	σκήπτω
0540	023	-	-	25	t_92	.	u	-	-	u--------	_	.
0540	023	-	-	1	t_93	ἐπειδὴ	c	-	-	c--------	_	ἐπεί
0540	023	-	-	2	t_94	δὲ	d	-	-	d--------	_	δέ
0540	023	-	-	3	t_95	ἀπεκρίνατο	v	-	-	v3saim---	Mood=i|Number=s|Person=3|Tense=a|Voice=m	ἀποκρίνω
0540	023	-	-	4	t_96	ὅτι	c	-	-	c--------	_	ὅτι
0540	023	-	-	5	t_97	Δεκελειόθεν	d	-	-	d--------	_	δεκελειόθεν
0540	023	-	-	6	t_98	,	u	-	-	u--------	_	,
0540	023	-	-	7	t_99	προσκαλεσάμενος	v	-	-	v-sapmmn-	Case=n|Gender=m|Mood=p|Number=s|Tense=a|Voice=m	προσκαλέω
0540	023	-	-	8	t_100	αὐτὸν	p	-	-	p-s---ma-	Case=a|Gender=m|Number=s	αὐτός
0540	023	-	-	9	t_101	καὶ	d	-	-	d--------	_	καί
0540	023	-	-	10	t_102	πρὸς	r	-	-	r--------	_	πρός
0540	023	-	-	11	t_103	τοὺς	l	-	-	l-p---ma-	Case=a|Gender=m|Number=p	ὁ
0540	023	-	-	12	t_104	τῇ	l	-	-	l-s---fd-	Case=d|Gender=f|Number=s	ὁ
0540	023	-	-	13	t_105	Ἱπποθωντίδι	n	-	-	n-s---fd-	Case=d|Gender=f|Number=s	ἱπποθωντίς
0540	023	-	-	14	t_106	δικάζοντας	v	-	-	v-pppama-	Case=a|Gender=m|Mood=p|Number=p|Tense=p|Voice=a	δικάζω
0540	023	-	-	15	t_107	,	u	-	-	u--------	_	,
0540	023	-	-	16	t_108	ἐλθὼν	v	-	-	v-sapamn-	Case=n|Gender=m|Mood=p|Number=s|Tense=a|Voice=a	ἔρχομαι
0540	023	-	-	17	t_109	ἐπὶ	r	-	-	r--------	_	ἐπί
0540	023	-	-	18	t_110	τὸ	l	-	-	l-s---na-	Case=a|Gender=n|Number=s	ὁ
0540	023	-	-	19	t_111	κουρεῖον	n	-	-	n-s---na-	Case=a|Gender=n|Number=s	κουρεῖον
0540	023	-	-	20	t_112	τὸ	l	-	-	l-s---na-	Case=a|Gender=n|Number=s	ὁ
0540	023	-	-	21	t_113	παρὰ	r	-	-	r--------	_	παρά
0540	023	-	-	22	t_114	τοὺς	l	-	-	l-p---ma-	Case=a|Gender=m|Number=p	ὁ
0540	023	-	-	23	t_115	Ἑρμᾶς	n	-	-	n-p---ma-	Case=a|Gender=m|Number=p	ἑρμᾶς
0540	023	-	-	24	t_116	,	u	-	-	u--------	_	,
0540	023	-	-	25	t_117	οἷ	p	-	-	p-s---md-	Case=d|Gender=m|Number=s	οἷ
0540	023	-	-	26	t_118	Δεκελειεῖς	n	-	-	n-p---mn-	Case=n|Gender=m|Number=p	δεκελειεύς
0540	023	-	-	27	t_119	προσφοιτῶσιν	v	-	-	v3ppia---	Mood=i|Number=p|Person=3|Tense=p|Voice=a	προσφοιτῶ
0540	023	-	-	28	t_120	,	u	-	-	u--------	_	,
0540	023	-	-	29	t_121	ἠρώτων	v	-	-	v1siia---	Mood=i|Number=s|Person=1|Tense=i|Voice=a	ἐρωτάω
0540	023	-	-	30	t_122	,	u	-	-	u--------	_	,
0540	023	-	-	31	t_123	οὕς	p	-	-	p-p---ma-	Case=a|Gender=m|Number=p	ὅς
0540	023	-	-	32	t_124	τε	c	-	-	c--------	_	τε
0540	023	-	-	33	t_125	ἐξευρίσκοιμι	v	-	-	v1saoa---	Mood=o|Number=s|Person=1|Tense=a|Voice=a	ἐξευρίσκω
0540	023	-	-	34	t_126	Δεκελειέων	n	-	-	n-p---mg-	Case=g|Gender=m|Number=p	δεκελειεύς
0540	023	-	-	35	t_127	ἐπυνθανόμην	v	-	-	v1siie---	Mood=i|Number=s|Person=1|Tense=i|Voice=e	πυνθάνομαι
0540	023	-	-	36	t_128	εἴ	c	-	-	c--------	_	εἰ
0540	023	-	-	37	t_129	τινα	a	-	-	a-s---ma-	Case=a|Gender=m|Number=s	τις
0540	023	-	-	38	t_130	γιγνώσκοιεν	v	-	-	v3ppoa---	Mood=o|Number=p|Person=3|Tense=p|Voice=a	γιγνώσκω
0540	023	-	-	39	t_131	Δεκελειόθεν	d	-	-	d--------	_	δεκελειόθεν
0540	023	-	-	40	t_132	δημοτευόμενον	v	-	-	v-sppema-	Case=a|Gender=m|Mood=p|Number=s|Tense=p|Voice=e	δημοτεύομαι
0540	023	-	-	41	t_133	Παγκλέωνα	n	-	-	n-s---ma-	Case=a|Gender=m|Number=s	παγκλέων
0540	023	-	-	42	t_134	.	u	-	-	u--------	_	.
0540	023	-	-	1	t_135	ἐπειδὴ	c	-	-	c--------	_	ἐπεί
0540	023	-	-	2	t_136	δὲ	d	-	-	d--------	_	δέ
0540	023	-	-	3	t_137	οὐδεὶς	p	-	-	p-s---mn-	Case=n|Gender=m|Number=s	οὐδείς
0540	023	-	-	4	t_138	ἔφασκεν	v	-	-	v3siia---	Mood=i|Number=s|Person=3|Tense=i|Voice=a	φάσκω
0540	023	-	-	5	t_139	γιγνώσκειν	v	-	-	v--pna---	Mood=n|Tense=p|Voice=a	γιγνώσκω
0540	023	-	-	6	t_140	αὐτόν	p	-	-	p-s---ma-	Case=a|Gender=m|Number=s	αὐτός
0540	023	-	-	7	t_141	,	u	-	-	u--------	_	,
0540	023	-	-	8	t_142	πυθόμενος	v	-	-	v-sapmmn-	Case=n|Gender=m|Mood=p|Number=s|Tense=a|Voice=m	πυνθάνομαι
0540	023	-	-	9	t_143	ὅτι	c	-	-	c--------	_	ὅτι
0540	023	-	-	10	t_144	καὶ	d	-	-	d--------	_	καί
0540	023	-	-	11	t_145	ἑτέρας	a	-	-	a-p---fa-	Case=a|Gender=f|Number=p	ἕτερος
0540	023	-	-	12	t_146	δίκας	n	-	-	n-p---fa-	Case=a|Gender=f|Number=p	δίκη
0540	023	-	-	13	t_147	τὰς	l	-	-	l-p---fa-	Case=a|Gender=f|Number=p	ὁ
0540	023	-	-	14	t_148	μὲν	d	-	-	d--------	_	μέν
0540	023	-	-	15	t_149	φεύγοι	v	-	-	v3spoa---	Mood=o|Number=s|Person=3|Tense=p|Voice=a	φεύγω
0540	023	-	-	16	t_150	τὰς	l	-	-	l-p---fa-	Case=a|Gender=f|Number=p	ὁ
0540	023	-	-	17	t_151	δʼ	c	-	-	c--------	_	δέ
0540	023	-	-	18	t_152	ὠφλήκοι	v	-	-	v3sroa---	Mood=o|Number=s|Person=3|Tense=r|Voice=a	ὀφλισκάνω
0540	023	-	-	19	t_153	παρὰ	r	-	-	r--------	_	παρά
0540	023	-	-	20	t_154	τῷ	l	-	-	l-s---md-	Case=d|Gender=m|Number=s	ὁ
0540	023	-	-	21	t_155	πολεμάρχῳ	n	-	-	n-s---md-	Case=d|Gender=m|Number=s	πολέμαρχος
0540	023	-	-	22	t_156	ἔλαχον	v	-	-	v1saia---	Mood=i|Number=s|Person=1|Tense=a|Voice=a	λαγχάνω
0540	023	-	-	23	t_157	καὶ	d	-	-	d--------	_	καί
0540	023	-	-	24	t_158	ἐγώ	p	-	-	p1s---mn-	Case=n|Gender=m|Number=s|Person=1	ἐγώ
0540	023	-	-	25	t_159	.	u	-	-	u--------	_	.
0540	023	-	-	1	t_160	πρῶτον	a	-	-	a-s---na-	Case=a|Gender=n|Number=s	πρῶτος
0540	023	-	-	2	t_161	μὲν	d	-	-	d--------	_	μέν
0540	023	-	-	3	t_162	οὖν	d	-	-	d--------	_	οὖν
0540	023	-	-	4	t_163	ὑμῖν	p	-	-	p-p---md-	Case=d|Gender=m|Number=p	σύ
0540	023	-	-	5	t_164	Δεκελειέων	n	-	-	n-p---mg-	Case=g|Gender=m|Number=p	δεκελειεύς
0540	023	-	-	6	t_165	οὓς	p	-	-	p-p---ma-	Case=a|Gender=m|Number=p	ὅς
0540	023	-	-	7	t_166	ἠρόμην	v	-	-	v1saim---	Mood=i|Number=s|Person=1|Tense=a|Voice=m	ἔρομαι
0540	023	-	-	8	t_167	μάρτυρας	n	-	-	n-p---ma-	Case=a|Gender=m|Number=p	μάρτυς
0540	023	-	-	9	t_168	παρέξομαι	v	-	-	v1sfim---	Mood=i|Number=s|Person=1|Tense=f|Voice=m	παρέχω
0540	023	-	-	10	t_169	,	u	-	-	u--------	_	,
0540	023	-	-	11	t_170	ἔπειτα	d	-	-	d--------	_	ἔπειτα
0540	023	-	-	12	t_171	δὲ	c	-	-	c--------	_	δέ
0540	023	-	-	13	t_172	καὶ	d	-	-	d--------	_	καί
0540	023	-	-	14	t_173	τῶν	l	-	-	l-p---mg-	Case=g|Gender=m|Number=p	ὁ
0540	023	-	-	15	t_174	ἄλλων	p	-	-	p-p---mg-	Case=g|Gender=m|Number=p	ἄλλος
0540	023	-	-	16	t_175	τῶν	l	-	-	l-p---mg-	Case=g|Gender=m|Number=p	ὁ
0540	023	-	-	17	t_176	λαχόντων	v	-	-	v-papamg-	Case=g|Gender=m|Mood=p|Number=p|Tense=a|Voice=a	λαγχάνω
0540	023	-	-	18	t_177	τε	d	-	-	d--------	_	τε
0540	023	-	-	19	t_178	δίκας	n	-	-	n-p---fa-	Case=a|Gender=f|Number=p	δίκη
0540	023	-	-	20	t_179	αὐτῷ	p	-	-	p-s---md-	Case=d|Gender=m|Number=s	αὐτός
0540	023	-	-	21	t_180	πρὸς	r	-	-	r--------	_	πρός
0540	023	-	-	22	t_181	τὸν	l	-	-	l-s---ma-	Case=a|Gender=m|Number=s	ὁ
0540	023	-	-	23	t_182	πολέμαρχον	n	-	-	n-s---ma-	Case=a|Gender=m|Number=s	πολέμαρχος
0540	023	-	-	24	t_183	καὶ	c	-	-	c--------	_	καί
0540	023	-	-	25	t_184	καταδικασαμένων	v	-	-	v-papmmg-	Case=g|Gender=m|Mood=p|Number=p|Tense=a|Voice=m	καταδικάζω
0540	023	-	-	26	t_185	,	u	-	-	u--------	_	,
0540	023	-	-	27	t_186	ὅσοι	a	-	-	a-p---mn-	Case=n|Gender=m|Number=p	ὅσος
0540	023	-	-	28	t_187	τυγχάνουσι	v	-	-	v3ppia---	Mood=i|Number=p|Person=3|Tense=p|Voice=a	τυγχάνω
0540	023	-	-	29	t_188	παρόντες	v	-	-	v-pppamn-	Case=n|Gender=m|Mood=p|Number=p|Tense=p|Voice=a	πάρειμι1
0540	023	-	-	30	t_189	.	u	-	-	u--------	_	.
0540	023	-	-	1	t_190	καί	d	-	-	d--------	_	καί
0540	023	-	-	2	t_191	μοι	p	-	-	p1s---md-	Case=d|Gender=m|Number=s|Person=1	ἐγώ
0540	023	-	-	3	t_192	ἐπίλαβε	v	-	-	v2sama---	Mood=m|Number=s|Person=2|Tense=a|Voice=a	ἐπιλαμβάνω
0540	023	-	-	4	t_193	τὸ	l	-	-	l-s---na-	Case=a|Gender=n|Number=s	ὁ
0540	023	-	-	5	t_194	ὕδωρ	n	-	-	n-s---na-	Case=a|Gender=n|Number=s	ὕδωρ
0540	023	-	-	6	t_195	.	u	-	-	u--------	_	.
0540	023	-	-	1	t_196	Μάρτυρες	n	-	-	n-p---mn-	Case=n|Gender=m|Number=p	μάρτυς
0540	023	-	-	2	t_197	ἐκ	r	-	-	r--------	_	ἐκ
0540	023	-	-	3	t_198	μὲν	d	-	-	d--------	_	μέν
0540	023	-	-	4	t_199	τούτων	p	-	-	p-p---ng-	Case=g|Gender=n|Number=p	οὗτος
0540	023	-	-	5	t_200	πεισθεὶς	v	-	-	v-sappmn-	Case=n|Gender=m|Mood=p|Number=s|Tense=a|Voice=p	πείθω
0540	023	-	-	6	t_201	πρὸς	r	-	-	r--------	_	πρός
0540	023	-	-	7	t_202	τὸν	l	-	-	l-s---ma-	Case=a|Gender=m|Number=s	ὁ
0540	023	-	-	8	t_203	πολέμαρχον	n	-	-	n-s---ma-	Case=a|Gender=m|Number=s	πολέμαρχος
0540	023	-	-	9	t_204	αὐτῶ	p	-	-	p-s---ma-	Case=a|Gender=m|Number=s	αὐτός
0540	023	-	-	11	t_205	·	u	-	-	u--------	_	·
0540	023	-	-	1	t_206	τὴν	l	-	-	l-s---fa-	Case=a|Gender=f|Number=s	ὁ
0540	023	-	-	2	t_207	δίκην	n	-	-	n-s---fa-	Case=a|Gender=f|Number=s	δίκη
0540	023	-	-	3	t_208	ἔλαχον	v	-	-	v1saia---	Mood=i|Number=s|Person=1|Tense=a|Voice=a	λαγχάνω
0540	023	-	-	4	t_209	·	u	-	-	u--------	_	·
0540	023	-	-	1	t_210	ἐπειδὴ	c	-	-	c--------	_	ἐπεί
0540	023	-	-	2	t_211	δέ	d	-	-	d--------	_	δέ
0540	023	-	-	3	t_212	μοι	p	-	-	p1s---md-	Case=d|Gender=m|Number=s|Person=1	ἐγώ
0540	023	-	-	4	t_213	αὐτὴν	p	-	-	p-s---fa-	Case=a|Gender=f|Number=s	αὐτός
0540	023	-	-	5	t_214	ἀντεγράψατο	v	-	-	v3saim---	Mood=i|Number=s|Person=3|Tense=a|Voice=m	ἀναγράφω
0540	023	-	-	6	t_215	μὴ	d	-	-	d--------	_	μή
0540	023	-	-	7	t_216	εἰσαγώγιμον	a	-	-	a-s---fa-	Case=a|Gender=f|Number=s	εἰσαγώγιμος
0540	023	-	-	8	t_217	εἶναι	v	-	-	v--pna---	Mood=n|Tense=p|Voice=a	εἰμί
0540	023	-	-	9	t_218	,	u	-	-	u--------	_	,
0540	023	-	-	10	t_219	περὶ	r	-	-	r--------	_	περί
0540	023	-	-	11	t_220	πολλοῦ	a	-	-	a-s---ng-	Case=g|Gender=n|Number=s	πολύς
0540	023	-	-	12	t_221	ποιούμενος	v	-	-	v-sppemn-	Case=n|Gender=m|Mood=p|Number=s|Tense=p|Voice=e	ποιέω
0540	023	-	-	13	t_222	μηδενὶ	p	-	-	p-s---md-	Case=d|Gender=m|Number=s	μηδείς
0540	023	-	-	14	t_223	δόξαι	v	-	-	v--ana---	Mood=n|Tense=a|Voice=a	δοκέω
0540	023	-	-	15	t_224	ὑβρίζειν	v	-	-	v--pna---	Mood=n|Tense=p|Voice=a	ὑβρίζω
0540	023	-	-	16	t_225	βούλεσθαι	v	-	-	v--pne---	Mood=n|Tense=p|Voice=e	βούλομαι
0540	023	-	-	17	t_226	μᾶλλον	d	-	-	d--------	_	μᾶλλον
0540	023	-	-	18	t_227	ἢ	c	-	-	c--------	_	ἤ1
0540	023	-	-	19	t_228	δίκην	n	-	-	n-s---fa-	Case=a|Gender=f|Number=s	δίκη
0540	023	-	-	20	t_229	λαβεῖν	v	-	-	v--ana---	Mood=n|Tense=a|Voice=a	λαμβάνω
0540	023	-	-	21	t_230	ὧν	p	-	-	p-p---ng-	Case=g|Gender=n|Number=p	ὅς
0540	023	-	-	22	t_231	ἠδικήθην	v	-	-	v1saip---	Mood=i|Number=s|Person=1|Tense=a|Voice=p	ἀδικέω
0540	023	-	-	23	t_232	,	u	-	-	u--------	_	,
0540	023	-	-	24	t_233	πρῶτον	a	-	-	a-s---na-	Case=a|Gender=n|Number=s	πρῶτος
0540	023	-	-	25	t_234	μὲν	d	-	-	d--------	_	μέν
0540	023	-	-	26	t_235	Εὐθύκριτον	n	-	-	n-s---ma-	Case=a|Gender=m|Number=s	εὐθύκριτος
0540	023	-	-	27	t_236	,	u	-	-	u--------	_	,
0540	023	-	-	28	t_237	ὃν	p	-	-	p-s---ma-	Case=a|Gender=m|Number=s	ὅς
0540	023	-	-	29	t_238	πρεσβύτατόν	a	-	-	a-s---ma-	Case=a|Gender=m|Number=s	πρέσβυς
0540	023	-	-	30	t_239	τε	d	-	-	d--------	_	τε
0540	023	-	-	31	t_240	Πλαταιέων	n	-	-	n-p---mg-	Case=g|Gender=m|Number=p	πλαταιεύς
0540	023	-	-	32	t_241	ἐγίγνωσκον	v	-	-	v1siia---	Mood=i|Number=s|Person=1|Tense=i|Voice=a	γιγνώσκω
0540	023	-	-	33	t_242	καὶ	c	-	-	c--------	_	καί
0540	023	-	-	34	t_243	μάλιστα	d	-	-	d--------	_	μάλιστα
0540	023	-	-	35	t_244	ὠόμην	v	-	-	v1siie---	Mood=i|Number=s|Person=1|Tense=i|Voice=e	οἴομαι
0540	023	-	-	36	t_245	εἰδέναι	v	-	-	v--rna---	Mood=n|Tense=r|Voice=a	οἶδα
0540	023	-	-	37	t_246	,	u	-	-	u--------	_	,
0540	023	-	-	38	t_247	ἠρόμην	v	-	-	v1saim---	Mood=i|Number=s|Person=1|Tense=a|Voice=m	ἔρομαι
0540	023	-	-	39	t_248	εἴ	c	-	-	c--------	_	εἰ
0540	023	-	-	40	t_249	τινα	a	-	-	a-s---ma-	Case=a|Gender=m|Number=s	τις
0540	023	-	-	41	t_250	γιγνώσκοι	v	-	-	v3spoa---	Mood=o|Number=s|Person=3|Tense=p|Voice=a	γιγνώσκω
0540	023	-	-	42	t_251	Ἱππαρμοδώρου	n	-	-	n-s---mg-	Case=g|Gender=m|Number=s	ἱππαρμόδωρος
0540	023	-	-	43	t_252	ὑὸν	n	-	-	n-s---ma-	Case=a|Gender=m|Number=s	υἱός
0540	023	-	-	44	t_253	Παγκλέωνα	n	-	-	n-s---ma-	Case=a|Gender=m|Number=s	παγκλέων
0540	023	-	-	45	t_254	Πλαταιέα	n	-	-	n-s---ma-	Case=a|Gender=m|Number=s	πλαταιεύς
0540	023	-	-	46	t_255	·	u	-	-	u--------	_	·
0540	023	-	-	1	t_256	ἔπειτα	d	-	-	d--------	_	ἔπειτα
0540	023	-	-	2	t_257	δέ	d	-	-	d--------	_	δέ
0540	023	-	-	3	t_258	,	u	-	-	u--------	_	,
0540	023	-	-	4	t_259	ἐπειδὴ	c	-	-	c--------	_	ἐπεί
0540	023	-	-	5	t_260	ἐκεῖνος	p	-	-	p-s---mn-	Case=n|Gender=m|Number=s	ἐκεῖνος
0540	023	-	-	6	t_261	ἀπεκρίνατό	v	-	-	v3saim---	Mood=i|Number=s|Person=3|Tense=a|Voice=m	ἀποκρίνω
0540	023	-	-	7	t_262	μοι	p	-	-	p1s---md-	Case=d|Gender=m|Number=s|Person=1	ἐγώ
0540	023	-	-	8	t_263	ὅτι	c	-	-	c--------	_	ὅτι
0540	023	-	-	9	t_264	τὸν	l	-	-	l-s---ma-	Case=a|Gender=m|Number=s	ὁ
0540	023	-	-	10	t_265	Ἱππαρμόδωρον	n	-	-	n-s---ma-	Case=a|Gender=m|Number=s	ἱππαρμόδωρος
0540	023	-	-	11	t_266	μὲν	d	-	-	d--------	_	μέν
0540	023	-	-	12	t_267	γιγνώσκοι	v	-	-	v3spoa---	Mood=o|Number=s|Person=3|Tense=p|Voice=a	γιγνώσκω
0540	023	-	-	13	t_268	,	u	-	-	u--------	_	,
0540	023	-	-	14	t_269	ὑὸν	n	-	-	n-s---ma-	Case=a|Gender=m|Number=s	υἱός
0540	023	-	-	15	t_270	δὲ	c	-	-	c--------	_	δέ
0540	023	-	-	16	t_271	ἐκείνῳ	p	-	-	p-s---md-	Case=d|Gender=m|Number=s	ἐκεῖνος
0540	023	-	-	17	t_272	οὐδένα	a	-	-	a-s---ma-	Case=a|Gender=m|Number=s	οὐδείς
0540	023	-	-	18	t_273	οὔ	d	-	-	d--------	_	οὐ
0540	023	-	-	19	t_274	τε	d	-	-	d--------	_	τε
0540	023	-	-	20	t_275	Παγκλέωνα	n	-	-	n-s---ma-	Case=a|Gender=m|Number=s	παγκλέων
0540	023	-	-	21	t_276	οὔ	d	-	-	d--------	_	οὐ
0540	023	-	-	22	t_277	τε	c	-	-	c--------	_	τε
0540	023	-	-	23	t_278	ἄλλον	a	-	-	a-s---ma-	Case=a|Gender=m|Number=s	ἄλλος
0540	023	-	-	24	t_279	οὐδένα	a	-	-	a-s---ma-	Case=a|Gender=m|Number=s	οὐδείς
0540	023	-	-	25	t_280	εἰδείη	v	-	-	v3sroa---	Mood=o|Number=s|Person=3|Tense=r|Voice=a	οἶδα
0540	023	-	-	26	t_281	ὄντα	v	-	-	v-sppama-	Case=a|Gender=m|Mood=p|Number=s|Tense=p|Voice=a	εἰμί
0540	023	-	-	27	t_282	,	u	-	-	u--------	_	,
0540	023	-	-	28	t_283	ἠρώτων	v	-	-	v3piia---	Mood=i|Number=p|Person=3|Tense=i|Voice=a	ἐρωτάω
0540	023	-	-	29	t_284	δὴ	d	-	-	d--------	_	δή
0540	023	-	-	30	t_285	καὶ	d	-	-	d--------	_	καί
0540	023	-	-	31	t_286	τῶν	l	-	-	l-p---mg-	Case=g|Gender=m|Number=p	ὁ
0540	023	-	-	32	t_287	ἄλλων	p	-	-	p-p---mg-	Case=g|Gender=m|Number=p	ἄλλος
0540	023	-	-	33	t_288	ὅσους	a	-	-	a-p---ma-	Case=a|Gender=m|Number=p	ὅσος
0540	023	-	-	34	t_289	ᾔδη	v	-	-	v3slia---	Mood=i|Number=s|Person=3|Tense=l|Voice=a	οἶδα
0540	023	-	-	35	t_290	Πλαταιέας	n	-	-	n-p---ma-	Case=a|Gender=m|Number=p	πλαταιεύς
0540	023	-	-	36	t_291	ὄντας	v	-	-	v-pppama-	Case=a|Gender=m|Mood=p|Number=p|Tense=p|Voice=a	εἰμί
0540	023	-	-	37	t_292	.	u	-	-	u--------	_	.
0540	023	-	-	1	t_293	πάντες	a	-	-	a-p---mn-	Case=n|Gender=m|Number=p	πᾶς
0540	023	-	-	2	t_294	οὖν	d	-	-	d--------	_	οὖν
0540	023	-	-	3	t_295	ἀγνοοῦντες	v	-	-	v-pppamn-	Case=n|Gender=m|Mood=p|Number=p|Tense=p|Voice=a	ἀγνοέω
0540	023	-	-	4	t_296	τὸ	l	-	-	l-s---na-	Case=a|Gender=n|Number=s	ὁ
0540	023	-	-	5	t_297	ὄνομα	n	-	-	n-s---na-	Case=a|Gender=n|Number=s	ὄνομα
0540	023	-	-	6	t_298	αὐτοῦ	p	-	-	p-s---mg-	Case=g|Gender=m|Number=s	αὐτός
0540	023	-	-	7	t_299	,	u	-	-	u--------	_	,
0540	023	-	-	8	t_300	ἀκριβέστατα	a	-	-	a-p---nas	Case=a|Degree=s|Gender=n|Number=p	ἀκριβής
0540	023	-	-	9	t_301	ἂν	d	-	-	d--------	_	ἄν
0540	023	-	-	10	t_302	ἔφασάν	v	-	-	v3paia---	Mood=i|Number=p|Person=3|Tense=a|Voice=a	φημί
0540	023	-	-	11	t_303	με	p	-	-	p-s---ma-	Case=a|Gender=m|Number=s	ἐγώ
0540	023	-	-	12	t_304	πυθέσθαι	v	-	-	v--anm---	Mood=n|Tense=a|Voice=m	πυνθάνομαι
0540	023	-	-	13	t_305	ἐλθόντα	v	-	-	v-sapama-	Case=a|Gender=m|Mood=p|Number=s|Tense=a|Voice=a	ἔρχομαι
0540	023	-	-	14	t_306	εἰς	r	-	-	r--------	_	εἰς
0540	023	-	-	15	t_307	τὸν	l	-	-	l-s---ma-	Case=a|Gender=m|Number=s	ὁ
0540	023	-	-	16	t_308	χλωρὸν	a	-	-	a-s---ma-	Case=a|Gender=m|Number=s	χλωρός
0540	023	-	-	17	t_309	τυρὸν	n	-	-	n-s---ma-	Case=a|Gender=m|Number=s	τυρός
0540	023	-	-	18	t_310	τῇ	l	-	-	l-s---fd-	Case=d|Gender=f|Number=s	ὁ
0540	023	-	-	19	t_311	ἕνῃ	a	-	-	a-s---fd-	Case=d|Gender=f|Number=s	ἕνος
0540	023	-	-	20	t_312	καὶ	c	-	-	c--------	_	καί
0540	023	-	-	21	t_313	νέα	a	-	-	a-p---na-	Case=a|Gender=n|Number=p	νέος
0540	023	-	-	22	t_314	·	u	-	-	u--------	_	·
0540	023	-	-	1	t_315	ταύτῃ	a	-	-	a-s---fd-	Case=d|Gender=f|Number=s	οὗτος
0540	023	-	-	2	t_316	γὰρ	d	-	-	d--------	_	γάρ
0540	023	-	-	3	t_317	τῇ	l	-	-	l-s---fd-	Case=d|Gender=f|Number=s	ὁ
0540	023	-	-	4	t_318	ἡμέρᾳ	n	-	-	n-s---fd-	Case=d|Gender=f|Number=s	ἡμέρα
0540	023	-	-	5	t_319	τοῦ	l	-	-	l-s---mg-	Case=g|Gender=m|Number=s	ὁ
0540	023	-	-	6	t_320	μηνὸς	n	-	-	n-s---mg-	Case=g|Gender=m|Number=s	μείς
0540	023	-	-	7	t_321	ἑκάστου	a	-	-	a-s---mg-	Case=g|Gender=m|Number=s	ἕκαστος
0540	023	-	-	8	t_322	ἐκεῖσε	d	-	-	d--------	_	ἐκεῖσε
0540	023	-	-	9	t_323	συλλέγεσθαι	v	-	-	v--pne---	Mood=n|Tense=p|Voice=e	συλλέγω
0540	023	-	-	10	t_324	τοὺς	l	-	-	l-p---ma-	Case=a|Gender=m|Number=p	ὁ
0540	023	-	-	11	t_325	Πλαταιέας	n	-	-	n-p---ma-	Case=a|Gender=m|Number=p	πλαταιεύς
0540	023	-	-	12	t_326	.	u	-	-	u--------	_	.
0540	023	-	-	1	t_327	ἐλθὼν	v	-	-	v-sapamn-	Case=n|Gender=m|Mood=p|Number=s|Tense=a|Voice=a	ἔρχομαι
0540	023	-	-	2	t_328	οὖν	d	-	-	d--------	_	οὖν
0540	023	-	-	3	t_329	εἰς	r	-	-	r--------	_	εἰς
0540	023	-	-	4	t_330	τὸν	l	-	-	l-s---ma-	Case=a|Gender=m|Number=s	ὁ
0540	023	-	-	5	t_331	τυρὸν	n	-	-	n-s---ma-	Case=a|Gender=m|Number=s	τυρός
0540	023	-	-	6	t_332	ταύτῃ	a	-	-	a-s---fd-	Case=d|Gender=f|Number=s	οὗτος
0540	023	-	-	7	t_333	τῇ	l	-	-	l-s---fd-	Case=d|Gender=f|Number=s	ὁ
0540	023	-	-	8	t_334	ἡμέρᾳ	n	-	-	n-s---fd-	Case=d|Gender=f|Number=s	ἡμέρα
0540	023	-	-	9	t_335	ἐπυνθανόμην	v	-	-	v1siie---	Mood=i|Number=s|Person=1|Tense=i|Voice=e	πυνθάνομαι
0540	023	-	-	10	t_336	αὐτῶν	p	-	-	p-p---mg-	Case=g|Gender=m|Number=p	αὐτός
0540	023	-	-	11	t_337	,	u	-	-	u--------	_	,
0540	023	-	-	12	t_338	εἴ	c	-	-	c--------	_	εἰ
0540	023	-	-	13	t_339	τινα	a	-	-	a-s---ma-	Case=a|Gender=m|Number=s	τις
0540	023	-	-	14	t_340	γιγνώσκοιεν	v	-	-	v3ppoa---	Mood=o|Number=p|Person=3|Tense=p|Voice=a	γιγνώσκω
0540	023	-	-	15	t_341	Παγκλέωνα	n	-	-	n-s---ma-	Case=a|Gender=m|Number=s	παγκλέων
0540	023	-	-	16	t_342	πολίτην	n	-	-	n-s---ma-	Case=a|Gender=m|Number=s	πολίτης
0540	023	-	-	17	t_343	σφέτερον	a	-	-	a-s---ma-	Case=a|Gender=m|Number=s	σφέτερος
0540	023	-	-	18	t_344	.	u	-	-	u--------	_	.
0540	023	-	-	1	t_345	καὶ	d	-	-	d--------	_	καί
0540	023	-	-	2	t_346	οἱ	l	-	-	l-p---mn-	Case=n|Gender=m|Number=p	ὁ
0540	023	-	-	3	t_347	μὲν	d	-	-	d--------	_	μέν
0540	023	-	-	4	t_348	ἄλλοι	p	-	-	p-p---mn-	Case=n|Gender=m|Number=p	ἄλλος
0540	023	-	-	5	t_349	οὐκ	d	-	-	d--------	_	οὐ
0540	023	-	-	6	t_350	ἔφασαν	v	-	-	v3piia---	Mood=i|Number=p|Person=3|Tense=i|Voice=a	φημί
0540	023	-	-	7	t_351	γιγνώσκειν	v	-	-	v--pna---	Mood=n|Tense=p|Voice=a	γιγνώσκω
0540	023	-	-	8	t_352	,	u	-	-	u--------	_	,
0540	023	-	-	9	t_353	εἷς	a	-	-	a-s---mn-	Case=n|Gender=m|Number=s	εἷς
0540	023	-	-	10	t_354	δέ	c	-	-	c--------	_	δέ
0540	023	-	-	11	t_355	τις	p	-	-	p-s---mn-	Case=n|Gender=m|Number=s	τις
0540	023	-	-	12	t_356	εἶπεν	v	-	-	v3saia---	Mood=i|Number=s|Person=3|Tense=a|Voice=a	λέγω
0540	023	-	-	13	t_357	ὅτι	c	-	-	c--------	_	ὅτι
0540	023	-	-	14	t_358	τῶν	l	-	-	l-p---mg-	Case=g|Gender=m|Number=p	ὁ
0540	023	-	-	15	t_359	μὲν	d	-	-	d--------	_	μέν
0540	023	-	-	16	t_360	πολιτῶν	n	-	-	n-p---mg-	Case=g|Gender=m|Number=p	πολίτης
0540	023	-	-	17	t_361	οὐδενὶ	p	-	-	p-s---md-	Case=d|Gender=m|Number=s	οὐδείς
0540	023	-	-	18	t_362	εἰδείη	v	-	-	v3sroa---	Mood=o|Number=s|Person=3|Tense=r|Voice=a	οἶδα
0540	023	-	-	19	t_363	τοῦτο	a	-	-	a-s---na-	Case=a|Gender=n|Number=s	οὗτος
0540	023	-	-	20	t_364	ὂν	p	-	-	p-p---mg-	Case=a|Gender=n|Mood=p|Number=s|Tense=p|Voice=a	εἰμί
0540	023	-	-	21	t_365	τὸ	l	-	-	l-s---nn-	Case=a|Gender=n|Number=s	ὁ
0540	023	-	-	22	t_366	ὄνομα	n	-	-	n-s---na-	Case=a|Gender=n|Number=s	ὄνομα
0540	023	-	-	23	t_367	,	u	-	-	u--------	_	,
0540	023	-	-	24	t_368	δοῦλον	n	-	-	n-s---ma-	Case=a|Gender=m|Number=s	δοῦλος
0540	023	-	-	25	t_369	μέντοι	d	-	-	d--------	_	μέντοι
0540	023	-	-	26	t_370	ἔφη	v	-	-	v3siia---	Mood=i|Number=s|Person=3|Tense=i|Voice=a	φημί
0540	023	-	-	27	t_371	ἑαυτοῦ	p	-	-	p-s---mg-	Case=g|Gender=m|Number=s	ἑαυτοῦ
0540	023	-	-	28	t_372	ἀφεστῶτα	v	-	-	v-srpama-	Case=a|Gender=m|Mood=p|Number=s|Tense=r|Voice=a	ἀφεστήξω
0540	023	-	-	29	t_373	εἶναι	v	-	-	v--pna---	Mood=n|Tense=p|Voice=a	εἰμί
0540	023	-	-	30	t_374	Παγκλέωνα	n	-	-	n-s---ma-	Case=a|Gender=m|Number=s	παγκλέων
0540	023	-	-	31	t_375	,	u	-	-	u--------	_	,
0540	023	-	-	32	t_376	τήν	l	-	-	l-s---fa-	Case=a|Gender=f|Number=s	ὁ
0540	023	-	-	33	t_377	τε	d	-	-	d--------	_	τε
0540	023	-	-	34	t_378	ἡλικίαν	n	-	-	n-s---fa-	Case=a|Gender=f|Number=s	ἡλικία
0540	023	-	-	35	t_379	λέγων	v	-	-	v-sppamn-	Case=n|Gender=m|Mood=p|Number=s|Tense=p|Voice=a	λέγω3
0540	023	-	-	36	t_380	τὴν	l	-	-	l-s---fa-	Case=a|Gender=f|Number=s	ὁ
0540	023	-	-	37	t_381	τούτου	p	-	-	p-s---mg-	Case=g|Gender=m|Number=s	οὗτος
0540	023	-	-	38	t_382	καὶ	c	-	-	c--------	_	καί
0540	023	-	-	39	t_383	τὴν	l	-	-	l-s---fa-	Case=a|Gender=f|Number=s	ὁ
0540	023	-	-	40	t_384	τέχνην	n	-	-	n-s---fa-	Case=a|Gender=f|Number=s	τέχνη
0540	023	-	-	41	t_385	ᾗ	p	-	-	p-s---fd-	Case=d|Gender=f|Number=s	ὅς
0540	023	-	-	42	t_386	οὗτος	p	-	-	p-s---mn-	Case=n|Gender=m|Number=s	οὗτος
0540	023	-	-	43	t_387	χρῆται	v	-	-	v3spie---	Mood=i|Number=s|Person=3|Tense=p|Voice=e	χράομαι
0540	023	-	-	44	t_388	.	u	-	-	u--------	_	.
0540	023	-	-	1	t_389	ταῦτʼ	p	-	-	p-p---nn-	Case=n|Gender=n|Number=p	οὗτος
0540	023	-	-	2	t_390	οὖν	d	-	-	d--------	_	οὖν
0540	023	-	-	3	t_391	ὡς	c	-	-	c--------	_	ὡς
0540	023	-	-	4	t_392	ἀληθῆ	a	-	-	a-p---nn-	Case=n|Gender=n|Number=p	ἀληθής
0540	023	-	-	5	t_393	ἐστι	v	-	-	v3spia---	Mood=i|Number=s|Person=3|Tense=p|Voice=a	εἰμί
0540	023	-	-	6	t_394	,	u	-	-	u--------	_	,
0540	023	-	-	7	t_395	τόν	l	-	-	l-s---ma-	Case=a|Gender=m|Number=s	ὁ
0540	023	-	-	8	t_396	τε	d	-	-	d--------	_	τε
0540	023	-	-	9	t_397	Εὐθύκριτον	n	-	-	n-s---ma-	Case=a|Gender=m|Number=s	εὐθύκριτος
0540	023	-	-	10	t_398	,	u	-	-	u--------	_	,
0540	023	-	-	11	t_399	ὃν	p	-	-	p-s---ma-	Case=a|Gender=m|Number=s	ὅς
0540	023	-	-	12	t_400	πρῶτον	a	-	-	a-s---na-	Case=a|Gender=n|Number=s	πρῶτος
0540	023	-	-	13	t_401	ἠρόμην	v	-	-	v1saim---	Mood=i|Number=s|Person=1|Tense=a|Voice=m	ἔρομαι
0540	023	-	-	14	t_402	,	u	-	-	u--------	_	,
0540	023	-	-	15	t_403	καὶ	d	-	-	d--------	_	καί
0540	023	-	-	16	t_404	τῶν	l	-	-	l-p---mg-	Case=g|Gender=m|Number=p	ὁ
0540	023	-	-	17	t_405	ἄλλων	a	-	-	a-p---mg-	Case=g|Gender=m|Number=p	ἄλλος
0540	023	-	-	18	t_406	Πλαταιέων	n	-	-	n-p---mg-	Case=g|Gender=m|Number=p	πλαταιεύς
0540	023	-	-	19	t_407	ὅσοις	a	-	-	a-p---md-	Case=d|Gender=m|Number=p	ὅσος
0540	023	-	-	20	t_408	προσῆλθον	v	-	-	v3paia---	Mood=i|Number=p|Person=3|Tense=a|Voice=a	προσέρχομαι
0540	023	-	-	21	t_409	,	u	-	-	u--------	_	,
0540	023	-	-	22	t_410	καὶ	c	-	-	c--------	_	καί
0540	023	-	-	23	t_411	τὸν	l	-	-	l-s---ma-	Case=a|Gender=m|Number=s	ὁ
0540	023	-	-	24	t_412	ὃς	p	-	-	p-s---mn-	Case=n|Gender=m|Number=s	ὅς
0540	023	-	-	25	t_413	ἔφη	v	-	-	v3siia---	Mood=i|Number=s|Person=3|Tense=i|Voice=a	φημί
0540	023	-	-	26	t_414	δεσπότης	n	-	-	n-s---mn-	Case=n|Gender=m|Number=s	δεσπότης
0540	023	-	-	27	t_415	τούτου	p	-	-	p-s---mg-	Case=g|Gender=m|Number=s	οὗτος
0540	023	-	-	28	t_416	εἶναι	v	-	-	v--pna---	Mood=n|Tense=p|Voice=a	εἰμί
0540	023	-	-	29	t_417	,	u	-	-	u--------	_	,
0540	023	-	-	30	t_418	μάρτυρας	n	-	-	n-p---ma-	Case=a|Gender=m|Number=p	μάρτυς
0540	023	-	-	31	t_419	παρέξομαι	v	-	-	v1sfim---	Mood=i|Number=s|Person=1|Tense=f|Voice=m	παρέχω
0540	023	-	-	32	t_420	.	u	-	-	u--------	_	.
0540	023	-	-	1	t_421	καί	d	-	-	d--------	_	καί
0540	023	-	-	2	t_422	μοι	p	-	-	p1s---md-	Case=d|Gender=m|Number=s|Person=1	ἐγώ
0540	023	-	-	3	t_423	ἐπίλαβε	v	-	-	v2sama---	Mood=m|Number=s|Person=2|Tense=a|Voice=a	ἐπιλαμβάνω
0540	023	-	-	4	t_424	τὸ	l	-	-	l-s---na-	Case=a|Gender=n|Number=s	ὁ
0540	023	-	-	5	t_425	ὕδωρ	n	-	-	n-s---na-	Case=a|Gender=n|Number=s	ὕδωρ
0540	023	-	-	6	t_426	.	u	-	-	u--------	_	.
0540	023	-	-	1	t_427	Μάρτυρες	n	-	-	n-p---mn-	Case=n|Gender=m|Number=p	μάρτυς
0540	023	-	-	2	t_428	ἡμέραις	n	-	-	n-p---fd-	Case=d|Gender=f|Number=p	ἡμέρα
0540	023	-	-	3	t_429	τοίνυν	d	-	-	d--------	_	τοίνυν
0540	023	-	-	4	t_430	μετὰ	r	-	-	r--------	_	μετά
0540	023	-	-	5	t_431	ταῦτα	p	-	-	p-p---na-	Case=a|Gender=n|Number=p	οὗτος
0540	023	-	-	6	t_432	οὐ	d	-	-	d--------	_	οὐ
0540	023	-	-	7	t_433	πολλαῖς	a	-	-	a-p---fd-	Case=d|Gender=f|Number=p	πολύς
0540	023	-	-	8	t_434	ὕστερον	a	-	-	a-s---na-	Case=a|Gender=n|Number=s	ὕστερος
0540	023	-	-	9	t_435	ἰδὼν	v	-	-	v-sapamn-	Case=n|Gender=m|Mood=p|Number=s|Tense=a|Voice=a	εἶδον
0540	023	-	-	10	t_436	ἀγόμενον	v	-	-	v-sppema-	Case=a|Gender=m|Mood=p|Number=s|Tense=p|Voice=e	ἄγω
0540	023	-	-	11	t_437	τουτονὶ	a	-	-	a-s---ma-	Case=a|Gender=m|Number=s	οὗτος
0540	023	-	-	12	t_438	Παγκλέωνα	n	-	-	n-s---ma-	Case=a|Gender=m|Number=s	παγκλέων
0540	023	-	-	13	t_439	ὑπὸ	r	-	-	r--------	_	ὑπό
0540	023	-	-	14	t_440	Νικομήδους	n	-	-	n-s---mg-	Case=g|Gender=m|Number=s	νικομήδης
0540	023	-	-	15	t_441	,	u	-	-	u--------	_	,
0540	023	-	-	16	t_442	ὃς	p	-	-	p-s---mn-	Case=n|Gender=m|Number=s	ὅς
0540	023	-	-	17	t_443	ἐμαρτύρησεν	v	-	-	v3saia---	Mood=i|Number=s|Person=3|Tense=a|Voice=a	μαρτυρέω
0540	023	-	-	18	t_444	αὐτοῦ	p	-	-	p-s---mg-	Case=g|Gender=m|Number=s	αὐτός
0540	023	-	-	19	t_445	δεσπότης	n	-	-	n-s---mn-	Case=n|Gender=m|Number=s	δεσπότης
0540	023	-	-	20	t_446	εἶναι	v	-	-	v--pna---	Mood=n|Tense=p|Voice=a	εἰμί
0540	023	-	-	21	t_447	,	u	-	-	u--------	_	,
0540	023	-	-	22	t_448	προσῆλθον	v	-	-	v1saia---	Mood=i|Number=s|Person=1|Tense=a|Voice=a	προσέρχομαι
0540	023	-	-	23	t_449	βουλόμενος	v	-	-	v-sppemn-	Case=n|Gender=m|Mood=p|Number=s|Tense=p|Voice=e	βούλομαι
0540	023	-	-	24	t_450	εἰδέναι	v	-	-	v--rna---	Mood=n|Tense=r|Voice=a	οἶδα
0540	023	-	-	25	t_451	ὁποῖόν	a	-	-	a-s---nn-	Case=n|Gender=n|Number=s	ὁποῖος
0540	023	-	-	26	t_452	τι	p	-	-	p-s---nn-	Case=a|Gender=n|Number=s	τις
0540	023	-	-	27	t_453	περὶ	r	-	-	r--------	_	περί
0540	023	-	-	28	t_454	αὐτοῦ	p	-	-	p-s---mg-	Case=g|Gender=m|Number=s	αὐτός
0540	023	-	-	29	t_455	πραχθήσοιτο	v	-	-	v3sfop---	Mood=o|Number=s|Person=3|Tense=f|Voice=p	πράσσω
0540	023	-	-	30	t_456	.	u	-	-	u--------	_	.
0540	023	-	-	1	t_457	τότε	d	-	-	d--------	_	τότε
0540	023	-	-	2	t_458	μὲν	d	-	-	d--------	_	μέν
0540	023	-	-	3	t_459	οὖν	d	-	-	d--------	_	οὖν
0540	023	-	-	4	t_460	ἐπειδὴ	c	-	-	c--------	_	ἐπεί
0540	023	-	-	5	t_461	ἐπαύσαντο	v	-	-	v3paim---	Mood=i|Number=p|Person=3|Tense=a|Voice=m	παύω
0540	023	-	-	6	t_462	μαχόμενοι	v	-	-	v-pppemn-	Case=n|Gender=m|Mood=p|Number=p|Tense=p|Voice=e	μάχομαι
0540	023	-	-	7	t_463	,	u	-	-	u--------	_	,
0540	023	-	-	8	t_464	εἶπόν	v	-	-	v3paia---	Mood=i|Number=p|Person=3|Tense=a|Voice=a	εἶπον
0540	023	-	-	9	t_465	τινες	p	-	-	p-p---mn-	Case=n|Gender=m|Number=p	τις
0540	023	-	-	10	t_466	τῶν	l	-	-	l-p---mg-	Case=g|Gender=m|Number=p	ὁ
0540	023	-	-	11	t_467	τούτων	p	-	-	p-p---mg-	Case=g|Gender=m|Number=p	οὗτος
0540	023	-	-	12	t_468	παρόντων	v	-	-	v-pppamg-	Case=g|Gender=m|Mood=p|Number=p|Tense=p|Voice=a	πάρειμι1
0540	023	-	-	13	t_469	ὅτι	c	-	-	c--------	_	ὅτι
0540	023	-	-	14	t_470	εἴη	v	-	-	v3spoa---	Mood=o|Number=s|Person=3|Tense=p|Voice=a	εἰμί
0540	023	-	-	15	t_471	αὐτῷ	p	-	-	p-s---md-	Case=d|Gender=m|Number=s	αὐτός
0540	023	-	-	16	t_472	ἀδελφὸς	n	-	-	n-s---mn-	Case=n|Gender=m|Number=s	ἀδελφός
0540	023	-	-	17	t_473	ὃς	p	-	-	p-s---mn-	Case=n|Gender=m|Number=s	ὅς
0540	023	-	-	18	t_474	ἐξαιρήσοιτο	v	-	-	v3sfom---	Mood=o|Number=s|Person=3|Tense=f|Voice=m	ἐξαιρέω
0540	023	-	-	19	t_475	αὐτὸν	p	-	-	p-s---ma-	Case=a|Gender=m|Number=s	αὐτός
0540	023	-	-	20	t_476	εἰς	r	-	-	r--------	_	εἰς
0540	023	-	-	21	t_477	ἐλευθερίαν	n	-	-	n-s---fa-	Case=a|Gender=f|Number=s	ἐλευθερία
0540	023	-	-	22	t_478	·	u	-	-	u--------	_	·
0540	023	-	-	1	t_479	ἐπὶ	r	-	-	r--------	_	ἐπί
0540	023	-	-	2	t_480	τούτοις	p	-	-	p-p---nd-	Case=d|Gender=n|Number=p	οὗτος
0540	023	-	-	3	t_481	ἐγγυησάμενοι	v	-	-	v-papmmn-	Case=n|Gender=m|Mood=p|Number=p|Tense=a|Voice=m	ἐγγυάω
0540	023	-	-	4	t_482	παρέξειν	v	-	-	v--fna---	Mood=n|Tense=f|Voice=a	παρέχω
0540	023	-	-	5	t_483	εἰς	r	-	-	r--------	_	εἰς
0540	023	-	-	6	t_484	αὔριον	d	-	-	d--------	_	αὔριον
0540	023	-	-	7	t_485	ᾤχοντο	v	-	-	v3piie---	Mood=i|Number=p|Person=3|Tense=i|Voice=e	οἴχομαι
0540	023	-	-	8	t_486	ἀπιόντες	v	-	-	v-pppamn-	Case=n|Gender=m|Mood=p|Number=p|Tense=p|Voice=a	ἄπειμι1
0540	023	-	-	9	t_487	.	u	-	-	u--------	_	.
0540	023	-	-	1	t_488	τῇ	l	-	-	l-s---fd-	Case=d|Gender=f|Number=s	ὁ
0540	023	-	-	2	t_489	δʼ	d	-	-	d--------	_	δέ
0540	023	-	-	3	t_490	ὑστεραίᾳ	a	-	-	a-s---fd-	Case=d|Gender=f|Number=s	ὑστεραῖος
0540	023	-	-	4	t_491	τῆς	l	-	-	l-s---fg-	Case=g|Gender=f|Number=s	ὁ
0540	023	-	-	5	t_492	τε	d	-	-	d--------	_	τε
0540	023	-	-	6	t_493	ἀντιγραφῆς	n	-	-	n-s---fg-	Case=g|Gender=f|Number=s	ἀντιγραφή
0540	023	-	-	7	t_494	ἕνεκα	r	-	-	r--------	_	ἕνεκα
0540	023	-	-	8	t_495	ταυτησὶ	a	-	-	a-s---fg-	Case=g|Gender=f|Number=s	οὗτος
0540	023	-	-	9	t_496	καὶ	c	-	-	c--------	_	καί
0540	023	-	-	10	t_497	αὐτῆς	a	-	-	a-s---fg-	Case=g|Gender=f|Number=s	αὐτός
0540	023	-	-	11	t_498	τῆς	l	-	-	l-s---fg-	Case=g|Gender=f|Number=s	ὁ
0540	023	-	-	12	t_499	δίκης	n	-	-	n-s---fg-	Case=g|Gender=f|Number=s	δίκη
0540	023	-	-	13	t_500	ἔδοξέ	v	-	-	v3saia---	Mood=i|Number=s|Person=3|Tense=a|Voice=a	δοκέω
0540	023	-	-	14	t_501	μοι	p	-	-	p-s---md-	Case=d|Number=s	ἐγώ
0540	023	-	-	15	t_502	χρῆναι	v	-	-	v--pna---	Mood=n|Tense=p|Voice=a	χρή
0540	023	-	-	16	t_503	μάρτυρας	n	-	-	n-p---ma-	Case=a|Gender=m|Number=p	μάρτυς
0540	023	-	-	17	t_504	λαβόντι	v	-	-	v-sapamd-	Case=d|Gender=m|Mood=p|Number=s|Tense=a|Voice=a	λαμβάνω
0540	023	-	-	18	t_505	παραγενέσθαι	v	-	-	v--anm---	Mood=n|Tense=a|Voice=m	παραγίγνομαι
0540	023	-	-	19	t_506	,	u	-	-	u--------	_	,
0540	023	-	-	20	t_507	ἵνʼ	c	-	-	c--------	_	ἵνα
0540	023	-	-	21	t_508	εἰδείην	v	-	-	v1sroa---	Mood=o|Number=s|Person=1|Tense=r|Voice=a	οἶδα
0540	023	-	-	22	t_509	τόν	l	-	-	l-s---ma-	Case=a|Gender=m|Number=s	ὁ
0540	023	-	-	23	t_510	τʼ	d	-	-	d--------	_	τε
0540	023	-	-	24	t_511	ἐξαιρησόμενον	v	-	-	v-sfpmma-	Case=a|Gender=m|Mood=p|Number=s|Tense=f|Voice=m	ἐξαιρέω
0540	023	-	-	25	t_512	αὐτὸν	p	-	-	p-s---ma-	Case=a|Gender=m|Number=s	αὐτός
0540	023	-	-	26	t_513	καὶ	c	-	-	c--------	_	καί
0540	023	-	-	27	t_514	ὅ	p	-	-	p-s---na-	Case=a|Gender=n|Number=s	ὅς
0540	023	-	-	28	t_515	τι	a	-	-	a-s---na-	Case=a|Gender=n|Number=s	τις
0540	023	-	-	29	t_516	λέγων	v	-	-	v-sppamn-	Case=n|Gender=m|Mood=p|Number=s|Tense=p|Voice=a	λέγω3
0540	023	-	-	30	t_517	ἀφαιρήσοιτο	v	-	-	v3sfom---	Mood=o|Number=s|Person=3|Tense=f|Voice=m	ἀφαιρέω
0540	023	-	-	31	t_518	.	u	-	-	u--------	_	.
0540	023	-	-	1	t_519	ἐφʼ	r	-	-	r--------	_	ἐπί
0540	023	-	-	2	t_520	οἷς	p	-	-	p-p---nd-	Case=d|Gender=n|Number=p	ὅς
0540	023	-	-	3	t_521	μὲν	d	-	-	d--------	_	μέν
0540	023	-	-	4	t_522	οὖν	d	-	-	d--------	_	οὖν
0540	023	-	-	5	t_523	ἐξηγγυήθη	v	-	-	v3saip---	Mood=i|Number=s|Person=3|Tense=a|Voice=p	ἐγγυάω
0540	023	-	-	6	t_524	,	u	-	-	u--------	_	,
0540	023	-	-	7	t_525	οὔ	d	-	-	d--------	_	οὐ
0540	023	-	-	8	t_526	τε	d	-	-	d--------	_	τε
0540	023	-	-	9	t_527	ἀδελφὸς	n	-	-	n-s---mn-	Case=n|Gender=m|Number=s	ἀδελφός
0540	023	-	-	10	t_528	οὔ	d	-	-	d--------	_	οὐ
0540	023	-	-	11	t_529	τε	c	-	-	c--------	_	τε
0540	023	-	-	12	t_530	ἄλλος	a	-	-	a-s---mn-	Case=n|Gender=m|Number=s	ἄλλος
0540	023	-	-	13	t_531	οὐδεὶς	p	-	-	p-s---mn-	Case=n|Gender=m|Number=s	οὐδείς
0540	023	-	-	14	t_532	ἦλθε	v	-	-	v3saia---	Mood=i|Number=s|Person=3|Tense=a|Voice=a	ἔρχομαι
0540	023	-	-	15	t_533	,	u	-	-	u--------	_	,
0540	023	-	-	16	t_534	γυνὴ	n	-	-	n-s---fn-	Case=n|Gender=f|Number=s	γυνή
0540	023	-	-	17	t_535	δὲ	c	-	-	c--------	_	δέ
0540	023	-	-	18	t_536	φάσκουσα	v	-	-	v-sppafn-	Case=n|Gender=f|Mood=p|Number=s|Tense=p|Voice=a	φάσκω
0540	023	-	-	19	t_537	αὑτῆς	p	-	-	p-s---fg-	Case=g|Gender=f|Number=s	ἑαυτοῦ
0540	023	-	-	20	t_538	αὐτὸν	p	-	-	p-s---ma-	Case=a|Gender=m|Number=s	αὐτός
0540	023	-	-	21	t_539	εἶναι	v	-	-	v--pna---	Mood=n|Tense=p|Voice=a	εἰμί
0540	023	-	-	22	t_540	δοῦλον	n	-	-	n-s---ma-	Case=a|Gender=m|Number=s	δοῦλος
0540	023	-	-	23	t_541	,	u	-	-	u--------	_	,
0540	023	-	-	24	t_542	ἀμφισβητοῦσα	v	-	-	v-sppafn-	Case=n|Gender=f|Mood=p|Number=s|Tense=p|Voice=a	ἀμφισβητέω
0540	023	-	-	25	t_543	τῷ	l	-	-	l-s---md-	Case=d|Gender=m|Number=s	ὁ
0540	023	-	-	26	t_544	Νικομήδει	n	-	-	n-s---md-	Case=d|Gender=m|Number=s	νικομήδης
0540	023	-	-	27	t_545	,	u	-	-	u--------	_	,
0540	023	-	-	28	t_546	καὶ	d	-	-	d--------	_	καί
0540	023	-	-	29	t_547	οὐκ	d	-	-	d--------	_	οὐ
0540	023	-	-	30	t_548	ἔφη	v	-	-	v3siia---	Mood=i|Number=s|Person=3|Tense=i|Voice=a	φημί
0540	023	-	-	31	t_549	ἐάσειν	v	-	-	v--fna---	Mood=n|Tense=f|Voice=a	ἐάω
0540	023	-	-	32	t_550	αὐτὸν	p	-	-	p-s---ma-	Case=a|Gender=m|Number=s	αὐτός
0540	023	-	-	33	t_551	ἄγειν	v	-	-	v--pna---	Mood=n|Tense=p|Voice=a	ἄγω
0540	023	-	-	35	t_552	.	u	-	-	u--------	_	.
0540	023	-	-	1	t_553	ὅσα	a	-	-	a-p---nn-	Case=n|Gender=n|Number=p	ὅσος
0540	023	-	-	2	t_554	μὲν	d	-	-	d--------	_	μέν
0540	023	-	-	3	t_555	οὖν	d	-	-	d--------	_	οὖν
0540	023	-	-	4	t_556	αὐτόθι	d	-	-	d--------	_	αὐτόθι
0540	023	-	-	5	t_557	ἐρρήθη	v	-	-	v3saip---	Mood=i|Number=s|Person=3|Tense=a|Voice=p	ἐρῶ
0540	023	-	-	6	t_558	,	u	-	-	u--------	_	,
0540	023	-	-	7	t_559	πολὺς	a	-	-	a-s---mn-	Case=n|Gender=m|Number=s	πολύς
0540	023	-	-	8	t_560	ἂν	d	-	-	d--------	_	ἄν
0540	023	-	-	9	t_561	εἴη	v	-	-	v3spoa---	Mood=o|Number=s|Person=3|Tense=p|Voice=a	εἰμί
0540	023	-	-	10	t_562	μοι	p	-	-	p1s---md-	Case=d|Gender=m|Number=s|Person=1	ἐγώ
0540	023	-	-	11	t_563	λόγος	n	-	-	n-s---mn-	Case=n|Gender=m|Number=s	λόγος
0540	023	-	-	12	t_564	διηγεῖσθαι	v	-	-	v--pne---	Mood=n|Tense=p|Voice=e	διηγέομαι
0540	023	-	-	13	t_565	·	u	-	-	u--------	_	·
0540	023	-	-	1	t_566	εἰς	r	-	-	r--------	_	εἰς
0540	023	-	-	2	t_567	τοῦτο	p	-	-	p-s---na-	Case=a|Gender=n|Number=s	οὗτος
0540	023	-	-	3	t_568	δὲ	d	-	-	d--------	_	δέ
0540	023	-	-	4	t_569	βιαιότητος	n	-	-	n-s---fg-	Case=g|Gender=f|Number=s	βιαιότης
0540	023	-	-	5	t_570	ἦλθον	v	-	-	v3paia---	Mood=i|Number=p|Person=3|Tense=a|Voice=a	ἔρχομαι
0540	023	-	-	6	t_571	οἵ	l	-	-	l-p---mn-	Case=n|Gender=m|Number=p	ὅς
0540	023	-	-	7	t_572	τε	d	-	-	d--------	_	τε
0540	023	-	-	8	t_573	παρόντες	v	-	-	v-pppamn-	Case=n|Gender=m|Mood=p|Number=p|Tense=p|Voice=a	πάρειμι1
0540	023	-	-	9	t_574	τούτῳ	p	-	-	p-s---md-	Case=d|Gender=m|Number=s	οὗτος
0540	023	-	-	10	t_575	καὶ	c	-	-	c--------	_	καί
0540	023	-	-	11	t_576	αὐτὸς	a	-	-	a-s---mn-	Case=n|Gender=m|Number=s	αὐτός
0540	023	-	-	12	t_577	οὗτος	p	-	-	p-s---mn-	Case=n|Gender=m|Number=s	οὗτος
0540	023	-	-	13	t_578	,	u	-	-	u--------	_	,
0540	023	-	-	14	t_579	ὥστε	c	-	-	c--------	_	ὥστε
0540	023	-	-	15	t_580	ἐθέλοντος	v	-	-	v-sppamg-	Case=g|Gender=m|Mood=p|Number=s|Tense=p|Voice=a	ἐθέλω
0540	023	-	-	16	t_581	μὲν	d	-	-	d--------	_	μέν
0540	023	-	-	17	t_582	τοῦ	l	-	-	l-s---mg-	Case=g|Gender=m|Number=s	ὁ
0540	023	-	-	18	t_583	Νικομήδους	n	-	-	n-s---mg-	Case=g|Gender=m|Number=s	νικομήδης
0540	023	-	-	19	t_584	ἐθελούσης	v	-	-	v-sppafg-	Case=g|Gender=f|Mood=p|Number=s|Tense=p|Voice=a	ἐθέλω
0540	023	-	-	20	t_585	δὲ	c	-	-	c--------	_	δέ
0540	023	-	-	21	t_586	τῆς	l	-	-	l-s---fg-	Case=g|Gender=f|Number=s	ὁ
0540	023	-	-	22	t_587	γυναικὸς	n	-	-	n-s---fg-	Case=g|Gender=f|Number=s	γυνή
0540	023	-	-	23	t_588	ἀφιέναι	v	-	-	v--pna---	Mood=n|Tense=p|Voice=a	ἀφίημι
0540	023	-	-	24	t_589	,	u	-	-	u--------	_	,
0540	023	-	-	25	t_590	εἴ	c	-	-	c--------	_	εἰ
0540	023	-	-	26	t_591	τις	p	-	-	p-s---mn-	Case=n|Gender=m|Number=s	τις
0540	023	-	-	27	t_592	ἢ	d	-	-	d--------	_	ἤ1
0540	023	-	-	28	t_593	εἰς	r	-	-	r--------	_	εἰς
0540	023	-	-	29	t_594	ἐλευθερίαν	n	-	-	n-s---fa-	Case=a|Gender=f|Number=s	ἐλευθερία
0540	023	-	-	30	t_595	τοῦτον	p	-	-	p-s---ma-	Case=a|Gender=m|Number=s	οὗτος
0540	023	-	-	31	t_596	ἀφαιροῖτο	v	-	-	v3spoe---	Mood=o|Number=s|Person=3|Tense=p|Voice=e	ἀφαιρέω
0540	023	-	-	32	t_597	ἢ	c	-	-	c--------	_	ἤ1
0540	023	-	-	33	t_598	ἄγοι	v	-	-	v3spoa---	Mood=o|Number=s|Person=3|Tense=p|Voice=a	ἄγω
0540	023	-	-	34	t_599	φάσκων	v	-	-	v-sppamn-	Case=n|Gender=m|Mood=p|Number=s|Tense=p|Voice=a	φάσκω
0540	023	-	-	35	t_600	ἑαυτοῦ	p	-	-	p-s---mg-	Case=g|Gender=m|Number=s	ἑαυτοῦ
0540	023	-	-	36	t_601	δοῦλον	n	-	-	n-s---ma-	Case=a|Gender=m|Number=s	δοῦλος
0540	023	-	-	37	t_602	εἶναι	v	-	-	v--pna---	Mood=n|Tense=p|Voice=a	εἰμί
0540	023	-	-	38	t_603	,	u	-	-	u--------	_	,
0540	023	-	-	39	t_604	τούτων	p	-	-	p-p---ng-	Case=g|Gender=n|Number=p	οὗτος
0540	023	-	-	40	t_605	οὐδὲν	p	-	-	p-s---na-	Case=a|Gender=n|Number=s	οὐδείς
0540	023	-	-	41	t_606	ποιήσαντες	v	-	-	v-papamn-	Case=n|Gender=m|Mood=p|Number=p|Tense=a|Voice=a	ποιέω
0540	023	-	-	42	t_607	ἀφελόμενοι	v	-	-	v-papmmn-	Case=n|Gender=m|Mood=p|Number=p|Tense=a|Voice=m	ἀφαιρέω
0540	023	-	-	43	t_608	ᾤχοντο	v	-	-	v3piie---	Mood=i|Number=p|Person=3|Tense=i|Voice=e	οἴχομαι
0540	023	-	-	44	t_609	.	u	-	-	u--------	_	.
0540	023	-	-	1	t_610	ὡς	c	-	-	c--------	_	ὡς
0540	023	-	-	2	t_611	οὖν	d	-	-	d--------	_	οὖν
0540	023	-	-	3	t_612	τῇ	l	-	-	l-s---fd-	Case=d|Gender=f|Number=s	ὁ
0540	023	-	-	4	t_613	τε	d	-	-	d--------	_	τε
0540	023	-	-	5	t_614	προτεραίᾳ	a	-	-	a-s---fd-	Case=d|Gender=f|Number=s	προτεραῖος
0540	023	-	-	6	t_615	ἐπὶ	r	-	-	r--------	_	ἐπί
0540	023	-	-	7	t_616	τούτοις	p	-	-	p-p---nd-	Case=d|Gender=n|Number=p	οὗτος
0540	023	-	-	8	t_617	ἐξηγγυήθη	v	-	-	v3saip---	Mood=i|Number=s|Person=3|Tense=a|Voice=p	ἐγγυάω
0540	023	-	-	9	t_618	καὶ	c	-	-	c--------	_	καί
0540	023	-	-	10	t_619	τότε	d	-	-	d--------	_	τότε
0540	023	-	-	11	t_620	βίᾳ	n	-	-	n-s---fd-	Case=d|Gender=f|Number=s	βία
0540	023	-	-	12	t_621	ᾤχοντο	v	-	-	v3piie---	Mood=i|Number=p|Person=3|Tense=i|Voice=e	οἴχομαι
0540	023	-	-	13	t_622	ἀφελόμενοι	v	-	-	v-papmmn-	Case=n|Gender=m|Mood=p|Number=p|Tense=a|Voice=m	ἀφαιρέω
0540	023	-	-	14	t_623	αὐτόν	p	-	-	p-s---ma-	Case=a|Gender=m|Number=s	αὐτός
0540	023	-	-	15	t_624	,	u	-	-	u--------	_	,
0540	023	-	-	16	t_625	μάρτυρας	n	-	-	n-p---ma-	Case=a|Gender=m|Number=p	μάρτυς
0540	023	-	-	17	t_626	παρέξομαι	v	-	-	v1sfim---	Mood=i|Number=s|Person=1|Tense=f|Voice=m	παρέχω
0540	023	-	-	18	t_627	ὑμῖν	p	-	-	p-p---md-	Case=d|Gender=m|Number=p	σύ
0540	023	-	-	19	t_628	.	u	-	-	u--------	_	.
0540	023	-	-	1	t_629	καί	d	-	-	d--------	_	καί
0540	023	-	-	2	t_630	μοι	p	-	-	p1s---md-	Case=d|Gender=m|Number=s|Person=1	ἐγώ
0540	023	-	-	3	t_631	ἐπίλαβε	v	-	-	v2sama---	Mood=m|Number=s|Person=2|Tense=a|Voice=a	ἐπιλαμβάνω
0540	023	-	-	4	t_632	τὸ	l	-	-	l-s---na-	Case=a|Gender=n|Number=s	ὁ
0540	023	-	-	5	t_633	ὕδωρ	n	-	-	n-s---na-	Case=a|Gender=n|Number=s	ὕδωρ
0540	023	-	-	6	t_634	.	u	-	-	u--------	_	.
0540	023	-	-	1	t_635	Μάρτυρες	n	-	-	n-s---md-	Case=d|Gender=m|Number=s	μάρτυς
0540	023	-	-	2	t_636	ῥᾴδιον	a	-	-	a-s---nn-	Case=n|Degree=c|Gender=n|Number=s	ῥᾴδιος
0540	023	-	-	3	t_637	τοίνυν	d	-	-	d--------	_	τοίνυν
0540	023	-	-	4	t_638	εἰδέναι	v	-	-	v--rna---	Mood=n|Tense=r|Voice=a	οἶδα
0540	023	-	-	5	t_639	ὅτι	c	-	-	c--------	_	ὅτι
0540	023	-	-	6	t_640	οὐ	d	-	-	d--------	_	οὐ
0540	023	-	-	7	t_641	δʼ	d	-	-	d--------	_	δέ
0540	023	-	-	8	t_642	αὐτὸς	a	-	-	a-s---mn-	Case=n|Gender=m|Number=s	αὐτός
0540	023	-	-	9	t_643	Παγκλέων	n	-	-	n-s---mn-	Case=n|Gender=m|Number=s	πάγκλέων
0540	023	-	-	10	t_644	νομίζει	v	-	-	v3spia---	Mood=i|Number=s|Person=3|Tense=p|Voice=a	νομίζω
0540	023	-	-	11	t_645	ἑαυτὸν	p	-	-	p-s---ma-	Case=a|Gender=m|Number=s	ἑαυτοῦ
0540	023	-	-	12	t_646	μὴ	d	-	-	d--------	_	μή
0540	023	-	-	13	t_647	ὅτι	d	-	-	d--------	Case=a|Gender=n|Number=s	ὅτι
0540	023	-	-	14	t_648	Πλαταιέα	n	-	-	n-s---ma-	Case=a|Gender=m|Number=s	πλαταιεύς
0540	023	-	-	15	t_649	εἶναι	v	-	-	v--pna---	Mood=n|Tense=p|Voice=a	εἰμί
0540	023	-	-	16	t_650	,	u	-	-	u--------	_	,
0540	023	-	-	17	t_651	ἀλλʼ	c	-	-	c--------	_	ἀλλά
0540	023	-	-	18	t_652	οὐ	d	-	-	d--------	_	οὐ
0540	023	-	-	19	t_653	δʼ	d	-	-	d--------	_	δέ
0540	023	-	-	20	t_654	ἐλεύθερον	a	-	-	a-s---ma-	Case=a|Gender=m|Number=s	ἐλεύθερος
0540	023	-	-	22	t_655	.	u	-	-	u--------	_	.
0540	023	-	-	1	t_656	ὅστις	p	-	-	p-s---mn-	Case=n|Gender=m|Number=s	ὅστις
0540	023	-	-	2	t_657	γὰρ	d	-	-	d--------	_	γάρ
0540	023	-	-	3	t_658	ἐβουλήθη	v	-	-	v3saip---	Mood=i|Number=s|Person=3|Tense=a|Voice=p	βούλομαι
0540	023	-	-	4	t_659	βίᾳ	n	-	-	n-s---fd-	Case=d|Gender=f|Number=s	βία
0540	023	-	-	5	t_660	ἀφαιρεθεὶς	v	-	-	v-sappmn-	Case=n|Gender=m|Mood=p|Number=s|Tense=a|Voice=p	ἀφαιρέω
0540	023	-	-	6	t_661	ἐνόχους	a	-	-	a-p---ma-	Case=a|Gender=m|Number=p	ἔνοχος
0540	023	-	-	7	t_662	καταστῆσαι	v	-	-	v--ana---	Mood=n|Tense=a|Voice=a	καθίστημι
0540	023	-	-	8	t_663	τοὺς	l	-	-	l-p---ma-	Case=a|Gender=m|Number=p	ὁ
0540	023	-	-	9	t_664	ἑαυτοῦ	p	-	-	p-s---mg-	Case=g|Gender=m|Number=s	ἑαυτοῦ
0540	023	-	-	10	t_665	ἐπιτηδείους	a	-	-	a-p---ma-	Case=a|Gender=m|Number=p	ἐπιτήδειος
0540	023	-	-	11	t_666	τοῖς	l	-	-	l-p---nd-	Case=d|Gender=n|Number=p	ὁ
0540	023	-	-	12	t_667	βιαίοις	a	-	-	a-p---nd-	Case=d|Gender=n|Number=p	βίαιος
0540	023	-	-	13	t_668	μᾶλλον	d	-	-	d--------	_	μᾶλλον
0540	023	-	-	14	t_669	ἢ	c	-	-	c--------	_	ἤ1
0540	023	-	-	15	t_670	κατὰ	r	-	-	r--------	_	κατά
0540	023	-	-	16	t_671	τοὺς	l	-	-	l-p---ma-	Case=a|Gender=m|Number=p	ὁ
0540	023	-	-	17	t_672	νόμους	n	-	-	n-p---ma-	Case=a|Gender=m|Number=p	νόμος
0540	023	-	-	18	t_673	εἰς	r	-	-	r--------	_	εἰς
0540	023	-	-	19	t_674	τὴν	l	-	-	l-s---fa-	Case=a|Gender=f|Number=s	ὁ
0540	023	-	-	20	t_675	ἐλευθερίαν	n	-	-	n-s---fa-	Case=a|Gender=f|Number=s	ἐλευθερία
0540	023	-	-	21	t_676	ἐξαιρεθεὶς	v	-	-	v-sappmn-	Case=n|Gender=m|Mood=p|Number=s|Tense=a|Voice=p	ἐξαιρέω
0540	023	-	-	22	t_677	δίκην	n	-	-	n-s---fa-	Case=a|Gender=f|Number=s	δίκη
0540	023	-	-	23	t_678	λαβεῖν	v	-	-	v--ana---	Mood=n|Tense=a|Voice=a	λαμβάνω
0540	023	-	-	24	t_679	παρὰ	r	-	-	r--------	_	παρά
0540	023	-	-	25	t_680	τῶν	l	-	-	l-p---mg-	Case=g|Gender=m|Number=p	ὁ
0540	023	-	-	26	t_681	ἀγόντων	v	-	-	v-pppamg-	Case=g|Gender=m|Mood=p|Number=p|Tense=p|Voice=a	ἄγω
0540	023	-	-	27	t_682	αὐτόν	p	-	-	p-s---ma-	Case=a|Gender=m|Number=s	αὐτός
0540	023	-	-	28	t_683	,	u	-	-	u--------	_	,
0540	023	-	-	29	t_684	οὐδενὶ	p	-	-	p-s---md-	Case=d|Gender=m|Number=s	οὐδείς
0540	023	-	-	30	t_685	χαλεπὸν	a	-	-	a-s---nn-	Case=n|Gender=n|Number=s	χαλεπός
0540	023	-	-	31	t_686	γνῶναι	v	-	-	v--ana---	Mood=n|Tense=a|Voice=a	γιγνώσκω
0540	023	-	-	32	t_687	ὅτι	c	-	-	c--------	_	ὅτι
0540	023	-	-	33	t_688	εὖ	d	-	-	d--------	_	εὖ
0540	023	-	-	34	t_689	εἰδὼς	v	-	-	v-srpamn-	Case=n|Gender=m|Mood=p|Number=s|Tense=r|Voice=a	οἶδα
0540	023	-	-	35	t_690	ἑαυτὸν	p	-	-	p-s---ma-	Case=a|Gender=m|Number=s	ἑαυτοῦ
0540	023	-	-	36	t_691	ὄντα	v	-	-	v-sppama-	Case=a|Gender=m|Mood=p|Number=s|Tense=p|Voice=a	εἰμί
0540	023	-	-	37	t_692	δοῦλον	n	-	-	n-s---ma-	Case=a|Gender=m|Number=s	δοῦλος
0540	023	-	-	38	t_693	ἔδεισεν	v	-	-	v3saia---	Mood=i|Number=s|Person=3|Tense=a|Voice=a	δείδω
0540	023	-	-	39	t_694	ἐγγυητὰς	n	-	-	n-p---ma-	Case=a|Gender=m|Number=p	ἐγγυητής
0540	023	-	-	40	t_695	καταστήσας	v	-	-	v-sapamn-	Case=n|Gender=m|Mood=p|Number=s|Tense=a|Voice=a	καθίστημι
0540	023	-	-	41	t_696	περὶ	r	-	-	r--------	_	περί
0540	023	-	-	42	t_697	τοῦ	l	-	-	l-s---ng-	Case=g|Gender=n|Number=s	ὁ
0540	023	-	-	43	t_698	σώματος	n	-	-	n-s---ng-	Case=g|Gender=n|Number=s	σῶμα
0540	023	-	-	44	t_699	ἀγωνίσασθαι	v	-	-	v--anm---	Mood=n|Tense=a|Voice=m	ἀγωνίζομαι
0540	023	-	-	46	t_700	.	u	-	-	u--------	_	.
0540	023	-	-	1	t_701	ὅτι	c	-	-	c--------	_	ὅτι
0540	023	-	-	2	t_702	μὲν	d	-	-	d--------	_	μέν
0540	023	-	-	3	t_703	οὖν	d	-	-	d--------	_	οὖν
0540	023	-	-	4	t_704	Πλαταιεὺς	n	-	-	n-s---mn-	Case=n|Gender=m|Number=s	πλαταιεύς
0540	023	-	-	5	t_705	εἶναι	v	-	-	v--pna---	Mood=n|Tense=p|Voice=a	εἰμί
0540	023	-	-	6	t_706	πολλοῦ	a	-	-	a-s---ng-	Case=g|Gender=n|Number=s	πολύς
0540	023	-	-	7	t_707	δεῖ	v	-	-	v3spia---	Mood=i|Number=s|Person=3|Tense=p|Voice=a	δεῖ
0540	023	-	-	8	t_708	,	u	-	-	u--------	_	,
0540	023	-	-	9	t_709	οἶμαι	v	-	-	v1spie---	Mood=i|Number=s|Person=1|Tense=p|Voice=e	οἴομαι
0540	023	-	-	10	t_710	ὑμᾶς	p	-	-	p-p---ma-	Case=a|Gender=m|Number=p	σύ
0540	023	-	-	11	t_711	ἐκ	r	-	-	r--------	_	ἐκ
0540	023	-	-	12	t_712	τούτων	p	-	-	p-p---ng-	Case=g|Gender=n|Number=p	οὗτος
0540	023	-	-	13	t_713	σχεδόν	d	-	-	d--------	_	σχεδόν
0540	023	-	-	14	t_714	τι	p	-	-	p-s---na-	Case=a|Gender=n|Number=s	τις
0540	023	-	-	15	t_715	γιγνώσκειν	v	-	-	v--pna---	Mood=n|Tense=p|Voice=a	γιγνώσκω
0540	023	-	-	16	t_716	·	u	-	-	u--------	_	·
0540	023	-	-	1	t_717	ὅτι	c	-	-	c--------	_	ὅτι
0540	023	-	-	2	t_718	δὲ	d	-	-	d--------	_	δέ
0540	023	-	-	3	t_719	οὐ	d	-	-	d--------	_	οὐ
0540	023	-	-	4	t_720	δʼ	d	-	-	d--------	_	δέ
0540	023	-	-	5	t_721	αὐτὸς	a	-	-	a-s---mn-	Case=n|Gender=m|Number=s	αὐτός
0540	023	-	-	6	t_722	οὗτος	p	-	-	p-s---mn-	Case=n|Gender=m|Number=s	οὗτος
0540	023	-	-	7	t_723	,	u	-	-	u--------	_	,
0540	023	-	-	8	t_724	ὃς	p	-	-	p-s---mn-	Case=n|Gender=m|Number=s	ὅς
0540	023	-	-	9	t_725	ἄριστα	a	-	-	a-p---nas	Case=a|Degree=s|Gender=n|Number=p	ἄριστος
0540	023	-	-	10	t_726	οἶδε	v	-	-	v3sria---	Mood=i|Number=s|Person=3|Tense=r|Voice=a	οἶδα
0540	023	-	-	11	t_727	τὰ	l	-	-	l-p---na-	Case=a|Gender=n|Number=p	ὁ
0540	023	-	-	12	t_728	αὑτοῦ	p	-	-	p-s---mg-	Case=g|Gender=m|Number=s	ἑαυτοῦ
0540	023	-	-	13	t_729	,	u	-	-	u--------	_	,
0540	023	-	-	14	t_730	ἡγήσατο	v	-	-	v3saim---	Mood=i|Number=s|Person=3|Tense=a|Voice=m	ἡγέομαι
0540	023	-	-	15	t_731	δόξαι	v	-	-	v--ana---	Mood=n|Tense=a|Voice=a	δοκέω
0540	023	-	-	16	t_732	ἂν	d	-	-	d--------	_	ἄν
0540	023	-	-	17	t_733	ὑμῖν	p	-	-	p-p---md-	Case=d|Gender=m|Number=p	σύ
0540	023	-	-	18	t_734	Πλαταιεὺς	n	-	-	n-s---mn-	Case=n|Gender=m|Number=s	πλαταιεύς
0540	023	-	-	19	t_735	εἶναι	v	-	-	v--pna---	Mood=n|Tense=p|Voice=a	εἰμί
0540	023	-	-	20	t_736	,	u	-	-	u--------	_	,
0540	023	-	-	21	t_737	ἐξ	r	-	-	r--------	_	ἐκ
0540	023	-	-	22	t_738	ὧν	p	-	-	p-p---mg-	Case=g|Gender=m|Number=p	ὅς
0540	023	-	-	23	t_739	ἔραξε	v	-	-	v3saia---	Mood=i|Number=s|Person=3|Tense=a|Voice=a	ῥέζω
0540	023	-	-	24	t_740	ῥαδίως	d	-	-	d--------	_	ῥᾴδιος
0540	023	-	-	25	t_741	μαθήσεσθε	v	-	-	v2pfim---	Mood=i|Number=p|Person=2|Tense=f|Voice=m	μανθάνω
0540	023	-	-	26	t_742	.	u	-	-	u--------	_	.
0540	023	-	-	1	t_743	ἐν	r	-	-	r--------	_	ἐν
0540	023	-	-	2	t_744	τῇ	l	-	-	l-s---fd-	Case=d|Gender=f|Number=s	ὁ
0540	023	-	-	3	t_745	ἀντωμοσία	n	-	-	n-s---fd-	Case=d|Gender=f|Number=s	ἀντωμοσία
0540	023	-	-	4	t_746	γὰρ	d	-	-	d--------	_	γάρ
0540	023	-	-	5	t_747	τῆς	l	-	-	l-s---fg-	Case=g|Gender=f|Number=s	ὁ
0540	023	-	-	6	t_748	δίκης	n	-	-	n-s---fg-	Case=g|Gender=f|Number=s	δίκη
0540	023	-	-	7	t_749	ἣν	p	-	-	p-s---fa-	Case=a|Gender=f|Number=s	ὅς
0540	023	-	-	8	t_750	αὐτῷ	p	-	-	p-s---md-	Case=d|Gender=m|Number=s	αὐτός
0540	023	-	-	9	t_751	ἔλαχεν	v	-	-	v3saia---	Mood=i|Number=s|Person=3|Tense=a|Voice=a	λαγχάνω
0540	023	-	-	10	t_752	Ἀριστόδικος	n	-	-	n-s---mn-	Case=n|Gender=m|Number=s	ἀριστόδικος
0540	023	-	-	11	t_753	οὑτοσί	a	-	-	a-s---mn-	Case=n|Gender=m|Number=s	οὗτος
0540	023	-	-	12	t_754	,	u	-	-	u--------	_	,
0540	023	-	-	13	t_755	ἀμφισβητῶν	v	-	-	v-sppamn-	Case=n|Gender=m|Mood=p|Number=s|Tense=p|Voice=a	ἀμφισβητέω
0540	023	-	-	14	t_756	μὴ	d	-	-	d--------	_	μή
0540	023	-	-	15	t_757	πρὸς	r	-	-	r--------	_	πρός
0540	023	-	-	16	t_758	τὸν	l	-	-	l-s---ma-	Case=a|Gender=m|Number=s	ὁ
0540	023	-	-	17	t_759	πολέμαρχον	n	-	-	n-s---ma-	Case=a|Gender=m|Number=s	πολέμαρχος
0540	023	-	-	18	t_760	εἶναί	v	-	-	v--pna---	Mood=n|Tense=p|Voice=a	εἰμί
0540	023	-	-	19	t_761	οἱ	p	-	-	p-s---md-	Case=d|Gender=m|Number=s	ὁ
0540	023	-	-	20	t_762	τὰς	l	-	-	l-p---fa-	Case=a|Gender=f|Number=p	ὁ
0540	023	-	-	21	t_763	δίκας	n	-	-	n-p---fa-	Case=a|Gender=f|Number=p	δίκη
0540	023	-	-	22	t_764	διεμαρτυρήθη	v	-	-	v3saip---	Mood=i|Number=s|Person=3|Tense=a|Voice=p	διαμαρτύρομαι
0540	023	-	-	23	t_765	μὴ	d	-	-	d--------	_	μή
0540	023	-	-	24	t_766	Πλαταιεὺς	n	-	-	n-s---mn-	Case=n|Gender=m|Number=s	πλαταιεύς
0540	023	-	-	25	t_767	εἶναι	v	-	-	v--pna---	Mood=n|Tense=p|Voice=a	εἰμί
0540	023	-	-	26	t_768	.	u	-	-	u--------	_	.
0540	023	-	-	1	t_769	ἐπισκηψάμενος	v	-	-	v-sapmmn-	Case=n|Gender=m|Mood=p|Number=s|Tense=a|Voice=m	ἐπισκήπτω
0540	023	-	-	2	t_770	δὲ	d	-	-	d--------	_	δέ
0540	023	-	-	3	t_771	τῷ	l	-	-	l-s---md-	Case=d|Gender=m|Number=s	ὁ
0540	023	-	-	4	t_772	μάρτυρι	n	-	-	n-s---md-	Case=d|Gender=m|Number=s	μάρτυς
0540	023	-	-	5	t_773	οὐκ	d	-	-	d--------	_	οὐ
0540	023	-	-	6	t_774	ἐπεξῆλθεν	v	-	-	v3saia---	Mood=i|Number=s|Person=3|Tense=a|Voice=a	ἐπεξέρχομαι
0540	023	-	-	7	t_775	,	u	-	-	u--------	_	,
0540	023	-	-	8	t_776	ἀλλʼ	c	-	-	c--------	_	ἀλλά
0540	023	-	-	9	t_777	εἴασε	v	-	-	v3saia---	Mood=i|Number=s|Person=3|Tense=a|Voice=a	ἐάω
0540	023	-	-	10	t_778	καταδικάσασθαι	v	-	-	v--anm---	Mood=n|Tense=a|Voice=m	καταδικάζω
0540	023	-	-	11	t_779	αὐτοῦ	p	-	-	p-s---mg-	Case=g|Gender=m|Number=s	αὐτός
0540	023	-	-	12	t_780	τὸν	l	-	-	l-s---ma-	Case=a|Gender=m|Number=s	ὁ
0540	023	-	-	13	t_781	Ἀριστόδικον	n	-	-	n-s---ma-	Case=a|Gender=m|Number=s	ἀριστόδικος
0540	023	-	-	14	t_782	.	u	-	-	u--------	_	.
0540	023	-	-	1	t_783	ἐπεὶ	c	-	-	c--------	_	ἐπεί
0540	023	-	-	2	t_784	δὲ	d	-	-	d--------	_	δέ
0540	023	-	-	3	t_785	ὑπερήμερος	a	-	-	a-s---mn-	Case=n|Gender=m|Number=s	ὑπερήμερος
0540	023	-	-	4	t_786	ἐγένετο	v	-	-	v3saim---	Mood=i|Number=s|Person=3|Tense=a|Voice=m	γίγνομαι
0540	023	-	-	5	t_787	,	u	-	-	u--------	_	,
0540	023	-	-	6	t_788	ἐξέτισε	v	-	-	v3saia---	Mood=i|Number=s|Person=3|Tense=a|Voice=a	ἐκτίνω
0540	023	-	-	7	t_789	τὴν	l	-	-	l-s---fa-	Case=a|Gender=f|Number=s	ὁ
0540	023	-	-	8	t_790	δίκην	n	-	-	n-s---fa-	Case=a|Gender=f|Number=s	δίκη
0540	023	-	-	9	t_791	,	u	-	-	u--------	_	,
0540	023	-	-	10	t_792	καθʼ	r	-	-	r--------	_	κατά
0540	023	-	-	11	t_793	ὅτι	p	-	-	p-s---na-	Case=a|Gender=n|Number=s	ὅτι
0540	023	-	-	12	t_794	ἔπειθε	v	-	-	v3siia---	Mood=i|Number=s|Person=3|Tense=i|Voice=a	πείθω
0540	023	-	-	13	t_795	.	u	-	-	u--------	_	.
0540	023	-	-	1	t_796	καὶ	d	-	-	d--------	_	καί
0540	023	-	-	2	t_797	τούτων	p	-	-	p-p---ng-	Case=g|Gender=n|Number=p	οὗτος
0540	023	-	-	3	t_798	,	u	-	-	u--------	_	,
0540	023	-	-	4	t_799	ὡς	c	-	-	c--------	_	ὡς
0540	023	-	-	5	t_800	ἀληθῆ	a	-	-	a-p---nn-	Case=n|Gender=n|Number=p	ἀληθής
0540	023	-	-	6	t_801	ἐστι	v	-	-	v3spia---	Mood=i|Number=s|Person=3|Tense=p|Voice=a	εἰμί
0540	023	-	-	7	t_802	,	u	-	-	u--------	_	,
0540	023	-	-	8	t_803	μάρτυρας	n	-	-	n-p---ma-	Case=a|Gender=m|Number=p	μάρτυς
0540	023	-	-	9	t_804	ἐγὼ	p	-	-	p1s---mn-	Case=n|Gender=m|Number=s|Person=1	ἐγώ
0540	023	-	-	10	t_805	παρέξομαι	v	-	-	v1sfim---	Mood=i|Number=s|Person=1|Tense=f|Voice=m	παρέχω
0540	023	-	-	11	t_806	ὑμῖν	p	-	-	p-p---md-	Case=d|Gender=m|Number=p	σύ
0540	023	-	-	12	t_807	.	u	-	-	u--------	_	.
0540	023	-	-	1	t_808	καί	d	-	-	d--------	_	καί
0540	023	-	-	2	t_809	μοι	p	-	-	p1s---md-	Case=d|Gender=m|Number=s|Person=1	ἐγώ
0540	023	-	-	3	t_810	ἐπίλαβε	v	-	-	v2sama---	Mood=m|Number=s|Person=2|Tense=a|Voice=a	ἐπιλαμβάνω
0540	023	-	-	4	t_811	τὸ	l	-	-	l-s---na-	Case=a|Gender=n|Number=s	ὁ
0540	023	-	-	5	t_812	ὕδωρ	n	-	-	n-s---na-	Case=a|Gender=n|Number=s	ὕδωρ
0540	023	-	-	6	t_813	.	u	-	-	u--------	_	.
0540	023	-	-	1	t_814	Μάρτυρες	n	-	-	n-s---mn-	Case=n|Gender=m|Number=s	μάρτυς
0540	023	-	-	2	t_815	πρὶν	c	-	-	c--------	_	πρίν
0540	023	-	-	3	t_816	τοίνυν	d	-	-	d--------	_	τοίνυν
0540	023	-	-	4	t_817	ταῦτα	p	-	-	p-p---na-	Case=a|Gender=n|Number=p	οὗτος
0540	023	-	-	5	t_818	ὁμολογηθῆναι	v	-	-	v--ane---	Mood=n|Tense=a|Voice=e	ὁμολογέω
0540	023	-	-	6	t_819	αὐτῶ	p	-	-	p-s---mg-	Case=g|Gender=m|Number=s	αὐτός
0540	023	-	-	7	t_820	,	u	-	-	u--------	_	,
0540	023	-	-	8	t_821	δεδιὼς	v	-	-	v-srpamn-	Case=n|Gender=m|Mood=p|Number=s|Tense=r|Voice=a	δείδω
0540	023	-	-	9	t_822	τὸν	l	-	-	l-s---ma-	Case=a|Gender=m|Number=s	ὁ
0540	023	-	-	10	t_823	Ἀριστόδικον	n	-	-	n-s---ma-	Case=a|Gender=m|Number=s	ἀριστόδικος
0540	023	-	-	11	t_824	μεταστὰς	v	-	-	v-sapamn-	Case=n|Gender=m|Mood=p|Number=s|Tense=a|Voice=a	μεθίστημι
0540	023	-	-	12	t_825	ἐντεῦθεν	d	-	-	d--------	_	ἐντεῦθεν
0540	023	-	-	13	t_826	Θήβησι	n	-	-	n-p---fd-	_	θήβησι
0540	023	-	-	14	t_827	μετῴκει	v	-	-	v3siia---	Mood=i|Number=s|Person=3|Tense=i|Voice=a	μετοικέω
0540	023	-	-	15	t_828	.	u	-	-	u--------	_	.
0540	023	-	-	1	t_829	καίτοι	d	-	-	d--------	_	καίτοι
0540	023	-	-	2	t_830	οἶμαι	v	-	-	v1spie---	Mood=i|Number=s|Person=1|Tense=p|Voice=e	οἴομαι
0540	023	-	-	3	t_831	εἰδέναι	v	-	-	v--rna---	Mood=n|Tense=r|Voice=a	οἶδα
0540	023	-	-	4	t_832	ὑμᾶς	p	-	-	p-p---ma-	Case=a|Gender=m|Number=p	σύ
0540	023	-	-	5	t_833	ὅτι	c	-	-	c--------	_	ὅτι
0540	023	-	-	6	t_834	εἴπερ	c	-	-	c--------	_	εἴπερ
0540	023	-	-	7	t_835	ἦν	v	-	-	v3siia---	Mood=i|Number=s|Person=3|Tense=i|Voice=a	εἰμί
0540	023	-	-	8	t_836	Πλαταιεύς	n	-	-	n-s---mn-	Case=n|Gender=m|Number=s	πλαταιεύς
0540	023	-	-	9	t_837	,	u	-	-	u--------	_	,
0540	023	-	-	10	t_838	πανταχοῦ	d	-	-	d--------	_	πανταχοῦ
0540	023	-	-	11	t_839	μᾶλλον	d	-	-	d--------	_	μᾶλλον
0540	023	-	-	12	t_840	ἢ	c	-	-	c--------	_	ἤ1
0540	023	-	-	13	t_841	Θήβησιν	n	-	-	n-s---fa-	Case=a|Gender=f|Number=s	θήβησιν
0540	023	-	-	14	t_842	εἰκὸς	v	-	-	v-srpann-	Case=n|Gender=n|Mood=p|Number=s|Tense=r|Voice=a	ἔοικα
0540	023	-	-	15	t_843	ἦν	v	-	-	v3siia---	Mood=i|Number=s|Person=3|Tense=i|Voice=a	εἰμί
0540	023	-	-	16	t_844	αὐτὸν	p	-	-	p-s---ma-	Case=a|Gender=m|Number=s	αὐτός
0540	023	-	-	17	t_845	μετοικῆσαι	v	-	-	v--ana---	Mood=n|Tense=a|Voice=a	μετοικέω
0540	023	-	-	19	t_846	.	u	-	-	u--------	_	.
0540	023	-	-	1	t_847	ὡς	c	-	-	c--------	_	ὡς
0540	023	-	-	2	t_848	οὖν	d	-	-	d--------	_	οὖν
0540	023	-	-	3	t_849	ᾤκει	v	-	-	v3siia---	Mood=i|Number=s|Person=3|Tense=i|Voice=a	οἰκέω
0540	023	-	-	4	t_850	ἐκεῖ	d	-	-	d--------	_	ἐκεῖ
0540	023	-	-	5	t_851	πολὺν	a	-	-	a-s---ma-	Case=a|Gender=m|Number=s	πολύς
0540	023	-	-	6	t_852	χρόνον	n	-	-	n-s---ma-	Case=a|Gender=m|Number=s	χρόνος
0540	023	-	-	7	t_853	,	u	-	-	u--------	_	,
0540	023	-	-	8	t_854	τούτων	p	-	-	p-p---ng-	Case=g|Gender=n|Number=p	οὗτος
0540	023	-	-	9	t_855	ὑμῖν	p	-	-	p-p---md-	Case=d|Gender=m|Number=p	σύ
0540	023	-	-	10	t_856	μάρτυρας	n	-	-	n-p---ma-	Case=a|Gender=m|Number=p	μάρτυς
0540	023	-	-	11	t_857	παρέξομαι	v	-	-	v1sfim---	Mood=i|Number=s|Person=1|Tense=f|Voice=m	παρέχω
0540	023	-	-	12	t_858	.	u	-	-	u--------	_	.
0540	023	-	-	1	t_859	καί	d	-	-	d--------	_	καί
0540	023	-	-	2	t_860	μοι	p	-	-	p1s---md-	Case=d|Gender=m|Number=s|Person=1	ἐγώ
0540	023	-	-	3	t_861	ἐπίλαβε	v	-	-	v2sama---	Mood=m|Number=s|Person=2|Tense=a|Voice=a	ἐπιλαμβάνω
0540	023	-	-	4	t_862	τὸ	l	-	-	l-s---na-	Case=a|Gender=n|Number=s	ὁ
0540	023	-	-	5	t_863	ὕδωρ	n	-	-	n-s---na-	Case=a|Gender=n|Number=s	ὕδωρ
0540	023	-	-	6	t_864	.	u	-	-	u--------	_	.
0540	023	-	-	1	t_865	Μάρτυρες	n	-	-	n-p---mv-	Case=v|Gender=m|Number=p	μάρτυς
0540	023	-	-	2	t_866	ἐξαρκεῖν	v	-	-	v--pna---	Mood=n|Tense=p|Voice=a	ἐξαρκέω
0540	023	-	-	3	t_867	μοι	p	-	-	p1s---md-	Case=d|Gender=m|Number=s|Person=1	ἐγώ
0540	023	-	-	4	t_868	νομίζω	v	-	-	v1spia---	Mood=i|Number=s|Person=1|Tense=p|Voice=a	νομίζω
0540	023	-	-	5	t_869	τὰ	l	-	-	l-p---na-	Case=a|Gender=n|Number=p	ὁ
0540	023	-	-	6	t_870	εἰρημένα	v	-	-	v-prpena-	Case=a|Gender=n|Mood=p|Number=p|Tense=r|Voice=e	ἐρῶ
0540	023	-	-	7	t_871	,	u	-	-	u--------	_	,
0540	023	-	-	8	t_872	ὦ	i	-	-	i--------	_	ὦ
0540	023	-	-	9	t_873	ἄνδρες	n	-	-	n-p---mv-	Case=v|Gender=m|Number=p	ἀνήρ
0540	023	-	-	10	t_874	δικασταί	n	-	-	n-p---mv-	Case=v|Gender=m|Number=p	δικαστής
0540	023	-	-	11	t_875	·	u	-	-	u--------	_	·
0540	023	-	-	1	t_876	ἐὰν	c	-	-	c--------	_	ἐάν
0540	023	-	-	2	t_877	γὰρ	d	-	-	d--------	_	γάρ
0540	023	-	-	3	t_878	διαμνημονεύητε	v	-	-	v2ppsa---	Mood=s|Number=p|Person=2|Tense=p|Voice=a	διαμνημονεύω
0540	023	-	-	4	t_879	,	u	-	-	u--------	_	,
0540	023	-	-	5	t_880	οἶδʼ	v	-	-	v1sria---	Mood=i|Number=s|Person=1|Tense=r|Voice=a	οἶδα
0540	023	-	-	6	t_881	ὅτι	c	-	-	c--------	_	ὅτι
0540	023	-	-	7	t_882	τά	l	-	-	l-p---na-	Case=a|Gender=n|Number=p	ὁ
0540	023	-	-	8	t_883	τε	d	-	-	d--------	_	τε
0540	023	-	-	9	t_884	δίκαια	a	-	-	a-p---na-	Case=a|Gender=n|Number=p	δίκαιος
0540	023	-	-	10	t_885	καὶ	c	-	-	c--------	_	καί
0540	023	-	-	11	t_886	τ	l	-	-	l-p---na-	Case=a|Gender=n|Number=p	ὁ
0540	023	-	-	12	t_887	ἀληθῆ	a	-	-	a-p---na-	Case=a|Gender=n|Number=p	ἀληθής
0540	023	-	-	13	t_888	ψηφιεῖσθε	v	-	-	v2pfim---	Mood=i|Number=p|Person=2|Tense=f|Voice=m	ψηφίζω
0540	023	-	-	14	t_889	,	u	-	-	u--------	_	,
0540	023	-	-	15	t_890	ἃ	p	-	-	p-p---na-	Case=a|Gender=n|Number=p	ὅς
0540	023	-	-	16	t_891	καὶ	d	-	-	d--------	_	καί
0540	023	-	-	17	t_892	ἐγὼ	p	-	-	p1s---mn-	Case=n|Gender=m|Number=s|Person=1	ἐγώ
0540	023	-	-	18	t_893	ὑμῶν	p	-	-	p-p---mg-	Case=g|Gender=m|Number=p	σύ
0540	023	-	-	19	t_894	δέομαι	v	-	-	v1spie---	Mood=i|Number=s|Person=1|Tense=p|Voice=e	δέω
0540	023	-	-	20	t_895	.	u	-	-	u--------	_	.
