0540	023	1	-	1	-	πολλὰ	-	-	-	a-p---na-	-	πολύς
0540	023	1	-	2	-	μὲν	-	-	-	d--------	-	μέν
0540	023	1	-	3	-	λέγειν	-	-	-	v--pna---	-	λέγω3
0540	023	1	-	4	-	,	-	-	-	u--------	-	punc1
0540	023	1	-	5	-	ὦ	-	-	-	i--------	-	ὦ
0540	023	1	-	6	-	ἄνδρες	-	-	-	n-p---mv-	-	ἀνήρ
0540	023	1	-	7	-	δικασταί	-	-	-	n-p---mv-	-	δικαστής
0540	023	1	-	8	-	,	-	-	-	u--------	-	punc1
0540	023	1	-	9	-	περὶ	-	-	-	r--------	-	περί
0540	023	1	-	10	-	τουτουὶ	-	-	-	a-s---ng_	-	οὗτος
0540	023	1	-	11	-	τοῦ	-	-	-	l-s---ng-	-	ὁ
0540	023	1	-	12	-	πράγματος	-	-	-	n-s---ng-	-	πρᾶγμα
0540	023	1	-	13	-	οὔτʼ	-	-	-	d--------	-	οὔτε
0540	023	1	-	14	-	ἂν	-	-	-	d--------	-	ἄν1
0540	023	1	-	15	-	δυναίμην	-	-	-	v1spoe---	-	δύναμαι
0540	023	1	-	16	-	οὔ	-	-	-	d--------	-	οὐ
0540	023	1	-	17	-	-τε	-	-	-	c--------	-	τε
0540	023	1	-	18	-	μοι	-	-	-	p1s---md-	-	ἐγώ
0540	023	1	-	19	-	δοκεῖ	-	-	-	v3spia---	-	δοκέω
0540	023	1	-	20	-	δεῖν	-	-	-	v--pna---	-	δεῖ
0540	023	1	-	21	-	·	-	-	-	u--------	-	punc1
0540	023	1	-	1	-	ὡς	-	-	-	c--------	-	ὡς
0540	023	1	-	2	-	δὲ	-	-	-	d--------	-	δέ
0540	023	1	-	3	-	ὀρθῶς	-	-	-	d--------	-	ὀρθός
0540	023	1	-	4	-	τὴν	-	-	-	l-s---fa-	-	ὁ
0540	023	1	-	5	-	δίκην	-	-	-	n-s---fa-	-	δίκη
0540	023	1	-	6	-	ἔλαχον	-	-	-	v1saia---	-	λαγχάνω
0540	023	1	-	7	-	τουτῳὶ	-	-	-	a-s---md_	-	οὗτος
0540	023	1	-	8	-	Παγκλέωνι	-	-	-	n-s---md-	-	Παγκλέων
0540	023	1	-	9	-	οὐκ	-	-	-	d--------	-	οὐ
0540	023	1	-	10	-	ὄντι	-	-	-	v-sppamd-	-	εἰμί
0540	023	1	-	11	-	Πλαταιεῖ	-	-	-	n-s---md-	-	Πλαταιεύς
0540	023	1	-	12	-	,	-	-	-	u--------	-	punc1
0540	023	1	-	13	-	τοῦτο	-	-	-	p-s---na-	-	οὗτος
0540	023	1	-	14	-	ὑμῖν	-	-	-	p-p---md-	-	σύ
0540	023	1	-	15	-	πειράσομαι	-	-	-	v1sfimf--	-	πειράω
0540	023	1	-	16	-	ἀποδεῖξαι	-	-	-	v--ana---	-	ἀποδείκνυμι
0540	023	1	-	17	-	.	-	-	-	u--------	-	punc1
0540	023	2	-	1	-	ὡς	-	-	-	c--------	-	ὡς
0540	023	2	-	2	-	γὰρ	-	-	-	d--------	-	γάρ
0540	023	2	-	3	-	ἀδικῶν	-	-	-	v-sppamn-	-	ἀδικέω
0540	023	2	-	4	-	με	-	-	-	p1s---ma-	-	ἐγώ
0540	023	2	-	5	-	πολὺν	-	-	-	a-s---ma-	-	πολύς
0540	023	2	-	6	-	χρόνον	-	-	-	n-s---ma-	-	χρόνος
0540	023	2	-	7	-	οὐκ	-	-	-	d--------	-	οὐ
0540	023	2	-	8	-	ἐπαύετο	-	-	-	v3siie---	-	παύω
0540	023	2	-	9	-	,	-	-	-	u--------	-	punc1
0540	023	2	-	10	-	ἐλθὼν	-	-	-	v-sapamn-	-	ἔρχομαι
0540	023	2	-	11	-	ἐπὶ	-	-	-	r--------	-	ἐπί
0540	023	2	-	12	-	τὸ	-	-	-	l-s---na-	-	ὁ
0540	023	2	-	13	-	γναφεῖον	-	-	-	n-s---na-	-	κναφεῖον
0540	023	2	-	14	-	,	-	-	-	u--------	-	punc1
0540	023	2	-	15	-	ἐν	-	-	-	r--------	-	ἐν
0540	023	2	-	16	-	ᾧ	-	-	-	p-s---nd-	-	ὅς
0540	023	2	-	17	-	εἰργάζετο	-	-	-	v3siie---	-	ἐργάζομαι
0540	023	2	-	18	-	,	-	-	-	u--------	-	punc1
0540	023	2	-	19	-	προσεκαλεσάμην	-	-	-	v1saim---	-	προσκαλέω
0540	023	2	-	20	-	αὐτὸν	-	-	-	p-s---ma-	-	αὐτός
0540	023	2	-	21	-	πρὸς	-	-	-	r--------	-	πρός
0540	023	2	-	22	-	τὸν	-	-	-	l-s---ma-	-	ὁ
0540	023	2	-	23	-	πολέμαρχον	-	-	-	n-s---ma-	-	πολέμαρχος
0540	023	2	-	24	-	,	-	-	-	u--------	-	punc1
0540	023	2	-	25	-	νομίζων	-	-	-	v-sppamn-	-	νομίζω
0540	023	2	-	26	-	μέτοικον	-	-	-	n-s---ma-	-	μέτοικος
0540	023	2	-	27	-	εἶναι	-	-	-	v--pna---	-	εἰμί
0540	023	2	-	28	-	.	-	-	-	u--------	-	punc1
0540	023	2	-	1	-	εἰπόντος	-	-	-	v-sapamg-	-	εἶπον
0540	023	2	-	2	-	δὲ	-	-	-	d--------	-	δέ
0540	023	2	-	3	-	τούτου	-	-	-	p-s---mg-	-	οὗτος
0540	023	2	-	4	-	ὅτι	-	-	-	c--------	-	ὅτι2
0540	023	2	-	5	-	Πλαταιεὺς	-	-	-	n-s---mn-	-	Πλαταιεύς
0540	023	2	-	6	-	εἴη	-	-	-	v3spoa---	-	εἰμί
0540	023	2	-	7	-	,	-	-	-	u--------	-	punc1
0540	023	2	-	8	-	ἠρόμην	-	-	-	v1saim---	-	ἔρομαι
0540	023	2	-	9	-	ὁπόθεν	-	-	-	d--------	-	ὁπόθεν
0540	023	2	-	10	-	δημοτεύοιτο	-	-	-	v3spoe---	-	δημοτεύομαι
0540	023	2	-	11	-	,	-	-	-	u--------	-	punc1
0540	023	2	-	12	-	παραινέσαντός	-	-	-	v-sapamg-	-	παραινέω
0540	023	2	-	13	-	τινος	-	-	-	p-s---mg-	-	τις
0540	023	2	-	14	-	τῶν	-	-	-	l-p---mg-	-	ὁ
0540	023	2	-	15	-	παρόντων	-	-	-	v-pppamg-	-	πάρειμι1
0540	023	2	-	16	-	προσκαλέσασθαι	-	-	-	v--anm---	-	προσκαλέω
0540	023	2	-	17	-	καὶ	-	-	-	d--------	-	καί
0540	023	2	-	18	-	πρὸς	-	-	-	r--------	-	πρός
0540	023	2	-	19	-	τὴν	-	-	-	l-s---fa-	-	ὁ
0540	023	2	-	20	-	φυλήν	-	-	-	n-s---fa-	-	φυλή
0540	023	2	-	21	-	,	-	-	-	u--------	-	punc1
0540	023	2	-	22	-	ἧστινος	-	-	-	p-s---fg-	-	ὅστις
0540	023	2	-	23	-	εἶναι	-	-	-	v--pna---	-	εἰμί
0540	023	2	-	24	-	σκήπτοιτο	-	-	-	v3spoe---	-	σκήπτω
0540	023	2	-	25	-	.	-	-	-	u--------	-	punc1
0540	023	2	-	1	-	ἐπειδὴ	-	-	-	c--------	-	ἐπεί
0540	023	2	-	2	-	δὲ	-	-	-	d--------	-	δέ
0540	023	2	-	3	-	ἀπεκρίνατο	-	-	-	v3saim---	-	ἀποκρίνω
0540	023	2	-	4	-	ὅτι	-	-	-	c--------	-	ὅτι2
0540	023	2	-	5	-	Δεκελειόθεν	-	-	-	d--------	-	Δεκελειόθεν
0540	023	2	-	6	-	,	-	-	-	u--------	-	punc1
0540	023	2	-	7	-	προσκαλεσάμενος	-	-	-	v-sapmmn-	-	προσκαλέω
0540	023	2	-	8	-	αὐτὸν	-	-	-	p-s---ma-	-	αὐτός
0540	023	2	-	9	-	καὶ	-	-	-	d--------	-	καί
0540	023	2	-	10	-	πρὸς	-	-	-	r--------	-	πρός
0540	023	2	-	11	-	τοὺς	-	-	-	l-p---ma-	-	ὁ
0540	023	2	-	12	-	τῇ	-	-	-	l-s---fd-	-	ὁ
0540	023	2	-	13	-	Ἱπποθωντίδι	-	-	-	n-s---fd-	-	Ἱπποθωντίς
0540	023	2	-	14	-	δικάζοντας	-	-	-	v-pppama-	-	δικάζω
0540	023	2	-	15	-	,	-	-	-	u--------	-	punc1
0540	023	2	-	16	-	ἐλθὼν	-	-	-	v-sapamn-	-	ἔρχομαι
0540	023	2	-	17	-	ἐπὶ	-	-	-	r--------	-	ἐπί
0540	023	2	-	18	-	τὸ	-	-	-	l-s---na-	-	ὁ
0540	023	2	-	19	-	κουρεῖον	-	-	-	n-s---na-	-	κουρεῖον
0540	023	2	-	20	-	τὸ	-	-	-	l-s---na-	-	ὁ
0540	023	2	-	21	-	παρὰ	-	-	-	r--------	-	παρά
0540	023	2	-	22	-	τοὺς	-	-	-	l-p---ma-	-	ὁ
0540	023	2	-	23	-	Ἑρμᾶς	-	-	-	n-p---ma-	-	Ἑρμᾶς
0540	023	2	-	24	-	,	-	-	-	u--------	-	punc1
0540	023	2	-	25	-	οἷ	-	-	-	d-------_	-	οἷ
0540	023	2	-	26	-	Δεκελειεῖς	-	-	-	n-p---mn-	-	Δεκελειεύς
0540	023	2	-	27	-	προσφοιτῶσιν	-	-	-	v3ppia---	-	προσφοιτάω
0540	023	2	-	28	-	,	-	-	-	u--------	-	punc1
0540	023	2	-	29	-	ἠρώτων	-	-	-	v1siia---	-	ἐρωτάω
0540	023	2	-	30	-	,	-	-	-	u--------	-	punc1
0540	023	2	-	31	-	οὕς	-	-	-	p-p---ma-	-	ὅς
0540	023	2	-	32	-	τε	-	-	-	c--------	-	τε
0540	023	2	-	33	-	ἐξευρίσκοιμι	-	-	-	v1spoa---	-	ἐξευρίσκω
0540	023	2	-	34	-	Δεκελειέων	-	-	-	n-p---fg-	-	Δεκέλεια
0540	023	2	-	35	-	ἐπυνθανόμην	-	-	-	v1siie---	-	πυνθάνομαι
0540	023	2	-	36	-	εἴ	-	-	-	c--------	-	εἰ
0540	023	2	-	37	-	τινα	-	-	-	a-s---ma_	-	τις
0540	023	2	-	38	-	γιγνώσκοιεν	-	-	-	v3ppoa---	-	γιγνώσκω
0540	023	2	-	39	-	Δεκελειόθεν	-	-	-	d--------	-	Δεκελειόθεν
0540	023	2	-	40	-	δημοτευόμενον	-	-	-	v-sppema-	-	δημοτεύομαι
0540	023	2	-	41	-	Παγκλέωνα	-	-	-	n-s---ma-	-	Παγκλέων
0540	023	2	-	42	-	.	-	-	-	u--------	-	punc1
0540	023	2	-	43	-	[0]	-	-	-	None	-	None
0540	023	3	-	1	-	ἐπειδὴ	-	-	-	c--------	-	ἐπεί
0540	023	3	-	2	-	δὲ	-	-	-	d--------	-	δέ
0540	023	3	-	3	-	οὐδεὶς	-	-	-	p-s---mn-	-	οὐδείς
0540	023	3	-	4	-	ἔφασκεν	-	-	-	v3siia---	-	φάσκω
0540	023	3	-	5	-	γιγνώσκειν	-	-	-	v--pna---	-	γιγνώσκω
0540	023	3	-	6	-	αὐτόν	-	-	-	p-s---ma-	-	αὐτός
0540	023	3	-	7	-	,	-	-	-	u--------	-	punc1
0540	023	3	-	8	-	πυθόμενος	-	-	-	v-sapmmn-	-	πυνθάνομαι
0540	023	3	-	9	-	ὅτι	-	-	-	c--------	-	ὅτι2
0540	023	3	-	10	-	καὶ	-	-	-	d--------	-	καί
0540	023	3	-	11	-	ἑτέρας	-	-	-	a-p---fa-	-	ἕτερος
0540	023	3	-	12	-	δίκας	-	-	-	n-p---fa-	-	δίκη
0540	023	3	-	13	-	τὰς	-	-	-	l-p---fa-	-	ὁ
0540	023	3	-	14	-	μὲν	-	-	-	d--------	-	μέν
0540	023	3	-	15	-	φεύγοι	-	-	-	v3spoa---	-	φεύγω
0540	023	3	-	16	-	τὰς	-	-	-	l-p---fa-	-	ὁ
0540	023	3	-	17	-	δʼ	-	-	-	c--------	-	δέ
0540	023	3	-	18	-	ὠφλήκοι	-	-	-	v3sroa---	-	ὀφλισκάνω
0540	023	3	-	19	-	παρὰ	-	-	-	r--------	-	παρά
0540	023	3	-	20	-	τῷ	-	-	-	l-s---md-	-	ὁ
0540	023	3	-	21	-	πολεμάρχῳ	-	-	-	n-s---md-	-	πολέμαρχος
0540	023	3	-	22	-	ἔλαχον	-	-	-	v1saia---	-	λαγχάνω
0540	023	3	-	23	-	καὶ	-	-	-	d--------	-	καί
0540	023	3	-	24	-	ἐγώ	-	-	-	p1s---mn-	-	ἐγώ
0540	023	3	-	25	-	.	-	-	-	u--------	-	punc1
0540	023	4	-	1	-	πρῶτον	-	-	-	a-s---na-	-	πρῶτος
0540	023	4	-	2	-	μὲν	-	-	-	d--------	-	μέν
0540	023	4	-	3	-	οὖν	-	-	-	d--------	-	οὖν
0540	023	4	-	4	-	ὑμῖν	-	-	-	p-p---md-	-	σύ
0540	023	4	-	5	-	Δεκελειέων	-	-	-	n-p---mg-	-	Δεκελειεύς
0540	023	4	-	6	-	οὓς	-	-	-	p-p---ma-	-	ὅς
0540	023	4	-	7	-	ἠρόμην	-	-	-	v1saim---	-	ἔρομαι
0540	023	4	-	8	-	μάρτυρας	-	-	-	n-p---ma-	-	μάρτυς
0540	023	4	-	9	-	παρέξομαι	-	-	-	v1sfim---	-	παρέχω
0540	023	4	-	10	-	,	-	-	-	u--------	-	punc1
0540	023	4	-	11	-	ἔπειτα	-	-	-	d--------	-	ἔπειτα
0540	023	4	-	12	-	δὲ	-	-	-	c--------	-	δέ
0540	023	4	-	13	-	καὶ	-	-	-	d--------	-	καί
0540	023	4	-	14	-	τῶν	-	-	-	l-p---mg-	-	ὁ
0540	023	4	-	15	-	ἄλλων	-	-	-	p-p---mg-	-	ἄλλος
0540	023	4	-	16	-	τῶν	-	-	-	l-p---mg-	-	ὁ
0540	023	4	-	17	-	λαχόντων	-	-	-	v-papamg-	-	λαγχάνω
0540	023	4	-	18	-	τε	-	-	-	d--------	-	τε
0540	023	4	-	19	-	δίκας	-	-	-	n-p---fa-	-	δίκη
0540	023	4	-	20	-	αὐτῷ	-	-	-	p-s---md-	-	αὐτός
0540	023	4	-	21	-	πρὸς	-	-	-	r--------	-	πρός
0540	023	4	-	22	-	τὸν	-	-	-	l-s---ma-	-	ὁ
0540	023	4	-	23	-	πολέμαρχον	-	-	-	n-s---ma-	-	πολέμαρχος
0540	023	4	-	24	-	καὶ	-	-	-	c--------	-	καί
0540	023	4	-	25	-	καταδικασαμένων	-	-	-	v-papmmg-	-	καταδικάζω
0540	023	4	-	26	-	,	-	-	-	u--------	-	punc1
0540	023	4	-	27	-	ὅσοι	-	-	-	a-p---mn-	-	ὅσος
0540	023	4	-	28	-	τυγχάνουσι	-	-	-	v3ppia---	-	τυγχάνω
0540	023	4	-	29	-	παρόντες	-	-	-	v-pppamn-	-	πάρειμι1
0540	023	4	-	30	-	.	-	-	-	u--------	-	punc1
0540	023	4	-	1	-	καί	-	-	-	d-------_	-	καί
0540	023	4	-	2	-	μοι	-	-	-	p1s---md-	-	ἐγώ
0540	023	4	-	3	-	ἐπίλαβε	-	-	-	v2sama---	-	ἐπιλαμβάνω
0540	023	4	-	4	-	τὸ	-	-	-	l-s---na-	-	ὁ
0540	023	4	-	5	-	ὕδωρ	-	-	-	n-s---na-	-	ὕδωρ
0540	023	4	-	6	-	.	-	-	-	u--------	-	punc1
0540	023	4	-	1	-	Μάρτυρες	-	-	-	n-p---mn-	-	μάρτυς
0540	023	5	-	1	-	ἐκ	-	-	-	r--------	-	ἐκ
0540	023	5	-	2	-	μὲν	-	-	-	d--------	-	μέν
0540	023	5	-	3	-	τούτων	-	-	-	p-p---ng-	-	οὗτος
0540	023	5	-	4	-	πεισθεὶς	-	-	-	v-sappmn-	-	πείθω
0540	023	5	-	5	-	πρὸς	-	-	-	r--------	-	πρός
0540	023	5	-	6	-	τὸν	-	-	-	l-s---ma-	-	ὁ
0540	023	5	-	7	-	πολέμαρχον	-	-	-	n-s---ma-	-	πολέμαρχος
0540	023	5	-	8	-	αὐτῷ	-	-	-	p-s---md-	-	αὐτός
0540	023	5	-	9	-	τὴν	-	-	-	l-s---fa-	-	ὁ
0540	023	5	-	10	-	δίκην	-	-	-	n-s---fa-	-	δίκη
0540	023	5	-	11	-	ἔλαχον	-	-	-	v1saia---	-	λαγχάνω
0540	023	5	-	12	-	·	-	-	-	u--------	-	punc1
0540	023	5	-	1	-	ἐπειδὴ	-	-	-	c--------	-	ἐπεί
0540	023	5	-	2	-	δέ	-	-	-	d--------	-	δέ
0540	023	5	-	3	-	μοι	-	-	-	p1s---md-	-	ἐγώ
0540	023	5	-	4	-	αὐτὴν	-	-	-	p-s---fa-	-	αὐτός
0540	023	5	-	5	-	ἀντεγράψατο	-	-	-	v3saim---	-	ἀντιγράφω
0540	023	5	-	6	-	μὴ	-	-	-	d--------	-	μή
0540	023	5	-	7	-	εἰσαγώγιμον	-	-	-	a-s---fa-	-	εἰσαγώγιμος
0540	023	5	-	8	-	εἶναι	-	-	-	v--pna---	-	εἰμί
0540	023	5	-	9	-	,	-	-	-	u--------	-	punc1
0540	023	5	-	10	-	περὶ	-	-	-	r--------	-	περί
0540	023	5	-	11	-	πολλοῦ	-	-	-	a-s---ng-	-	πολύς
0540	023	5	-	12	-	ποιούμενος	-	-	-	v-sppemn-	-	ποιόω
0540	023	5	-	13	-	μηδενὶ	-	-	-	a-s---fd_	-	μηδείς
0540	023	5	-	14	-	δόξαι	-	-	-	n-s---fd-	-	δόξα
0540	023	5	-	15	-	ὑβρίζειν	-	-	-	v--pna---	-	ὑβρίζω
0540	023	5	-	16	-	βούλεσθαι	-	-	-	v--pne---	-	βούλομαι
0540	023	5	-	17	-	μᾶλλον	-	-	-	d--------	-	μᾶλλον
0540	023	5	-	18	-	ἢ	-	-	-	c--------	-	ἤ1
0540	023	5	-	19	-	δίκην	-	-	-	n-s---fa-	-	δίκη
0540	023	5	-	20	-	λαβεῖν	-	-	-	v--ana---	-	λαμβάνω
0540	023	5	-	21	-	ὧν	-	-	-	p-p---ng-	-	ὅς
0540	023	5	-	22	-	ἠδικήθην	-	-	-	v1saip---	-	ἀδικέω
0540	023	5	-	23	-	,	-	-	-	u--------	-	punc1
0540	023	5	-	24	-	πρῶτον	-	-	-	a-s---na-	-	πρῶτος
0540	023	5	-	25	-	μὲν	-	-	-	d--------	-	μέν
0540	023	5	-	26	-	Εὐθύκριτον	-	-	-	n-s---ma-	-	Εὐθύκριτος
0540	023	5	-	27	-	,	-	-	-	u--------	-	punc1
0540	023	5	-	28	-	ὃν	-	-	-	p-s---ma-	-	ὅς
0540	023	5	-	29	-	πρεσβύτατόν	-	-	-	a-s---mas	-	πρέσβυς
0540	023	5	-	30	-	τε	-	-	-	d--------	-	τε
0540	023	5	-	31	-	Πλαταιέων	-	-	-	n-p---mg-	-	Πλαταιεύς
0540	023	5	-	32	-	ἐγίγνωσκον	-	-	-	v1siia---	-	γιγνώσκω
0540	023	5	-	33	-	καὶ	-	-	-	c--------	-	καί
0540	023	5	-	34	-	μάλιστα	-	-	-	d--------	-	μάλιστα
0540	023	5	-	35	-	ὠόμην	-	-	-	v1siie---	-	οἴομαι
0540	023	5	-	36	-	εἰδέναι	-	-	-	v--rna---	-	οἶδα
0540	023	5	-	37	-	,	-	-	-	u--------	-	punc1
0540	023	5	-	38	-	ἠρόμην	-	-	-	v1saim---	-	ἔρομαι
0540	023	5	-	39	-	εἴ	-	-	-	c--------	-	εἰ
0540	023	5	-	40	-	τινα	-	-	-	a-s---ma_	-	τις
0540	023	5	-	41	-	γιγνώσκοι	-	-	-	v3spoa---	-	γιγνώσκω
0540	023	5	-	42	-	Ἱππαρμοδώρου	-	-	-	n-s---mg-	-	Ἱππαρμόδωρος
0540	023	5	-	43	-	ὑὸν	-	-	-	n-s---ma-	-	υἱός
0540	023	5	-	44	-	Παγκλέωνα	-	-	-	n-s---ma-	-	Παγκλέων
0540	023	5	-	45	-	Πλαταιέα	-	-	-	n-s---ma-	-	Πλαταιεύς
0540	023	5	-	46	-	·	-	-	-	u--------	-	punc1
0540	023	6	-	1	-	ἔπειτα	-	-	-	d--------	-	ἔπειτα
0540	023	6	-	2	-	δέ	-	-	-	d--------	-	δέ
0540	023	6	-	3	-	,	-	-	-	u--------	-	punc1
0540	023	6	-	4	-	ἐπειδὴ	-	-	-	c--------	-	ἐπεί
0540	023	6	-	5	-	ἐκεῖνος	-	-	-	p-s---mn-	-	ἐκεῖνος
0540	023	6	-	6	-	ἀπεκρίνατό	-	-	-	v3saim---	-	ἀποκρίνω
0540	023	6	-	7	-	μοι	-	-	-	p1s---md-	-	ἐγώ
0540	023	6	-	8	-	ὅτι	-	-	-	c--------	-	ὅτι2
0540	023	6	-	9	-	τὸν	-	-	-	l-s---ma-	-	ὁ
0540	023	6	-	10	-	Ἱππαρμόδωρον	-	-	-	n-s---ma-	-	Ἱππαρμόδωρος
0540	023	6	-	11	-	μὲν	-	-	-	d--------	-	μέν
0540	023	6	-	12	-	γιγνώσκοι	-	-	-	v3spoa---	-	γιγνώσκω
0540	023	6	-	13	-	,	-	-	-	u--------	-	punc1
0540	023	6	-	14	-	ὑὸν	-	-	-	n-s---ma-	-	υἱός
0540	023	6	-	15	-	δὲ	-	-	-	c--------	-	δέ
0540	023	6	-	16	-	ἐκείνῳ	-	-	-	p-s---md-	-	ἐκεῖνος
0540	023	6	-	17	-	οὐδένα	-	-	-	a-s---ma_	-	οὐδείς
0540	023	6	-	18	-	οὔ	-	-	-	d--------	-	οὐ
0540	023	6	-	19	-	-τε	-	-	-	d--------	-	τε
0540	023	6	-	20	-	Παγκλέωνα	-	-	-	n-s---ma-	-	Παγκλέων
0540	023	6	-	21	-	οὔ	-	-	-	d--------	-	οὐ
0540	023	6	-	22	-	-τε	-	-	-	c--------	-	τε
0540	023	6	-	23	-	ἄλλον	-	-	-	a-s---ma_	-	ἄλλος
0540	023	6	-	24	-	οὐδένα	-	-	-	p-s---ma-	-	οὐδείς
0540	023	6	-	25	-	εἰδείη	-	-	-	v3sroa---	-	οἶδα
0540	023	6	-	26	-	ὄντα	-	-	-	v-sppama-	-	εἰμί
0540	023	6	-	27	-	,	-	-	-	u--------	-	punc1
0540	023	6	-	28	-	ἠρώτων	-	-	-	v1siia---	-	ἐρωτάω
0540	023	6	-	29	-	δὴ	-	-	-	d--------	-	δή
0540	023	6	-	30	-	καὶ	-	-	-	d--------	-	καί
0540	023	6	-	31	-	τῶν	-	-	-	l-p---mg-	-	ὁ
0540	023	6	-	32	-	ἄλλων	-	-	-	p-p---mg-	-	ἄλλος
0540	023	6	-	33	-	ὅσους	-	-	-	a-p---ma-	-	ὅσος
0540	023	6	-	34	-	ᾔδη	-	-	-	v1slia---	-	οἶδα
0540	023	6	-	35	-	Πλαταιέας	-	-	-	n-p---ma-	-	Πλαταιεύς
0540	023	6	-	36	-	ὄντας	-	-	-	v-pppama-	-	εἰμί
0540	023	6	-	37	-	.	-	-	-	u--------	-	punc1
0540	023	6	-	1	-	πάντες	-	-	-	a-p---mn-	-	πᾶς
0540	023	6	-	2	-	οὖν	-	-	-	d--------	-	οὖν
0540	023	6	-	3	-	ἀγνοοῦντες	-	-	-	v-pppamn-	-	ἀγνοέω
0540	023	6	-	4	-	τὸ	-	-	-	l-s---na-	-	ὁ
0540	023	6	-	5	-	ὄνομα	-	-	-	n-s---na-	-	ὄνομα
0540	023	6	-	6	-	αὐτοῦ	-	-	-	p-s---mg-	-	αὐτός
0540	023	6	-	7	-	,	-	-	-	u--------	-	punc1
0540	023	6	-	8	-	ἀκριβέστατα	-	-	-	a-p---nas	-	ἀκριβής
0540	023	6	-	9	-	ἂν	-	-	-	d--------	-	ἄν1
0540	023	6	-	10	-	ἔφασάν	-	-	-	v3paia---	-	φημί
0540	023	6	-	11	-	με	-	-	-	p1s---ma-	-	ἐγώ
0540	023	6	-	12	-	πυθέσθαι	-	-	-	v--anm---	-	πυνθάνομαι
0540	023	6	-	13	-	ἐλθόντα	-	-	-	v-sapama-	-	ἔρχομαι
0540	023	6	-	14	-	εἰς	-	-	-	r--------	-	εἰς
0540	023	6	-	15	-	τὸν	-	-	-	l-s---ma-	-	ὁ
0540	023	6	-	16	-	χλωρὸν	-	-	-	a-s---ma-	-	χλωρός
0540	023	6	-	17	-	τυρὸν	-	-	-	n-s---ma-	-	τυρός
0540	023	6	-	18	-	τῇ	-	-	-	l-s---fd-	-	ὁ
0540	023	6	-	19	-	ἕνῃ	-	-	-	a-s---fd-	-	ἕνος
0540	023	6	-	20	-	καὶ	-	-	-	c--------	-	καί
0540	023	6	-	21	-	νέᾳ	-	-	-	a-s---fd-	-	νέος
0540	023	6	-	22	-	·	-	-	-	u--------	-	punc1
0540	023	6	-	1	-	ταύτῃ	-	-	-	a-s---fd_	-	οὗτος
0540	023	6	-	2	-	γὰρ	-	-	-	d--------	-	γάρ
0540	023	6	-	3	-	τῇ	-	-	-	l-s---fd-	-	ὁ
0540	023	6	-	4	-	ἡμέρᾳ	-	-	-	n-s---fd-	-	ἡμέρα
0540	023	6	-	5	-	τοῦ	-	-	-	l-s---mg-	-	ὁ
0540	023	6	-	6	-	μηνὸς	-	-	-	n-s---mg-	-	μείς
0540	023	6	-	7	-	ἑκάστου	-	-	-	a-s---mg-	-	ἕκαστος
0540	023	6	-	8	-	ἐκεῖσε	-	-	-	d--------	-	ἐκεῖσε
0540	023	6	-	9	-	συλλέγεσθαι	-	-	-	v--pne---	-	συλλέγω
0540	023	6	-	10	-	τοὺς	-	-	-	l-p---ma-	-	ὁ
0540	023	6	-	11	-	Πλαταιέας	-	-	-	n-p---ma-	-	Πλαταιεύς
0540	023	6	-	12	-	.	-	-	-	u--------	-	punc1
0540	023	6	-	13	-	[0]	-	-	-	None	-	None
0540	023	7	-	1	-	ἐλθὼν	-	-	-	v-sapamn-	-	ἔρχομαι
0540	023	7	-	2	-	οὖν	-	-	-	d--------	-	οὖν
0540	023	7	-	3	-	εἰς	-	-	-	r--------	-	εἰς
0540	023	7	-	4	-	τὸν	-	-	-	l-s---ma-	-	ὁ
0540	023	7	-	5	-	τυρὸν	-	-	-	n-s---ma-	-	τυρός
0540	023	7	-	6	-	ταύτῃ	-	-	-	a-s---fd_	-	οὗτος
0540	023	7	-	7	-	τῇ	-	-	-	l-s---fd-	-	ὁ
0540	023	7	-	8	-	ἡμέρᾳ	-	-	-	n-s---fd-	-	ἡμέρα
0540	023	7	-	9	-	ἐπυνθανόμην	-	-	-	v1siie---	-	πυνθάνομαι
0540	023	7	-	10	-	αὐτῶν	-	-	-	p-p---mg-	-	αὐτός
0540	023	7	-	11	-	,	-	-	-	u--------	-	punc1
0540	023	7	-	12	-	εἴ	-	-	-	c--------	-	εἰ
0540	023	7	-	13	-	τινα	-	-	-	a-s---ma_	-	τις
0540	023	7	-	14	-	γιγνώσκοιεν	-	-	-	v3ppoa---	-	γιγνώσκω
0540	023	7	-	15	-	Παγκλέωνα	-	-	-	n-s---ma-	-	Παγκλέων
0540	023	7	-	16	-	πολίτην	-	-	-	n-s---ma-	-	πολίτης
0540	023	7	-	17	-	σφέτερον	-	-	-	a-s---ma-	-	σφέτερος
0540	023	7	-	18	-	.	-	-	-	u--------	-	punc1
0540	023	7	-	1	-	καὶ	-	-	-	d--------	-	καί
0540	023	7	-	2	-	οἱ	-	-	-	l-p---mn-	-	ὁ
0540	023	7	-	3	-	μὲν	-	-	-	d--------	-	μέν
0540	023	7	-	4	-	ἄλλοι	-	-	-	p-p---mn-	-	ἄλλος
0540	023	7	-	5	-	οὐκ	-	-	-	d--------	-	οὐ
0540	023	7	-	6	-	ἔφασαν	-	-	-	v3paia---	-	φημί
0540	023	7	-	7	-	γιγνώσκειν	-	-	-	v--pna---	-	γιγνώσκω
0540	023	7	-	8	-	,	-	-	-	u--------	-	punc1
0540	023	7	-	9	-	εἷς	-	-	-	n-s---mn-	-	εἷς
0540	023	7	-	10	-	δέ	-	-	-	c--------	-	δέ
0540	023	7	-	11	-	τις	-	-	-	a-s---mn_	-	τις
0540	023	7	-	12	-	εἶπεν	-	-	-	v3saia---	-	εἶπον
0540	023	7	-	13	-	ὅτι	-	-	-	c--------	-	ὅτι2
0540	023	7	-	14	-	τῶν	-	-	-	l-p---mg-	-	ὁ
0540	023	7	-	15	-	μὲν	-	-	-	d--------	-	μέν
0540	023	7	-	16	-	πολιτῶν	-	-	-	n-p---mg-	-	πολίτης
0540	023	7	-	17	-	οὐδενὶ	-	-	-	p-s---md-	-	οὐδείς
0540	023	7	-	18	-	εἰδείη	-	-	-	v3sroa---	-	οἶδα
0540	023	7	-	19	-	τοῦτο	-	-	-	a-s---na_	-	οὗτος
0540	023	7	-	20	-	ὂν	-	-	-	v-sppana-	-	εἰμί
0540	023	7	-	21	-	τὸ	-	-	-	l-s---na-	-	ὁ
0540	023	7	-	22	-	ὄνομα	-	-	-	n-s---na-	-	ὄνομα
0540	023	7	-	23	-	,	-	-	-	u--------	-	punc1
0540	023	7	-	24	-	δοῦλον	-	-	-	n-s---ma-	-	δοῦλος
0540	023	7	-	25	-	μέντοι	-	-	-	c--------	-	μέντοι
0540	023	7	-	26	-	ἔφη	-	-	-	v3siia---	-	φημί
0540	023	7	-	27	-	ἑαυτοῦ	-	-	-	p-s---mg-	-	ἑαυτοῦ
0540	023	7	-	28	-	ἀφεστῶτα	-	-	-	v-srpama-	-	ἀφεστήξω
0540	023	7	-	29	-	εἶναι	-	-	-	v--pna---	-	εἰμί
0540	023	7	-	30	-	Παγκλέωνα	-	-	-	n-s---ma-	-	Παγκλέων
0540	023	7	-	31	-	,	-	-	-	u--------	-	punc1
0540	023	7	-	32	-	τήν	-	-	-	l-s---fa-	-	ὁ
0540	023	7	-	33	-	τε	-	-	-	d--------	-	τε
0540	023	7	-	34	-	ἡλικίαν	-	-	-	n-s---fa-	-	ἡλικία
0540	023	7	-	35	-	λέγων	-	-	-	v-sppamn-	-	λέγω3
0540	023	7	-	36	-	τὴν	-	-	-	l-s---fa-	-	ὁ
0540	023	7	-	37	-	τούτου	-	-	-	p-s---mg-	-	οὗτος
0540	023	7	-	38	-	καὶ	-	-	-	c--------	-	καί
0540	023	7	-	39	-	τὴν	-	-	-	l-s---fa-	-	ὁ
0540	023	7	-	40	-	τέχνην	-	-	-	n-s---fa-	-	τέχνη
0540	023	7	-	41	-	ᾗ	-	-	-	p-s---fd-	-	ὅς
0540	023	7	-	42	-	οὗτος	-	-	-	p-s---mn-	-	οὗτος
0540	023	7	-	43	-	χρῆται	-	-	-	v3spie---	-	χράομαι
0540	023	7	-	44	-	.	-	-	-	u--------	-	punc1
0540	023	8	-	1	-	ταῦτʼ	-	-	-	p-p---nn-	-	οὗτος
0540	023	8	-	2	-	οὖν	-	-	-	d--------	-	οὖν
0540	023	8	-	3	-	ὡς	-	-	-	c--------	-	ὡς
0540	023	8	-	4	-	ἀληθῆ	-	-	-	a-p---nn-	-	ἀληθής
0540	023	8	-	5	-	ἐστι	-	-	-	v3spia---	-	εἰμί
0540	023	8	-	6	-	,	-	-	-	u--------	-	punc1
0540	023	8	-	7	-	τόν	-	-	-	l-s---ma-	-	ὁ
0540	023	8	-	8	-	τε	-	-	-	d--------	-	τε
0540	023	8	-	9	-	Εὐθύκριτον	-	-	-	n-s---ma-	-	Εὐθύκριτος
0540	023	8	-	10	-	,	-	-	-	u--------	-	punc1
0540	023	8	-	11	-	ὃν	-	-	-	p-s---ma-	-	ὅς
0540	023	8	-	12	-	πρῶτον	-	-	-	a-s---na-	-	πρῶτος
0540	023	8	-	13	-	ἠρόμην	-	-	-	v1saim---	-	ἔρομαι
0540	023	8	-	14	-	,	-	-	-	u--------	-	punc1
0540	023	8	-	15	-	καὶ	-	-	-	d--------	-	καί
0540	023	8	-	16	-	τῶν	-	-	-	l-p---mg-	-	ὁ
0540	023	8	-	17	-	ἄλλων	-	-	-	a-p---mg_	-	ἄλλος
0540	023	8	-	18	-	Πλαταιέων	-	-	-	n-p---mg-	-	Πλαταιεύς
0540	023	8	-	19	-	ὅσοις	-	-	-	a-p---md-	-	ὅσος
0540	023	8	-	20	-	προσῆλθον	-	-	-	v1saia---	-	προσέρχομαι
0540	023	8	-	21	-	,	-	-	-	u--------	-	punc1
0540	023	8	-	22	-	καὶ	-	-	-	c--------	-	καί
0540	023	8	-	23	-	τὸν	-	-	-	l-s---ma-	-	ὁ
0540	023	8	-	24	-	ὃς	-	-	-	p-s---mn-	-	ὅς
0540	023	8	-	25	-	ἔφη	-	-	-	v3siia---	-	φημί
0540	023	8	-	26	-	δεσπότης	-	-	-	n-s---mn-	-	δεσπότης
0540	023	8	-	27	-	τούτου	-	-	-	p-s---mg-	-	οὗτος
0540	023	8	-	28	-	εἶναι	-	-	-	v--pna---	-	εἰμί
0540	023	8	-	29	-	,	-	-	-	u--------	-	punc1
0540	023	8	-	30	-	μάρτυρας	-	-	-	n-p---ma-	-	μάρτυς
0540	023	8	-	31	-	παρέξομαι	-	-	-	v1sfim---	-	παρέχω
0540	023	8	-	32	-	.	-	-	-	u--------	-	punc1
0540	023	8	-	33	-	[0]	-	-	-	None	-	None
0540	023	8	-	1	-	καί	-	-	-	d-------_	-	καί
0540	023	8	-	2	-	μοι	-	-	-	p1s---md-	-	ἐγώ
0540	023	8	-	3	-	ἐπίλαβε	-	-	-	v2sama---	-	ἐπιλαμβάνω
0540	023	8	-	4	-	τὸ	-	-	-	l-s---na-	-	ὁ
0540	023	8	-	5	-	ὕδωρ	-	-	-	n-s---na-	-	ὕδωρ
0540	023	8	-	6	-	.	-	-	-	u--------	-	punc1
0540	023	8	-	1	-	Μάρτυρες	-	-	-	n-p---mn-	-	μάρτυς
0540	023	9	-	1	-	ἡμέραις	-	-	-	n-p---fd-	-	ἡμέρα
0540	023	9	-	2	-	τοίνυν	-	-	-	d--------	-	τοίνυν
0540	023	9	-	3	-	μετὰ	-	-	-	r--------	-	μετά
0540	023	9	-	4	-	ταῦτα	-	-	-	p-p---na-	-	οὗτος
0540	023	9	-	5	-	οὐ	-	-	-	d--------	-	οὐ
0540	023	9	-	6	-	πολλαῖς	-	-	-	a-p---fd-	-	πολύς
0540	023	9	-	7	-	ὕστερον	-	-	-	a-s---na-	-	ὕστερος
0540	023	9	-	8	-	ἰδὼν	-	-	-	v-sapamn-	-	εἶδον
0540	023	9	-	9	-	ἀγόμενον	-	-	-	v-sppema-	-	ἄγω
0540	023	9	-	10	-	τουτονὶ	-	-	-	a-s---ma_	-	οὗτος
0540	023	9	-	11	-	Παγκλέωνα	-	-	-	n-s---ma-	-	Παγκλέων
0540	023	9	-	12	-	ὑπὸ	-	-	-	r--------	-	ὑπό
0540	023	9	-	13	-	Νικομήδους	-	-	-	n-s---mg-	-	Νικομήδης
0540	023	9	-	14	-	,	-	-	-	u--------	-	punc1
0540	023	9	-	15	-	ὃς	-	-	-	p-s---mn-	-	ὅς
0540	023	9	-	16	-	ἐμαρτύρησεν	-	-	-	v3saia---	-	μαρτυρέω
0540	023	9	-	17	-	αὐτοῦ	-	-	-	p-s---mg-	-	αὐτός
0540	023	9	-	18	-	δεσπότης	-	-	-	n-s---mn-	-	δεσπότης
0540	023	9	-	19	-	εἶναι	-	-	-	v--pna---	-	εἰμί
0540	023	9	-	20	-	,	-	-	-	u--------	-	punc1
0540	023	9	-	21	-	προσῆλθον	-	-	-	v1saia---	-	προσέρχομαι
0540	023	9	-	22	-	βουλόμενος	-	-	-	v-sppemn-	-	βούλομαι
0540	023	9	-	23	-	εἰδέναι	-	-	-	v--rna---	-	οἶδα
0540	023	9	-	24	-	ὁποῖόν	-	-	-	a-s---nn-	-	ὁποῖος
0540	023	9	-	25	-	τι	-	-	-	p-s---nn-	-	τις
0540	023	9	-	26	-	περὶ	-	-	-	r--------	-	περί
0540	023	9	-	27	-	αὐτοῦ	-	-	-	p-s---mg-	-	αὐτός
0540	023	9	-	28	-	πραχθήσοιτο	-	-	-	v3sfop---	-	πράσσω
0540	023	9	-	29	-	.	-	-	-	u--------	-	punc1
0540	023	9	-	1	-	τότε	-	-	-	d--------	-	τότε
0540	023	9	-	2	-	μὲν	-	-	-	d--------	-	μέν
0540	023	9	-	3	-	οὖν	-	-	-	d--------	-	οὖν
0540	023	9	-	4	-	ἐπειδὴ	-	-	-	c--------	-	ἐπεί
0540	023	9	-	5	-	ἐπαύσαντο	-	-	-	v3paim---	-	παύω
0540	023	9	-	6	-	μαχόμενοι	-	-	-	v-pppemn-	-	μάχομαι
0540	023	9	-	7	-	,	-	-	-	u--------	-	punc1
0540	023	9	-	8	-	εἶπόν	-	-	-	v3paia---	-	εἶπον
0540	023	9	-	9	-	τινες	-	-	-	p-p---mn-	-	τις
0540	023	9	-	10	-	τῶν	-	-	-	l-p---mg-	-	ὁ
0540	023	9	-	11	-	τούτων	-	-	-	p-p---mg-	-	οὗτος
0540	023	9	-	12	-	παρόντων	-	-	-	v-pppamg-	-	πάρειμι1
0540	023	9	-	13	-	ὅτι	-	-	-	c--------	-	ὅτι2
0540	023	9	-	14	-	εἴη	-	-	-	v3spoa---	-	εἰμί
0540	023	9	-	15	-	αὐτῷ	-	-	-	p-s---md-	-	αὐτός
0540	023	9	-	16	-	ἀδελφὸς	-	-	-	n-s---mn-	-	ἀδελφός
0540	023	9	-	17	-	ὃς	-	-	-	p-s---mn-	-	ὅς
0540	023	9	-	18	-	ἐξαιρήσοιτο	-	-	-	v3sfom---	-	ἐξαιρέω
0540	023	9	-	19	-	αὐτὸν	-	-	-	p-s---ma-	-	αὐτός
0540	023	9	-	20	-	εἰς	-	-	-	r--------	-	εἰς
0540	023	9	-	21	-	ἐλευθερίαν	-	-	-	n-s---fa-	-	ἐλευθερία
0540	023	9	-	22	-	·	-	-	-	u--------	-	punc1
0540	023	10	-	1	-	ἐπὶ	-	-	-	r--------	-	ἐπί
0540	023	10	-	2	-	τούτοις	-	-	-	p-p---nd-	-	οὗτος
0540	023	10	-	3	-	ἐγγυησάμενοι	-	-	-	v-papmmn-	-	ἐγγυάω
0540	023	10	-	4	-	παρέξειν	-	-	-	v--fna---	-	παρέχω
0540	023	10	-	5	-	εἰς	-	-	-	r--------	-	εἰς
0540	023	10	-	6	-	αὔριον	-	-	-	d--------	-	αὔριον
0540	023	10	-	7	-	ᾤχοντο	-	-	-	v3piie---	-	οἴχομαι
0540	023	10	-	8	-	ἀπιόντες	-	-	-	v-pppamn-	-	ἄπειμι1
0540	023	10	-	9	-	.	-	-	-	u--------	-	punc1
0540	023	10	-	1	-	τῇ	-	-	-	l-s---fd-	-	ὁ
0540	023	10	-	2	-	δʼ	-	-	-	d--------	-	δέ
0540	023	10	-	3	-	ὑστεραίᾳ	-	-	-	a-s---fd-	-	ὑστεραῖος
0540	023	10	-	4	-	τῆς	-	-	-	l-s---fg-	-	ὁ
0540	023	10	-	5	-	τε	-	-	-	d--------	-	τε
0540	023	10	-	6	-	ἀντιγραφῆς	-	-	-	n-s---fg-	-	ἀντιγραφή
0540	023	10	-	7	-	ἕνεκα	-	-	-	r--------	-	ἕνεκα
0540	023	10	-	8	-	ταυτησὶ	-	-	-	a-s---fg_	-	οὗτος
0540	023	10	-	9	-	καὶ	-	-	-	c--------	-	καί
0540	023	10	-	10	-	αὐτῆς	-	-	-	a-s---fg_	-	αὐτός
0540	023	10	-	11	-	τῆς	-	-	-	l-s---fg-	-	ὁ
0540	023	10	-	12	-	δίκης	-	-	-	n-s---fg-	-	δίκη
0540	023	10	-	13	-	ἔδοξέ	-	-	-	v3saia---	-	δοκέω
0540	023	10	-	14	-	μοι	-	-	-	p1s---md-	-	ἐγώ
0540	023	10	-	15	-	χρῆναι	-	-	-	v--pna---	-	χρή
0540	023	10	-	16	-	μάρτυρας	-	-	-	n-p---ma-	-	μάρτυς
0540	023	10	-	17	-	λαβόντι	-	-	-	v-sapamd-	-	λαμβάνω
0540	023	10	-	18	-	παραγενέσθαι	-	-	-	v--anm---	-	παραγίγνομαι
0540	023	10	-	19	-	,	-	-	-	u--------	-	punc1
0540	023	10	-	20	-	ἵνʼ	-	-	-	c--------	-	ἵνα
0540	023	10	-	21	-	εἰδείην	-	-	-	v1sroa---	-	οἶδα
0540	023	10	-	22	-	τόν	-	-	-	p-s---ma-	-	ὅς
0540	023	10	-	23	-	τʼ	-	-	-	d--------	-	τε
0540	023	10	-	24	-	ἐξαιρησόμενον	-	-	-	v-sfpmma-	-	ἐξαιρέω
0540	023	10	-	25	-	αὐτὸν	-	-	-	p-s---ma-	-	αὐτός
0540	023	10	-	26	-	καὶ	-	-	-	c--------	-	καί
0540	023	10	-	27	-	ὅ	-	-	-	p-s---na-	-	ὅς
0540	023	10	-	28	-	τι	-	-	-	a-s---na_	-	τις
0540	023	10	-	29	-	λέγων	-	-	-	v-sppamn-	-	λέγω3
0540	023	10	-	30	-	ἀφαιρήσοιτο	-	-	-	v3sfom---	-	ἀφαιρέω
0540	023	10	-	31	-	.	-	-	-	u--------	-	punc1
0540	023	10	-	1	-	ἐφʼ	-	-	-	r--------	-	ἐπί
0540	023	10	-	2	-	οἷς	-	-	-	p-p---nd-	-	ὅς
0540	023	10	-	3	-	μὲν	-	-	-	d--------	-	μέν
0540	023	10	-	4	-	οὖν	-	-	-	d--------	-	οὖν
0540	023	10	-	5	-	ἐξηγγυήθη	-	-	-	v3saip---	-	ἐξεγγυάω
0540	023	10	-	6	-	,	-	-	-	u--------	-	punc1
0540	023	10	-	7	-	οὔ	-	-	-	d--------	-	οὐ
0540	023	10	-	8	-	-τε	-	-	-	d--------	-	τε
0540	023	10	-	9	-	ἀδελφὸς	-	-	-	n-s---mn-	-	ἀδελφός
0540	023	10	-	10	-	οὔ	-	-	-	d--------	-	οὐ
0540	023	10	-	11	-	-τε	-	-	-	c--------	-	τε
0540	023	10	-	12	-	ἄλλος	-	-	-	a-s---mn_	-	ἄλλος
0540	023	10	-	13	-	οὐδεὶς	-	-	-	p-s---mn-	-	οὐδείς
0540	023	10	-	14	-	ἦλθε	-	-	-	v3saia---	-	ἔρχομαι
0540	023	10	-	15	-	,	-	-	-	u--------	-	punc1
0540	023	10	-	16	-	γυνὴ	-	-	-	n-s---fn-	-	γυνή
0540	023	10	-	17	-	δὲ	-	-	-	c--------	-	δέ
0540	023	10	-	18	-	φάσκουσα	-	-	-	v-sppafn-	-	φάσκω
0540	023	10	-	19	-	αὑτῆς	-	-	-	p-s---fg-	-	ἑαυτοῦ
0540	023	10	-	20	-	αὐτὸν	-	-	-	p-s---ma-	-	αὐτός
0540	023	10	-	21	-	εἶναι	-	-	-	v--pna---	-	εἰμί
0540	023	10	-	22	-	δοῦλον	-	-	-	n-s---ma-	-	δοῦλος
0540	023	10	-	23	-	,	-	-	-	u--------	-	punc1
0540	023	10	-	24	-	ἀμφισβητοῦσα	-	-	-	v-sppafn-	-	ἀμφισβητέω
0540	023	10	-	25	-	τῷ	-	-	-	l-s---md-	-	ὁ
0540	023	10	-	26	-	Νικομήδει	-	-	-	n-s---md-	-	Νικομήδης
0540	023	10	-	27	-	,	-	-	-	u--------	-	punc1
0540	023	10	-	28	-	καὶ	-	-	-	c--------	-	καί
0540	023	10	-	29	-	οὐκ	-	-	-	d--------	-	οὐ
0540	023	10	-	30	-	ἔφη	-	-	-	v3siia---	-	φημί
0540	023	10	-	31	-	ἐάσειν	-	-	-	v--fna---	-	ἐάω
0540	023	10	-	32	-	αὐτὸν	-	-	-	p-s---ma-	-	αὐτός
0540	023	10	-	33	-	ἄγειν	-	-	-	v--pna---	-	ἄγω
0540	023	10	-	34	-	.	-	-	-	u--------	-	punc1
0540	023	11	-	1	-	ὅσα	-	-	-	a-p---nn-	-	ὅσος
0540	023	11	-	2	-	μὲν	-	-	-	d--------	-	μέν
0540	023	11	-	3	-	οὖν	-	-	-	d--------	-	οὖν
0540	023	11	-	4	-	αὐτόθι	-	-	-	d--------	-	αὐτόθι
0540	023	11	-	5	-	ἐρρήθη	-	-	-	v3saip---	-	ἐρῶ
0540	023	11	-	6	-	,	-	-	-	u--------	-	punc1
0540	023	11	-	7	-	πολὺς	-	-	-	a-s---mn-	-	πολύς
0540	023	11	-	8	-	ἂν	-	-	-	d--------	-	ἄν1
0540	023	11	-	9	-	εἴη	-	-	-	v3spoa---	-	εἰμί
0540	023	11	-	10	-	μοι	-	-	-	p1s---md-	-	ἐγώ
0540	023	11	-	11	-	λόγος	-	-	-	n-s---mn-	-	λόγος
0540	023	11	-	12	-	διηγεῖσθαι	-	-	-	v--pne---	-	διηγέομαι
0540	023	11	-	13	-	·	-	-	-	u--------	-	punc1
0540	023	11	-	1	-	εἰς	-	-	-	r--------	-	εἰς
0540	023	11	-	2	-	τοῦτο	-	-	-	p-s---na-	-	οὗτος
0540	023	11	-	3	-	δὲ	-	-	-	d--------	-	δέ
0540	023	11	-	4	-	βιαιότητος	-	-	-	n-s---fg-	-	βιαιότης
0540	023	11	-	5	-	ἦλθον	-	-	-	v3paia---	-	ἔρχομαι
0540	023	11	-	6	-	οἵ	-	-	-	l-p---mn-	-	ὁ
0540	023	11	-	7	-	τε	-	-	-	d--------	-	τε
0540	023	11	-	8	-	παρόντες	-	-	-	v-pppamn-	-	πάρειμι1
0540	023	11	-	9	-	τούτῳ	-	-	-	p-s---nd-	-	οὗτος
0540	023	11	-	10	-	καὶ	-	-	-	c--------	-	καί
0540	023	11	-	11	-	αὐτὸς	-	-	-	a-s---mn_	-	αὐτός
0540	023	11	-	12	-	οὗτος	-	-	-	p-s---mn-	-	οὗτος
0540	023	11	-	13	-	,	-	-	-	u--------	-	punc1
0540	023	11	-	14	-	ὥστε	-	-	-	c--------	-	ὥστε
0540	023	11	-	15	-	ἐθέλοντος	-	-	-	v-sppamg-	-	ἐθέλω
0540	023	11	-	16	-	μὲν	-	-	-	d--------	-	μέν
0540	023	11	-	17	-	τοῦ	-	-	-	l-s---mg-	-	ὁ
0540	023	11	-	18	-	Νικομήδους	-	-	-	n-s---mg-	-	Νικομήδης
0540	023	11	-	19	-	ἐθελούσης	-	-	-	v-sppafg-	-	ἐθέλω
0540	023	11	-	20	-	δὲ	-	-	-	c--------	-	δέ
0540	023	11	-	21	-	τῆς	-	-	-	l-s---fg-	-	ὁ
0540	023	11	-	22	-	γυναικὸς	-	-	-	n-s---fg-	-	γυνή
0540	023	11	-	23	-	ἀφιέναι	-	-	-	v--pna---	-	ἀφίημι
0540	023	11	-	24	-	,	-	-	-	u--------	-	punc1
0540	023	11	-	25	-	εἴ	-	-	-	c--------	-	εἰ
0540	023	11	-	26	-	τις	-	-	-	p-s---mn-	-	τις
0540	023	11	-	27	-	ἢ	-	-	-	d--------	-	ἤ1
0540	023	11	-	28	-	εἰς	-	-	-	r--------	-	εἰς
0540	023	11	-	29	-	ἐλευθερίαν	-	-	-	n-s---fa-	-	ἐλευθερία
0540	023	11	-	30	-	τοῦτον	-	-	-	p-s---ma-	-	οὗτος
0540	023	11	-	31	-	ἀφαιροῖτο	-	-	-	v3spoe---	-	ἀφαιρέω
0540	023	11	-	32	-	ἢ	-	-	-	c--------	-	ἤ1
0540	023	11	-	33	-	ἄγοι	-	-	-	v3spoa---	-	ἄγω
0540	023	11	-	34	-	φάσκων	-	-	-	v-sppamn-	-	φάσκω
0540	023	11	-	35	-	ἑαυτοῦ	-	-	-	p-s---mg-	-	ἑαυτοῦ
0540	023	11	-	36	-	δοῦλον	-	-	-	n-s---ma-	-	δοῦλος
0540	023	11	-	37	-	εἶναι	-	-	-	v--pna---	-	εἰμί
0540	023	11	-	38	-	,	-	-	-	u--------	-	punc1
0540	023	11	-	39	-	τούτων	-	-	-	p-p---ng-	-	οὗτος
0540	023	11	-	40	-	οὐδὲν	-	-	-	p-s---na-	-	οὐδείς
0540	023	11	-	41	-	ποιήσαντες	-	-	-	v-papamn-	-	ποιέω
0540	023	11	-	42	-	ἀφελόμενοι	-	-	-	v-papmmn-	-	ἀφαιρέω
0540	023	11	-	43	-	ᾤχοντο	-	-	-	v3piie---	-	οἴχομαι
0540	023	11	-	44	-	.	-	-	-	u--------	-	punc1
0540	023	11	-	1	-	ὡς	-	-	-	c--------	-	ὡς
0540	023	11	-	2	-	οὖν	-	-	-	d--------	-	οὖν
0540	023	11	-	3	-	τῇ	-	-	-	l-s---fd-	-	ὁ
0540	023	11	-	4	-	τε	-	-	-	d--------	-	τε
0540	023	11	-	5	-	προτεραίᾳ	-	-	-	a-s---fd-	-	προτεραῖος
0540	023	11	-	6	-	ἐπὶ	-	-	-	r--------	-	ἐπί
0540	023	11	-	7	-	τούτοις	-	-	-	p-p---md-	-	οὗτος
0540	023	11	-	8	-	ἐξηγγυήθη	-	-	-	v3saip---	-	ἐξεγγυάω
0540	023	11	-	9	-	καὶ	-	-	-	c--------	-	καί
0540	023	11	-	10	-	τότε	-	-	-	d--------	-	τότε
0540	023	11	-	11	-	βίᾳ	-	-	-	n-s---fd-	-	βία
0540	023	11	-	12	-	ᾤχοντο	-	-	-	v3piie---	-	οἴχομαι
0540	023	11	-	13	-	ἀφελόμενοι	-	-	-	v-papmmn-	-	ἀφαιρέω
0540	023	11	-	14	-	αὐτόν	-	-	-	p-s---ma-	-	αὐτός
0540	023	11	-	15	-	,	-	-	-	u--------	-	punc1
0540	023	11	-	16	-	μάρτυρας	-	-	-	n-p---ma-	-	μάρτυς
0540	023	11	-	17	-	παρέξομαι	-	-	-	v1sfim---	-	παρέχω
0540	023	11	-	18	-	ὑμῖν	-	-	-	p-p---md-	-	σύ
0540	023	11	-	19	-	.	-	-	-	u--------	-	punc1
0540	023	11	-	1	-	καί	-	-	-	d-------_	-	καί
0540	023	11	-	2	-	μοι	-	-	-	p1s---md-	-	ἐγώ
0540	023	11	-	3	-	ἐπίλαβε	-	-	-	v2sama---	-	ἐπιλαμβάνω
0540	023	11	-	4	-	τὸ	-	-	-	l-s---na-	-	ὁ
0540	023	11	-	5	-	ὕδωρ	-	-	-	n-s---na-	-	ὕδωρ
0540	023	11	-	6	-	.	-	-	-	u--------	-	punc1
0540	023	11	-	1	-	Μάρτυρες	-	-	-	n-p---mn-	-	μάρτυς
0540	023	12	-	1	-	ῥᾴδιον	-	-	-	a-s---nn-	-	ῥᾴδιος
0540	023	12	-	2	-	τοίνυν	-	-	-	d--------	-	τοίνυν
0540	023	12	-	3	-	εἰδέναι	-	-	-	v--rna---	-	οἶδα
0540	023	12	-	4	-	ὅτι	-	-	-	c--------	-	ὅτι2
0540	023	12	-	5	-	οὐδʼ	-	-	-	d-------_	-	οὐδέ
0540	023	12	-	6	-	αὐτὸς	-	-	-	a-s---mn_	-	αὐτός
0540	023	12	-	7	-	Παγκλέων	-	-	-	n-s---mn-	-	Παγκλέων
0540	023	12	-	8	-	νομίζει	-	-	-	v3spia---	-	νομίζω
0540	023	12	-	9	-	ἑαυτὸν	-	-	-	p-s---ma-	-	ἑαυτοῦ
0540	023	12	-	10	-	μὴ	-	-	-	d--------	-	μή
0540	023	12	-	11	-	ὅτι	-	-	-	c--------	-	ὅτι2
0540	023	12	-	12	-	Πλαταιέα	-	-	-	n-s---ma-	-	Πλαταιεύς
0540	023	12	-	13	-	εἶναι	-	-	-	v--pna---	-	εἰμί
0540	023	12	-	14	-	,	-	-	-	u--------	-	punc1
0540	023	12	-	15	-	ἀλλʼ	-	-	-	c--------	-	ἀλλά
0540	023	12	-	16	-	οὐδʼ	-	-	-	d-------_	-	οὐδέ
0540	023	12	-	17	-	ἐλεύθερον	-	-	-	a-s---ma-	-	ἐλεύθερος
0540	023	12	-	18	-	.	-	-	-	u--------	-	punc1
0540	023	12	-	19	-	ἐστιν	-	-	-	v3spia---	-	εἰμί
0540	023	12	-	1	-	ὅστις	-	-	-	p-s---mn-	-	ὅστις
0540	023	12	-	2	-	γὰρ	-	-	-	d--------	-	γάρ
0540	023	12	-	3	-	ἐβουλήθη	-	-	-	v3saip---	-	βούλομαι
0540	023	12	-	4	-	βίᾳ	-	-	-	n-s---fd-	-	βία
0540	023	12	-	5	-	ἀφαιρεθεὶς	-	-	-	v-sappmn-	-	ἀφαιρέω
0540	023	12	-	6	-	ἐνόχους	-	-	-	a-p---ma-	-	ἔνοχος
0540	023	12	-	7	-	καταστῆσαι	-	-	-	v--ana---	-	καθίστημι
0540	023	12	-	8	-	τοὺς	-	-	-	l-p---ma-	-	ὁ
0540	023	12	-	9	-	ἑαυτοῦ	-	-	-	p-s---mg-	-	ἑαυτοῦ
0540	023	12	-	10	-	ἐπιτηδείους	-	-	-	a-p---ma-	-	ἐπιτήδειος
0540	023	12	-	11	-	τοῖς	-	-	-	l-p---nd-	-	ὁ
0540	023	12	-	12	-	βιαίοις	-	-	-	a-p---nd-	-	βίαιος
0540	023	12	-	13	-	μᾶλλον	-	-	-	d--------	-	μᾶλλον
0540	023	12	-	14	-	ἢ	-	-	-	c--------	-	ἤ1
0540	023	12	-	15	-	κατὰ	-	-	-	r--------	-	κατά
0540	023	12	-	16	-	τοὺς	-	-	-	l-p---ma-	-	ὁ
0540	023	12	-	17	-	νόμους	-	-	-	n-p---ma-	-	νόμος
0540	023	12	-	18	-	εἰς	-	-	-	r--------	-	εἰς
0540	023	12	-	19	-	τὴν	-	-	-	l-s---fa-	-	ὁ
0540	023	12	-	20	-	ἐλευθερίαν	-	-	-	n-s---fa-	-	ἐλευθερία
0540	023	12	-	21	-	ἐξαιρεθεὶς	-	-	-	v-sappmn-	-	ἐξαιρέω
0540	023	12	-	22	-	δίκην	-	-	-	n-s---fa-	-	δίκη
0540	023	12	-	23	-	λαβεῖν	-	-	-	v--ana---	-	λαμβάνω
0540	023	12	-	24	-	παρὰ	-	-	-	r--------	-	παρά
0540	023	12	-	25	-	τῶν	-	-	-	l-p---mg-	-	ὁ
0540	023	12	-	26	-	ἀγόντων	-	-	-	v-pppamg-	-	ἄγω
0540	023	12	-	27	-	αὐτόν	-	-	-	p-s---ma-	-	αὐτός
0540	023	12	-	28	-	,	-	-	-	u--------	-	punc1
0540	023	12	-	29	-	οὐδενὶ	-	-	-	p-s---md-	-	οὐδείς
0540	023	12	-	30	-	χαλεπὸν	-	-	-	a-s---nn-	-	χαλεπός
0540	023	12	-	31	-	γνῶναι	-	-	-	v--ana---	-	γιγνώσκω
0540	023	12	-	32	-	ὅτι	-	-	-	c--------	-	ὅτι2
0540	023	12	-	33	-	εὖ	-	-	-	d--------	-	εὖ
0540	023	12	-	34	-	εἰδὼς	-	-	-	v-srpamn-	-	οἶδα
0540	023	12	-	35	-	ἑαυτὸν	-	-	-	p-s---ma-	-	ἑαυτοῦ
0540	023	12	-	36	-	ὄντα	-	-	-	v-sppama-	-	εἰμί
0540	023	12	-	37	-	δοῦλον	-	-	-	n-s---ma-	-	δοῦλος
0540	023	12	-	38	-	ἔδεισεν	-	-	-	v3saia---	-	δείδω
0540	023	12	-	39	-	ἐγγυητὰς	-	-	-	n-p---ma-	-	ἐγγυητής
0540	023	12	-	40	-	καταστήσας	-	-	-	v-sapamn-	-	καθίστημι
0540	023	12	-	41	-	περὶ	-	-	-	r--------	-	περί
0540	023	12	-	42	-	τοῦ	-	-	-	l-s---ng-	-	ὁ
0540	023	12	-	43	-	σώματος	-	-	-	n-s---ng-	-	σῶμα
0540	023	12	-	44	-	ἀγωνίσασθαι	-	-	-	v--ane---	-	ἀγωνίζομαι
0540	023	12	-	45	-	.	-	-	-	u--------	-	punc1
0540	023	12	-	46	-	ἐστιν	-	-	-	v3spia---	-	εἰμί
0540	023	13	-	1	-	ὅτι	-	-	-	c--------	-	ὅτι2
0540	023	13	-	2	-	μὲν	-	-	-	d--------	-	μέν
0540	023	13	-	3	-	οὖν	-	-	-	d--------	-	οὖν
0540	023	13	-	4	-	Πλαταιεὺς	-	-	-	n-s---mn-	-	Πλαταιεύς
0540	023	13	-	5	-	εἶναι	-	-	-	v--pna---	-	εἰμί
0540	023	13	-	6	-	πολλοῦ	-	-	-	a-s---ng-	-	πολύς
0540	023	13	-	7	-	δεῖ	-	-	-	v3spia---	-	δέω2
0540	023	13	-	8	-	,	-	-	-	u--------	-	punc1
0540	023	13	-	9	-	οἶμαι	-	-	-	v1spie---	-	οἴομαι
0540	023	13	-	10	-	ὑμᾶς	-	-	-	p-p---ma-	-	σύ
0540	023	13	-	11	-	ἐκ	-	-	-	r--------	-	ἐκ
0540	023	13	-	12	-	τούτων	-	-	-	p-p---ng-	-	οὗτος
0540	023	13	-	13	-	σχεδόν	-	-	-	d--------	-	σχεδόν
0540	023	13	-	14	-	τι	-	-	-	p-s---na-	-	τις
0540	023	13	-	15	-	γιγνώσκειν	-	-	-	v--pna---	-	γιγνώσκω
0540	023	13	-	16	-	·	-	-	-	u--------	-	punc1
0540	023	13	-	1	-	ὅτι	-	-	-	c--------	-	ὅτι2
0540	023	13	-	2	-	δὲ	-	-	-	d--------	-	δέ
0540	023	13	-	3	-	οὐδʼ	-	-	-	d-------_	-	οὐδέ
0540	023	13	-	4	-	αὐτὸς	-	-	-	a-s---mn_	-	αὐτός
0540	023	13	-	5	-	οὗτος	-	-	-	p-s---mn-	-	οὗτος
0540	023	13	-	6	-	,	-	-	-	u--------	-	punc1
0540	023	13	-	7	-	ὃς	-	-	-	p-s---mn-	-	ὅς
0540	023	13	-	8	-	ἄριστα	-	-	-	a-p---na-	-	ἄριστος
0540	023	13	-	9	-	οἶδε	-	-	-	v3sria---	-	οἶδα
0540	023	13	-	10	-	τὰ	-	-	-	l-p---na-	-	ὁ
0540	023	13	-	11	-	αὑτοῦ	-	-	-	p-s---mg-	-	ἑαυτοῦ
0540	023	13	-	12	-	,	-	-	-	u--------	-	punc1
0540	023	13	-	13	-	ἡγήσατο	-	-	-	v3saim---	-	ἡγέομαι
0540	023	13	-	14	-	δόξαι	-	-	-	v--ana---	-	δοκέω
0540	023	13	-	15	-	ἂν	-	-	-	d--------	-	ἄν1
0540	023	13	-	16	-	ὑμῖν	-	-	-	p-p---md-	-	σύ
0540	023	13	-	17	-	Πλαταιεὺς	-	-	-	n-s---mn-	-	Πλαταιεύς
0540	023	13	-	18	-	εἶναι	-	-	-	v--pna---	-	εἰμί
0540	023	13	-	19	-	,	-	-	-	u--------	-	punc1
0540	023	13	-	20	-	ἐξ	-	-	-	r--------	-	ἐκ
0540	023	13	-	21	-	ὧν	-	-	-	p-p---ng-	-	ὅς
0540	023	13	-	22	-	ἔραξε	-	-	-	v3saia---	-	ἀράσσω
0540	023	13	-	23	-	ῥαδίως	-	-	-	d--------	-	ῥᾴδιος
0540	023	13	-	24	-	μαθήσεσθε	-	-	-	v2pfim---	-	μανθάνω
0540	023	13	-	25	-	.	-	-	-	u--------	-	punc1
0540	023	13	-	1	-	ἐν	-	-	-	r--------	-	ἐν
0540	023	13	-	2	-	τῇ	-	-	-	l-s---fd-	-	ὁ
0540	023	13	-	3	-	ἀντωμοσίᾳ	-	-	-	n-s---fd-	-	ἀντωμοσία
0540	023	13	-	4	-	γὰρ	-	-	-	d--------	-	γάρ
0540	023	13	-	5	-	τῆς	-	-	-	l-s---fg-	-	ὁ
0540	023	13	-	6	-	δίκης	-	-	-	n-s---fg-	-	δίκη
0540	023	13	-	7	-	ἣν	-	-	-	p-s---fa-	-	ὅς
0540	023	13	-	8	-	αὐτῷ	-	-	-	p-s---md-	-	αὐτός
0540	023	13	-	9	-	ἔλαχεν	-	-	-	v3saia---	-	λαγχάνω
0540	023	13	-	10	-	Ἀριστόδικος	-	-	-	n-s---mn-	-	Ἀριστόδικος
0540	023	13	-	11	-	οὑτοσί	-	-	-	a-s---mn_	-	οὗτος
0540	023	13	-	12	-	,	-	-	-	u--------	-	punc1
0540	023	13	-	13	-	ἀμφισβητῶν	-	-	-	v-sppamn-	-	ἀμφισβητέω
0540	023	13	-	14	-	μὴ	-	-	-	d--------	-	μή
0540	023	13	-	15	-	πρὸς	-	-	-	r--------	-	πρός
0540	023	13	-	16	-	τὸν	-	-	-	l-s---ma-	-	ὁ
0540	023	13	-	17	-	πολέμαρχον	-	-	-	n-s---ma-	-	πολέμαρχος
0540	023	13	-	18	-	εἶναί	-	-	-	v--pna---	-	εἰμί
0540	023	13	-	19	-	οἱ	-	-	-	p-s---md-	-	ἕ
0540	023	13	-	20	-	τὰς	-	-	-	l-p---fa-	-	ὁ
0540	023	13	-	21	-	δίκας	-	-	-	n-p---fa-	-	δίκη
0540	023	13	-	22	-	διεμαρτυρήθη	-	-	-	v3saip---	-	διαμαρτυρέω
0540	023	13	-	23	-	μὴ	-	-	-	d--------	-	μή
0540	023	13	-	24	-	Πλαταιεὺς	-	-	-	n-s---mn-	-	Πλαταιεύς
0540	023	13	-	25	-	εἶναι	-	-	-	v--pna---	-	εἰμί
0540	023	13	-	26	-	.	-	-	-	u--------	-	punc1
0540	023	14	-	1	-	ἐπισκηψάμενος	-	-	-	v-sapmmn-	-	ἐπισκήπτω
0540	023	14	-	2	-	δὲ	-	-	-	d--------	-	δέ
0540	023	14	-	3	-	τῷ	-	-	-	l-s---md-	-	ὁ
0540	023	14	-	4	-	μάρτυρι	-	-	-	n-s---md-	-	μάρτυς
0540	023	14	-	5	-	οὐκ	-	-	-	d--------	-	οὐ
0540	023	14	-	6	-	ἐπεξῆλθεν	-	-	-	v3saia---	-	ἐπεξέρχομαι
0540	023	14	-	7	-	,	-	-	-	u--------	-	punc1
0540	023	14	-	8	-	ἀλλʼ	-	-	-	c--------	-	ἀλλά
0540	023	14	-	9	-	εἴασε	-	-	-	v3saia---	-	ἐάω
0540	023	14	-	10	-	καταδικάσασθαι	-	-	-	v--anm---	-	καταδικάζω
0540	023	14	-	11	-	αὐτοῦ	-	-	-	p-s---mg-	-	αὐτός
0540	023	14	-	12	-	τὸν	-	-	-	l-s---ma-	-	ὁ
0540	023	14	-	13	-	Ἀριστόδικον	-	-	-	n-s---ma-	-	Ἀριστόδικος
0540	023	14	-	14	-	.	-	-	-	u--------	-	punc1
0540	023	14	-	1	-	ἐπεὶ	-	-	-	c--------	-	ἐπεί
0540	023	14	-	2	-	δὲ	-	-	-	d--------	-	δέ
0540	023	14	-	3	-	ὑπερήμερος	-	-	-	a-s---mn-	-	ὑπερήμερος
0540	023	14	-	4	-	ἐγένετο	-	-	-	v3saim---	-	γίγνομαι
0540	023	14	-	5	-	,	-	-	-	u--------	-	punc1
0540	023	14	-	6	-	ἐξέτισε	-	-	-	v3saia---	-	ἐκτίνω
0540	023	14	-	7	-	τὴν	-	-	-	l-s---fa-	-	ὁ
0540	023	14	-	8	-	δίκην	-	-	-	n-s---fa-	-	δίκη
0540	023	14	-	9	-	,	-	-	-	u--------	-	punc1
0540	023	14	-	10	-	καθʼ	-	-	-	r--------	-	κατά
0540	023	14	-	11	-	ὅτι	-	-	-	p-s---na-	-	ὅστις
0540	023	14	-	12	-	ἔπειθε	-	-	-	v3siia---	-	πείθω
0540	023	14	-	13	-	.	-	-	-	u--------	-	punc1
0540	023	14	-	1	-	καὶ	-	-	-	d--------	-	καί
0540	023	14	-	2	-	τούτων	-	-	-	p-p---ng-	-	οὗτος
0540	023	14	-	3	-	,	-	-	-	u--------	-	punc1
0540	023	14	-	4	-	ὡς	-	-	-	c--------	-	ὡς
0540	023	14	-	5	-	ἀληθῆ	-	-	-	a-p---nn-	-	ἀληθής
0540	023	14	-	6	-	ἐστι	-	-	-	v3spia---	-	εἰμί
0540	023	14	-	7	-	,	-	-	-	u--------	-	punc1
0540	023	14	-	8	-	μάρτυρας	-	-	-	n-p---ma-	-	μάρτυς
0540	023	14	-	9	-	ἐγὼ	-	-	-	p1s---mn-	-	ἐγώ
0540	023	14	-	10	-	παρέξομαι	-	-	-	v1sfim---	-	παρέχω
0540	023	14	-	11	-	ὑμῖν	-	-	-	p-p---md-	-	σύ
0540	023	14	-	12	-	.	-	-	-	u--------	-	punc1
0540	023	14	-	1	-	καί	-	-	-	d-------_	-	καί
0540	023	14	-	2	-	μοι	-	-	-	p1s---md-	-	ἐγώ
0540	023	14	-	3	-	ἐπίλαβε	-	-	-	v2sama---	-	ἐπιλαμβάνω
0540	023	14	-	4	-	τὸ	-	-	-	l-s---na-	-	ὁ
0540	023	14	-	5	-	ὕδωρ	-	-	-	n-s---na-	-	ὕδωρ
0540	023	14	-	6	-	.	-	-	-	u--------	-	punc1
0540	023	14	-	1	-	Μάρτυρες	-	-	-	n-p---mn-	-	μάρτυς
0540	023	15	-	1	-	πρὶν	-	-	-	c--------	-	πρίν
0540	023	15	-	2	-	τοίνυν	-	-	-	d--------	-	τοίνυν
0540	023	15	-	3	-	ταῦτα	-	-	-	p-p---na-	-	οὗτος
0540	023	15	-	4	-	ὁμολογηθῆναι	-	-	-	v--anp---	-	ὁμολογέω
0540	023	15	-	5	-	αὐτῶ	-	-	-	p-s---mg-	-	αὐτός
0540	023	15	-	6	-	,	-	-	-	u--------	-	punc1
0540	023	15	-	7	-	δεδιὼς	-	-	-	v-srpamn-	-	δείδω
0540	023	15	-	8	-	τὸν	-	-	-	l-s---ma-	-	ὁ
0540	023	15	-	9	-	Ἀριστόδικον	-	-	-	n-s---ma-	-	Ἀριστόδικος
0540	023	15	-	10	-	μεταστὰς	-	-	-	v-sapamn-	-	μεθίστημι
0540	023	15	-	11	-	ἐντεῦθεν	-	-	-	d--------	-	ἐντεῦθεν
0540	023	15	-	12	-	Θήβησι	-	-	-	d--------	-	Θήβησιν
0540	023	15	-	13	-	μετῴκει	-	-	-	v3siia---	-	μετοικέω
0540	023	15	-	14	-	.	-	-	-	u--------	-	punc1
0540	023	15	-	1	-	καίτοι	-	-	-	d--------	-	καίτοι
0540	023	15	-	2	-	οἶμαι	-	-	-	v1spie---	-	οἴομαι
0540	023	15	-	3	-	εἰδέναι	-	-	-	v--rna---	-	οἶδα
0540	023	15	-	4	-	ὑμᾶς	-	-	-	p-p---ma-	-	σύ
0540	023	15	-	5	-	ὅτι	-	-	-	c--------	-	ὅτι2
0540	023	15	-	6	-	εἴπερ	-	-	-	c--------	-	εἴπερ
0540	023	15	-	7	-	ἦν	-	-	-	v3siia---	-	εἰμί
0540	023	15	-	8	-	Πλαταιεύς	-	-	-	n-s---mn-	-	Πλαταιεύς
0540	023	15	-	9	-	,	-	-	-	u--------	-	punc1
0540	023	15	-	10	-	πανταχοῦ	-	-	-	d--------	-	πανταχοῦ
0540	023	15	-	11	-	μᾶλλον	-	-	-	d--------	-	μᾶλλον
0540	023	15	-	12	-	ἢ	-	-	-	c--------	-	ἤ1
0540	023	15	-	13	-	Θήβησιν	-	-	-	d--------	-	Θήβησιν
0540	023	15	-	14	-	εἰκὸς	-	-	-	v-srpann-	-	εἰκός
0540	023	15	-	15	-	ἦν	-	-	-	v3siia---	-	εἰμί
0540	023	15	-	16	-	αὐτὸν	-	-	-	p-s---ma-	-	αὐτός
0540	023	15	-	17	-	μετοικῆσαι	-	-	-	v--ana---	-	μετοικέω
0540	023	15	-	18	-	.	-	-	-	u--------	-	punc1
0540	023	15	-	19	-	[0]	-	-	-	None	-	None
0540	023	15	-	1	-	ὡς	-	-	-	c--------	-	ὡς
0540	023	15	-	2	-	οὖν	-	-	-	d--------	-	οὖν
0540	023	15	-	3	-	ᾤκει	-	-	-	v3siia---	-	οἰκέω
0540	023	15	-	4	-	ἐκεῖ	-	-	-	d--------	-	ἐκεῖ
0540	023	15	-	5	-	πολὺν	-	-	-	a-s---ma-	-	πολύς
0540	023	15	-	6	-	χρόνον	-	-	-	n-s---ma-	-	χρόνος
0540	023	15	-	7	-	,	-	-	-	u--------	-	punc1
0540	023	15	-	8	-	τούτων	-	-	-	p-p---ng-	-	οὗτος
0540	023	15	-	9	-	ὑμῖν	-	-	-	p-p---md-	-	σύ
0540	023	15	-	10	-	μάρτυρας	-	-	-	n-p---ma-	-	μάρτυς
0540	023	15	-	11	-	παρέξομαι	-	-	-	v1sfim---	-	παρέχω
0540	023	15	-	12	-	.	-	-	-	u--------	-	punc1
0540	023	15	-	1	-	καί	-	-	-	d-------_	-	καί
0540	023	15	-	2	-	μοι	-	-	-	p1s---md-	-	ἐγώ
0540	023	15	-	3	-	ἐπίλαβε	-	-	-	v2sama---	-	ἐπιλαμβάνω
0540	023	15	-	4	-	τὸ	-	-	-	l-s---na-	-	ὁ
0540	023	15	-	5	-	ὕδωρ	-	-	-	n-s---na-	-	ὕδωρ
0540	023	15	-	6	-	.	-	-	-	u--------	-	punc1
0540	023	15	-	1	-	Μάρτυρες	-	-	-	n-p---mn-	-	μάρτυς
0540	023	16	-	1	-	ἐξαρκεῖν	-	-	-	v--pna---	-	ἐξαρκέω
0540	023	16	-	2	-	μοι	-	-	-	p1s---md-	-	ἐγώ
0540	023	16	-	3	-	νομίζω	-	-	-	v1spia---	-	νομίζω
0540	023	16	-	4	-	τὰ	-	-	-	l-p---na-	-	ὁ
0540	023	16	-	5	-	εἰρημένα	-	-	-	v-prpena-	-	ἐρῶ
0540	023	16	-	6	-	,	-	-	-	u--------	-	punc1
0540	023	16	-	7	-	ὦ	-	-	-	i--------	-	ὦ
0540	023	16	-	8	-	ἄνδρες	-	-	-	n-p---mv-	-	ἀνήρ
0540	023	16	-	9	-	δικασταί	-	-	-	n-p---mv-	-	δικαστής
0540	023	16	-	10	-	·	-	-	-	u--------	-	punc1
0540	023	16	-	1	-	ἐὰν	-	-	-	c--------	-	ἐάν
0540	023	16	-	2	-	γὰρ	-	-	-	d--------	-	γάρ
0540	023	16	-	3	-	διαμνημονεύητε	-	-	-	v2ppsa---	-	διαμνημονεύω
0540	023	16	-	4	-	,	-	-	-	u--------	-	punc1
0540	023	16	-	5	-	οἶδʼ	-	-	-	v1spia---	-	οἶδα
0540	023	16	-	6	-	ὅτι	-	-	-	c--------	-	ὅτι2
0540	023	16	-	7	-	τά	-	-	-	l-p---na-	-	ὁ
0540	023	16	-	8	-	τε	-	-	-	d--------	-	τε
0540	023	16	-	9	-	δίκαια	-	-	-	a-p---na-	-	δίκαιος
0540	023	16	-	10	-	καὶ	-	-	-	c--------	-	καί
0540	023	16	-	11	-	τ-	-	-	-	l-p---na-	-	ὁ
0540	023	16	-	12	-	ἀληθῆ	-	-	-	a-p---na-	-	ἀληθής
0540	023	16	-	13	-	ψηφιεῖσθε	-	-	-	v2pfie---	-	ψηφίζομαι
0540	023	16	-	14	-	,	-	-	-	u--------	-	punc1
0540	023	16	-	15	-	ἃ	-	-	-	p-p---na-	-	ὅς
0540	023	16	-	16	-	καὶ	-	-	-	d--------	-	καί
0540	023	16	-	17	-	ἐγὼ	-	-	-	p1s---mn-	-	ἐγώ
0540	023	16	-	18	-	ὑμῶν	-	-	-	p-p---mg-	-	σύ
0540	023	16	-	19	-	δέομαι	-	-	-	v1spie---	-	δέω2
0540	023	16	-	20	-	.	-	-	-	u--------	-	punc1
