0540	023	1	-	102475086	-	πολλὰ	-	-	-	a-p---na-	-	πολύς
0540	023	1	-	102475087	-	μὲν	-	-	-	g--------	-	μέν
0540	023	1	-	102475088	-	λέγειν	-	-	-	v--pna---	-	λέγω
0540	023	1	-	102475089	-	,	-	-	-	u--------	-	,
0540	023	1	-	102475090	-	ὦ	-	-	-	i--------	-	ὦ
0540	023	1	-	102475091	-	ἄνδρες	-	-	-	n-p---mv-	-	ἀνήρ
0540	023	1	-	102475092	-	δικασταί	-	-	-	n-p---mv-	-	δικαστής
0540	023	1	-	102475093	-	,	-	-	-	u--------	-	,
0540	023	1	-	102475094	-	περὶ	-	-	-	r--------	-	περί
0540	023	1	-	102475095	-	τουτουὶ	-	-	-	p-s---ng-	-	οὗτος
0540	023	1	-	102475096	-	τοῦ	-	-	-	l-s---ng-	-	ὁ
0540	023	1	-	102475097	-	πράγματος	-	-	-	n-s---ng-	-	πρᾶγμα
0540	023	1	-	102475098	-	οὔ	-	-	-	d--------	-	οὐ
0540	023	1	-	102475099	-	-τ’	-	-	-	d--------	-	τε
0540	023	1	-	102475100	-	ἂν	-	-	-	g--------	-	ἄν
0540	023	1	-	102475101	-	δυναίμην	-	-	-	v1spom---	-	δύναμαι
0540	023	1	-	102475102	-	οὔ	-	-	-	d--------	-	οὐ
0540	023	1	-	102475103	-	-τε	-	-	-	b--------	-	τε
0540	023	1	-	102475104	-	μοι	-	-	-	p1s---cd-	-	ἐγώ
0540	023	1	-	102475105	-	δοκεῖ	-	-	-	v3spia---	-	δοκέω
0540	023	1	-	102475106	-	δεῖν	-	-	-	v--pna---	-	δέω
0540	023	1	-	102475107	-	·	-	-	-	u--------	-	·
0540	023	1	-	102475108	-	ὡς	-	-	-	c--------	-	ὡς
0540	023	1	-	102475109	-	δὲ	-	-	-	b--------	-	δέ
0540	023	1	-	102475110	-	ὀρθῶς	-	-	-	d--------	-	ὀρθός
0540	023	1	-	102475111	-	τὴν	-	-	-	l-s---fa-	-	ὁ
0540	023	1	-	102475112	-	δίκην	-	-	-	n-s---fa-	-	δίκη
0540	023	1	-	102475113	-	ἔλαχον	-	-	-	v1saia---	-	λαγχάνω
0540	023	1	-	102475114	-	τουτῳὶ	-	-	-	p-s---md-	-	οὗτος
0540	023	1	-	102475115	-	Παγκλέωνι	-	-	-	n-s---md-	-	Παγκλέων
0540	023	1	-	102475116	-	οὐκ	-	-	-	d--------	-	οὐ
0540	023	1	-	102475117	-	ὄντι	-	-	-	v-sppamd-	-	εἰμί
0540	023	1	-	102475118	-	Πλαταιεῖ	-	-	-	n-s---md-	-	Πλαταιεύς
0540	023	1	-	102475119	-	,	-	-	-	u--------	-	,
0540	023	1	-	102475120	-	τοῦτο	-	-	-	p-s---na-	-	οὗτος
0540	023	1	-	102475121	-	ὑμῖν	-	-	-	p2p---cd-	-	σύ
0540	023	1	-	102475122	-	πειράσομαι	-	-	-	v1sfim---	-	πειράω
0540	023	1	-	102475123	-	ἀποδεῖξαι	-	-	-	v--ana---	-	ἀποδείκνυμι
0540	023	1	-	102475124	-	.	-	-	-	u--------	-	.
0540	023	2	-	102475125	-	ὡς	-	-	-	c--------	-	ὡς
0540	023	2	-	102475126	-	γὰρ	-	-	-	g--------	-	γάρ
0540	023	2	-	102475127	-	ἀδικῶν	-	-	-	v-sppamn-	-	ἀδικέω
0540	023	2	-	102475128	-	με	-	-	-	p1s---ca-	-	ἐγώ
0540	023	2	-	102475129	-	πολὺν	-	-	-	a-s---ma-	-	πολύς
0540	023	2	-	102475130	-	χρόνον	-	-	-	n-s---ma-	-	χρόνος
0540	023	2	-	102475131	-	οὐκ	-	-	-	d--------	-	οὐ
0540	023	2	-	102475132	-	ἐπαύετο	-	-	-	v3siim---	-	παύω
0540	023	2	-	102475133	-	,	-	-	-	u--------	-	,
0540	023	2	-	102475134	-	ἐλθὼν	-	-	-	v-sapamn-	-	ἔρχομαι
0540	023	2	-	102475135	-	ἐπὶ	-	-	-	r--------	-	ἐπί
0540	023	2	-	102475136	-	τὸ	-	-	-	l-s---na-	-	ὁ
0540	023	2	-	102475137	-	γναφεῖον	-	-	-	n-s---na-	-	κναφεῖον
0540	023	2	-	102475138	-	,	-	-	-	u--------	-	,
0540	023	2	-	102475139	-	ἐν	-	-	-	r--------	-	ἐν
0540	023	2	-	102475140	-	ᾧ	-	-	-	p-s---nd-	-	ὅς
0540	023	2	-	102475141	-	εἰργάζετο	-	-	-	v3siim---	-	ἐργάζομαι
0540	023	2	-	102475142	-	,	-	-	-	u--------	-	,
0540	023	2	-	102475143	-	προσεκαλεσάμην	-	-	-	v1saim---	-	προσκαλέω
0540	023	2	-	102475144	-	αὐτὸν	-	-	-	p-s---ma-	-	αὐτός
0540	023	2	-	102475145	-	πρὸς	-	-	-	r--------	-	πρός
0540	023	2	-	102475146	-	τὸν	-	-	-	l-s---ma-	-	ὁ
0540	023	2	-	102475147	-	πολέμαρχον	-	-	-	n-s---ma-	-	πολέμαρχος
0540	023	2	-	102475148	-	,	-	-	-	u--------	-	,
0540	023	2	-	102475149	-	νομίζων	-	-	-	v-sppamn-	-	νομίζω
0540	023	2	-	102475150	-	μέτοικον	-	-	-	n-s---ma-	-	μέτοικος
0540	023	2	-	102475151	-	εἶναι	-	-	-	v--pna---	-	εἰμί
0540	023	2	-	102475152	-	.	-	-	-	u--------	-	.
0540	023	2	-	102475153	-	εἰπόντος	-	-	-	v-sapamg-	-	λέγω
0540	023	2	-	102475154	-	δὲ	-	-	-	b--------	-	δέ
0540	023	2	-	102475155	-	τούτου	-	-	-	p-s---mg-	-	οὗτος
0540	023	2	-	102475156	-	ὅτι	-	-	-	c--------	-	ὅτι
0540	023	2	-	102475157	-	Πλαταιεὺς	-	-	-	n-s---mn-	-	Πλαταιεύς
0540	023	2	-	102475158	-	εἴη	-	-	-	v3spoa---	-	εἰμί
0540	023	2	-	102475159	-	,	-	-	-	u--------	-	,
0540	023	2	-	102475160	-	ἠρόμην	-	-	-	v1saim---	-	ἔρομαι
0540	023	2	-	102475161	-	ὁπόθεν	-	-	-	d--------	-	ὁπόθεν
0540	023	2	-	102475162	-	δημοτεύοιτο	-	-	-	v3spom---	-	δημοτεύομαι
0540	023	2	-	102475163	-	,	-	-	-	u--------	-	,
0540	023	2	-	102475164	-	παραινέσαντός	-	-	-	v-sapamg-	-	παραινέω
0540	023	2	-	102475165	-	τινος	-	-	-	p-s---cg-	-	τις
0540	023	2	-	102475166	-	τῶν	-	-	-	l-p---mg-	-	ὁ
0540	023	2	-	102475167	-	παρόντων	-	-	-	v-pppamg-	-	πάρειμι
0540	023	2	-	102475168	-	προσκαλέσασθαι	-	-	-	v--anm---	-	προσκαλέω
0540	023	2	-	102475169	-	καὶ	-	-	-	d--------	-	καί
0540	023	2	-	102475170	-	πρὸς	-	-	-	r--------	-	πρός
0540	023	2	-	102475171	-	τὴν	-	-	-	l-s---fa-	-	ὁ
0540	023	2	-	102475172	-	φυλήν	-	-	-	n-s---fa-	-	φυλή
0540	023	2	-	102475173	-	,	-	-	-	u--------	-	,
0540	023	2	-	102475174	-	ἧστινος	-	-	-	p-s---fg-	-	ὅστις
0540	023	2	-	102475175	-	εἶναι	-	-	-	v--pna---	-	εἰμί
0540	023	2	-	102475176	-	σκήπτοιτο	-	-	-	v3spom---	-	σκήπτω
0540	023	2	-	102475177	-	.	-	-	-	u--------	-	.
0540	023	2	-	102475178	-	ἐπειδὴ	-	-	-	c--------	-	ἐπειδή
0540	023	2	-	102475179	-	δὲ	-	-	-	b--------	-	δέ
0540	023	2	-	102475180	-	ἀπεκρίνατο	-	-	-	v3saim---	-	ἀποκρίνω
0540	023	2	-	102475181	-	ὅτι	-	-	-	c--------	-	ὅτι
0540	023	2	-	102475182	-	Δεκελειόθεν	-	-	-	d--------	-	Δεκελειόθεν
0540	023	2	-	102475183	-	,	-	-	-	u--------	-	,
0540	023	2	-	102475184	-	προσκαλεσάμενος	-	-	-	v-sapmmn-	-	προσκαλέω
0540	023	2	-	102475185	-	αὐτὸν	-	-	-	p-s---ma-	-	αὐτός
0540	023	2	-	102475186	-	καὶ	-	-	-	d--------	-	καί
0540	023	2	-	102475187	-	πρὸς	-	-	-	r--------	-	πρός
0540	023	2	-	102475188	-	τοὺς	-	-	-	l-p---ma-	-	ὁ
0540	023	2	-	102475189	-	τῇ	-	-	-	l-s---fd-	-	ὁ
0540	023	2	-	102475190	-	Ἱπποθωντίδι	-	-	-	n-s---fd-	-	Ἱπποθωντίς
0540	023	2	-	102475191	-	δικάζοντας	-	-	-	v-pppama-	-	δικάζω
0540	023	2	-	102475192	-	,	-	-	-	u--------	-	,
0540	023	3	-	102475193	-	ἐλθὼν	-	-	-	v-sapamn-	-	ἔρχομαι
0540	023	3	-	102475194	-	ἐπὶ	-	-	-	r--------	-	ἐπί
0540	023	3	-	102475195	-	τὸ	-	-	-	l-s---na-	-	ὁ
0540	023	3	-	102475196	-	κουρεῖον	-	-	-	n-s---na-	-	κουρεῖον
0540	023	3	-	102475197	-	τὸ	-	-	-	l-s---na-	-	ὁ
0540	023	3	-	102475198	-	παρὰ	-	-	-	r--------	-	παρά
0540	023	3	-	102475199	-	τοὺς	-	-	-	l-p---ma-	-	ὁ
0540	023	3	-	102475200	-	Ἑρμᾶς	-	-	-	n-p---ma-	-	Ἑρμᾶς
0540	023	3	-	102475201	-	,	-	-	-	u--------	-	,
0540	023	3	-	102475202	-	οἷ	-	-	-	d--------	-	οἷ
0540	023	3	-	102475203	-	Δεκελειεῖς	-	-	-	n-p---mn-	-	Δεκελειεύς
0540	023	3	-	102475204	-	προσφοιτῶσιν	-	-	-	v3ppia---	-	προσφοιτάω
0540	023	3	-	102475205	-	,	-	-	-	u--------	-	,
0540	023	3	-	102475206	-	ἠρώτων	-	-	-	v1siia---	-	ἐρωτάω
0540	023	3	-	102475207	-	,	-	-	-	u--------	-	,
0540	023	3	-	102475208	-	οὕς	-	-	-	p-p---ma-	-	ὅς
0540	023	3	-	102475209	-	τε	-	-	-	b--------	-	τε
0540	023	3	-	102475210	-	ἐξευρίσκοιμι	-	-	-	v1spoa---	-	ἐξευρίσκω
0540	023	3	-	102475211	-	Δεκελειέων	-	-	-	n-p---fg-	-	Δεκέλεια
0540	023	3	-	102475212	-	ἐπυνθανόμην	-	-	-	v1siim---	-	πυνθάνομαι
0540	023	3	-	102475213	-	εἴ	-	-	-	c--------	-	εἰ
0540	023	3	-	102475214	-	τινα	-	-	-	p-s---ca-	-	τις
0540	023	3	-	102475215	-	γιγνώσκοιεν	-	-	-	v3ppoa---	-	γιγνώσκω
0540	023	3	-	102475216	-	Δεκελειόθεν	-	-	-	d--------	-	Δεκελειόθεν
0540	023	3	-	102475217	-	δημοτευόμενον	-	-	-	v-sppmma-	-	δημοτεύομαι
0540	023	3	-	102475218	-	Παγκλέωνα	-	-	-	n-s---ma-	-	Παγκλέων
0540	023	3	-	102475219	-	.	-	-	-	u--------	-	.
0540	023	3	-	102475220	-	ἐπειδὴ	-	-	-	c--------	-	ἐπειδή
0540	023	3	-	102475221	-	δὲ	-	-	-	b--------	-	δέ
0540	023	3	-	102475222	-	οὐδεὶς	-	-	-	p-s---mn-	-	οὐδείς
0540	023	3	-	102475223	-	ἔφασκεν	-	-	-	v3siia---	-	φάσκω
0540	023	3	-	102475224	-	γιγνώσκειν	-	-	-	v--pna---	-	γιγνώσκω
0540	023	3	-	102475225	-	αὐτόν	-	-	-	p-s---ma-	-	αὐτός
0540	023	3	-	102475226	-	,	-	-	-	u--------	-	,
0540	023	3	-	102475227	-	πυθόμενος	-	-	-	v-sapmmn-	-	πυνθάνομαι
0540	023	3	-	102475228	-	ὅτι	-	-	-	c--------	-	ὅτι
0540	023	3	-	102475229	-	καὶ	-	-	-	d--------	-	καί
0540	023	3	-	102475230	-	ἑτέρας	-	-	-	a-p---fa-	-	ἕτερος
0540	023	3	-	102475231	-	δίκας	-	-	-	n-p---fa-	-	δίκη
0540	023	3	-	102475232	-	τὰς	-	-	-	l-p---fa-	-	ὁ
0540	023	3	-	102475233	-	μὲν	-	-	-	g--------	-	μέν
0540	023	3	-	102475234	-	φεύγοι	-	-	-	v3spoa---	-	φεύγω
0540	023	3	-	102475235	-	τὰς	-	-	-	l-p---fa-	-	ὁ
0540	023	3	-	102475236	-	δ’	-	-	-	b--------	-	δέ
0540	023	3	-	102475237	-	ὠφλήκοι	-	-	-	v3sroa---	-	ὀφλισκάνω
0540	023	3	-	102475238	-	παρὰ	-	-	-	r--------	-	παρά
0540	023	3	-	102475239	-	τῷ	-	-	-	l-s---md-	-	ὁ
0540	023	3	-	102475240	-	πολεμάρχῳ	-	-	-	n-s---md-	-	πολέμαρχος
0540	023	3	-	102475241	-	ἔλαχον	-	-	-	v1saia---	-	λαγχάνω
0540	023	3	-	102475242	-	καὶ	-	-	-	d--------	-	καί
0540	023	3	-	102475243	-	ἐγώ	-	-	-	p1s---cn-	-	ἐγώ
0540	023	3	-	102475244	-	.	-	-	-	u--------	-	.
0540	023	4	-	102475245	-	πρῶτον	-	-	-	a-s---nac	-	πρότερος
0540	023	4	-	102475246	-	μὲν	-	-	-	g--------	-	μέν
0540	023	4	-	102475247	-	οὖν	-	-	-	g--------	-	οὖν
0540	023	4	-	102475248	-	ὑμῖν	-	-	-	p2p---cd-	-	σύ
0540	023	4	-	102475249	-	Δεκελειέων	-	-	-	n-p---mg-	-	Δεκελειεύς
0540	023	4	-	102475250	-	οὓς	-	-	-	p-p---ma-	-	ὅς
0540	023	4	-	102475251	-	ἠρόμην	-	-	-	v1saim---	-	ἔρομαι
0540	023	4	-	102475252	-	μάρτυρας	-	-	-	n-p---ma-	-	μάρτυς
0540	023	4	-	102475253	-	παρέξομαι	-	-	-	v1sfim---	-	παρέχω
0540	023	4	-	102475254	-	,	-	-	-	u--------	-	,
0540	023	4	-	102475255	-	ἔπειτα	-	-	-	d--------	-	ἔπειτα
0540	023	4	-	102475256	-	δὲ	-	-	-	b--------	-	δέ
0540	023	4	-	102475257	-	καὶ	-	-	-	d--------	-	καί
0540	023	4	-	102475258	-	τῶν	-	-	-	l-p---mg-	-	ὁ
0540	023	4	-	102475259	-	ἄλλων	-	-	-	p-p---mg-	-	ἄλλος
0540	023	4	-	102475260	-	τῶν	-	-	-	l-p---mg-	-	ὁ
0540	023	4	-	102475261	-	λαχόντων	-	-	-	v-papamg-	-	λαγχάνω
0540	023	4	-	102475262	-	τε	-	-	-	b--------	-	τε
0540	023	4	-	102475263	-	δίκας	-	-	-	n-p---fa-	-	δίκη
0540	023	4	-	102475264	-	αὐτῷ	-	-	-	p-s---md-	-	αὐτός
0540	023	4	-	102475265	-	πρὸς	-	-	-	r--------	-	πρός
0540	023	4	-	102475266	-	τὸν	-	-	-	l-s---ma-	-	ὁ
0540	023	4	-	102475267	-	πολέμαρχον	-	-	-	n-s---ma-	-	πολέμαρχος
0540	023	4	-	102475268	-	καὶ	-	-	-	b--------	-	καί
0540	023	4	-	102475269	-	καταδικασαμένων	-	-	-	v-papmmg-	-	καταδικάζω
0540	023	4	-	102475270	-	,	-	-	-	u--------	-	,
0540	023	4	-	102475271	-	ὅσοι	-	-	-	p-p---mn-	-	ὅσος
0540	023	4	-	102475272	-	τυγχάνουσι	-	-	-	v3ppia---	-	τυγχάνω
0540	023	4	-	102475273	-	παρόντες	-	-	-	v-pppamn-	-	πάρειμι
0540	023	4	-	102475274	-	.	-	-	-	u--------	-	.
0540	023	4	-	102475275	-	καί	-	-	-	b--------	-	καί
0540	023	4	-	102475276	-	μοι	-	-	-	p1s---cd-	-	ἐγώ
0540	023	4	-	102475277	-	ἐπίλαβε	-	-	-	v2sama---	-	ἐπιλαμβάνω
0540	023	4	-	102475278	-	τὸ	-	-	-	l-s---na-	-	ὁ
0540	023	4	-	102475279	-	ὕδωρ	-	-	-	n-s---na-	-	ὕδωρ
0540	023	4	-	102475280	-	.	-	-	-	u--------	-	.
0540	023	5	-	102475281	-	ἐκ	-	-	-	r--------	-	ἐκ
0540	023	5	-	102475282	-	μὲν	-	-	-	g--------	-	μέν
0540	023	5	-	102475283	-	τούτων	-	-	-	p-p---ng-	-	οὗτος
0540	023	5	-	102475284	-	πεισθεὶς	-	-	-	v-sappmn-	-	πείθω
0540	023	5	-	102475285	-	πρὸς	-	-	-	r--------	-	πρός
0540	023	5	-	102475286	-	τὸν	-	-	-	l-s---ma-	-	ὁ
0540	023	5	-	102475287	-	πολέμαρχον	-	-	-	n-s---ma-	-	πολέμαρχος
0540	023	5	-	102475288	-	αὐτῷ	-	-	-	p-s---md-	-	αὐτός
0540	023	5	-	102475289	-	τὴν	-	-	-	l-s---fa-	-	ὁ
0540	023	5	-	102475290	-	δίκην	-	-	-	n-s---fa-	-	δίκη
0540	023	5	-	102475291	-	ἔλαχον	-	-	-	v1saia---	-	λαγχάνω
0540	023	5	-	102475292	-	·	-	-	-	u--------	-	·
0540	023	5	-	102475293	-	ἐπειδὴ	-	-	-	c--------	-	ἐπειδή
0540	023	5	-	102475294	-	δέ	-	-	-	b--------	-	δέ
0540	023	5	-	102475295	-	μοι	-	-	-	p1s---cd-	-	ἐγώ
0540	023	5	-	102475296	-	αὐτὴν	-	-	-	p-s---fa-	-	αὐτός
0540	023	5	-	102475297	-	ἀντεγράψατο	-	-	-	v3saim---	-	ἀντιγράφω
0540	023	5	-	102475298	-	μὴ	-	-	-	d--------	-	μή
0540	023	5	-	102475299	-	εἰσαγώγιμον	-	-	-	a-s---fa-	-	εἰσαγώγιμος
0540	023	5	-	102475300	-	εἶναι	-	-	-	v--pna---	-	εἰμί
0540	023	5	-	102475301	-	,	-	-	-	u--------	-	,
0540	023	5	-	102475302	-	περὶ	-	-	-	r--------	-	περί
0540	023	5	-	102475303	-	πολλοῦ	-	-	-	a-s---ng-	-	πολύς
0540	023	5	-	102475304	-	ποιούμενος	-	-	-	v-sppmmn-	-	ποιέω
0540	023	5	-	102475305	-	μηδενὶ	-	-	-	p-s---md-	-	μηδείς
0540	023	5	-	102475306	-	δόξαι	-	-	-	n-s---fd-	-	δόξα
0540	023	5	-	102475307	-	ὑβρίζειν	-	-	-	v--pna---	-	ὑβρίζω
0540	023	5	-	102475308	-	βούλεσθαι	-	-	-	v--pnm---	-	βούλομαι
0540	023	5	-	102475309	-	μᾶλλον	-	-	-	d-------c	-	μάλα
0540	023	5	-	102475310	-	ἢ	-	-	-	c--------	-	ἤ
0540	023	5	-	102475311	-	δίκην	-	-	-	n-s---fa-	-	δίκη
0540	023	5	-	102475312	-	λαβεῖν	-	-	-	v--ana---	-	λαμβάνω
0540	023	5	-	102475313	-	ὧν	-	-	-	p-p---ng-	-	ὅς
0540	023	5	-	102475314	-	ἠδικήθην	-	-	-	v1saip---	-	ἀδικέω
0540	023	5	-	102475315	-	,	-	-	-	u--------	-	,
0540	023	5	-	102475316	-	πρῶτον	-	-	-	a-s---nac	-	πρότερος
0540	023	5	-	102475317	-	μὲν	-	-	-	g--------	-	μέν
0540	023	5	-	102475318	-	Εὐθύκριτον	-	-	-	n-s---ma-	-	Εὐθύκριτος
0540	023	5	-	102475319	-	,	-	-	-	u--------	-	,
0540	023	5	-	102475320	-	ὃν	-	-	-	p-s---ma-	-	ὅς
0540	023	5	-	102475321	-	πρεσβύτατόν	-	-	-	a-s---mas	-	πρέσβυς
0540	023	5	-	102475322	-	τε	-	-	-	b--------	-	τε
0540	023	5	-	102475323	-	Πλαταιέων	-	-	-	n-p---mg-	-	Πλαταιεύς
0540	023	5	-	102475324	-	ἐγίγνωσκον	-	-	-	v1siia---	-	γιγνώσκω
0540	023	5	-	102475325	-	καὶ	-	-	-	b--------	-	καί
0540	023	5	-	102475326	-	μάλιστα	-	-	-	d-------s	-	μάλα
0540	023	5	-	102475327	-	ὠόμην	-	-	-	v1siim---	-	οἴομαι
0540	023	5	-	102475328	-	εἰδέναι	-	-	-	v--rna---	-	οἶδα
0540	023	5	-	102475329	-	,	-	-	-	u--------	-	,
0540	023	5	-	102475330	-	ἠρόμην	-	-	-	v1saim---	-	ἔρομαι
0540	023	5	-	102475331	-	εἴ	-	-	-	c--------	-	εἰ
0540	023	5	-	102475332	-	τινα	-	-	-	p-s---ca-	-	τις
0540	023	5	-	102475333	-	γιγνώσκοι	-	-	-	v3spoa---	-	γιγνώσκω
0540	023	5	-	102475334	-	Ἱππαρμοδώρου	-	-	-	n-s---mg-	-	Ἱππαρμόδωρος
0540	023	5	-	102475335	-	ὑὸν	-	-	-	n-s---ma-	-	υἱός
0540	023	5	-	102475336	-	Παγκλέωνα	-	-	-	n-s---ma-	-	Παγκλέων
0540	023	5	-	102475337	-	Πλαταιέα	-	-	-	n-s---ma-	-	Πλαταιεύς
0540	023	5	-	102475338	-	·	-	-	-	u--------	-	·
0540	023	6	-	102475339	-	ἔπειτα	-	-	-	d--------	-	ἔπειτα
0540	023	6	-	102475340	-	δέ	-	-	-	b--------	-	δέ
0540	023	6	-	102475341	-	,	-	-	-	u--------	-	,
0540	023	6	-	102475342	-	ἐπειδὴ	-	-	-	c--------	-	ἐπειδή
0540	023	6	-	102475343	-	ἐκεῖνος	-	-	-	p-s---mn-	-	ἐκεῖνος
0540	023	6	-	102475344	-	ἀπεκρίνατό	-	-	-	v3saim---	-	ἀποκρίνω
0540	023	6	-	102475345	-	μοι	-	-	-	p1s---cd-	-	ἐγώ
0540	023	6	-	102475346	-	ὅτι	-	-	-	c--------	-	ὅτι
0540	023	6	-	102475347	-	τὸν	-	-	-	l-s---ma-	-	ὁ
0540	023	6	-	102475348	-	Ἱππαρμόδωρον	-	-	-	n-s---ma-	-	Ἱππαρμόδωρος
0540	023	6	-	102475349	-	μὲν	-	-	-	g--------	-	μέν
0540	023	6	-	102475350	-	γιγνώσκοι	-	-	-	v3spoa---	-	γιγνώσκω
0540	023	6	-	102475351	-	,	-	-	-	u--------	-	,
0540	023	6	-	102475352	-	ὑὸν	-	-	-	n-s---ma-	-	υἱός
0540	023	6	-	102475353	-	δὲ	-	-	-	b--------	-	δέ
0540	023	6	-	102475354	-	ἐκείνῳ	-	-	-	p-s---md-	-	ἐκεῖνος
0540	023	6	-	102475355	-	οὐδένα	-	-	-	p-s---ma-	-	οὐδείς
0540	023	6	-	102475356	-	οὔ	-	-	-	d--------	-	οὐ
0540	023	6	-	102475357	-	-τε	-	-	-	b--------	-	τε
0540	023	6	-	102475358	-	Παγκλέωνα	-	-	-	n-s---ma-	-	Παγκλέων
0540	023	6	-	102475359	-	οὔ	-	-	-	d--------	-	οὐ
0540	023	6	-	102475360	-	-τε	-	-	-	b--------	-	τε
0540	023	6	-	102475361	-	ἄλλον	-	-	-	p-s---ma-	-	ἄλλος
0540	023	6	-	102475362	-	οὐδένα	-	-	-	p-s---ma-	-	οὐδείς
0540	023	6	-	102475363	-	εἰδείη	-	-	-	v3sroa---	-	οἶδα
0540	023	6	-	102475364	-	ὄντα	-	-	-	v-sppama-	-	εἰμί
0540	023	6	-	102475365	-	,	-	-	-	u--------	-	,
0540	023	6	-	102475366	-	ἠρώτων	-	-	-	v1siia---	-	ἐρωτάω
0540	023	6	-	102475367	-	δὴ	-	-	-	g--------	-	δή
0540	023	6	-	102475368	-	καὶ	-	-	-	d--------	-	καί
0540	023	6	-	102475369	-	τῶν	-	-	-	l-p---mg-	-	ὁ
0540	023	6	-	102475370	-	ἄλλων	-	-	-	p-p---mg-	-	ἄλλος
0540	023	6	-	102475371	-	ὅσους	-	-	-	p-p---ma-	-	ὅσος
0540	023	6	-	102475372	-	ᾔδη	-	-	-	v1slia---	-	οἶδα
0540	023	6	-	102475373	-	Πλαταιέας	-	-	-	n-p---ma-	-	Πλαταιεύς
0540	023	6	-	102475374	-	ὄντας	-	-	-	v-pppama-	-	εἰμί
0540	023	6	-	102475375	-	.	-	-	-	u--------	-	.
0540	023	6	-	102475376	-	πάντες	-	-	-	a-p---mn-	-	πᾶς
0540	023	6	-	102475377	-	οὖν	-	-	-	g--------	-	οὖν
0540	023	6	-	102475378	-	ἀγνοοῦντες	-	-	-	v-pppamn-	-	ἀγνοέω
0540	023	6	-	102475379	-	τὸ	-	-	-	l-s---na-	-	ὁ
0540	023	6	-	102475380	-	ὄνομα	-	-	-	n-s---na-	-	ὄνομα
0540	023	6	-	102475381	-	αὐτοῦ	-	-	-	p-s---mg-	-	αὐτός
0540	023	6	-	102475382	-	,	-	-	-	u--------	-	,
0540	023	6	-	102475383	-	ἀκριβέστατα	-	-	-	a-p---nas	-	ἀκριβής
0540	023	6	-	102475384	-	ἂν	-	-	-	g--------	-	ἄν
0540	023	6	-	102475385	-	ἔφασάν	-	-	-	v3paia---	-	φημί
0540	023	6	-	102475386	-	με	-	-	-	p1s---ca-	-	ἐγώ
0540	023	6	-	102475387	-	πυθέσθαι	-	-	-	v--anm---	-	πυνθάνομαι
0540	023	6	-	102475388	-	ἐλθόντα	-	-	-	v-sapama-	-	ἔρχομαι
0540	023	6	-	102475389	-	εἰς	-	-	-	r--------	-	εἰς
0540	023	6	-	102475390	-	τὸν	-	-	-	l-s---ma-	-	ὁ
0540	023	6	-	102475391	-	χλωρὸν	-	-	-	a-s---ma-	-	χλωρός
0540	023	6	-	102475392	-	τυρὸν	-	-	-	n-s---ma-	-	τυρός
0540	023	6	-	102475393	-	τῇ	-	-	-	l-s---fd-	-	ὁ
0540	023	6	-	102475394	-	ἕνῃ	-	-	-	a-s---fd-	-	ἕνος
0540	023	6	-	102475395	-	καὶ	-	-	-	b--------	-	καί
0540	023	6	-	102475396	-	νέᾳ	-	-	-	a-s---fd-	-	νέος
0540	023	6	-	102475397	-	·	-	-	-	u--------	-	·
0540	023	6	-	102475398	-	ταύτῃ	-	-	-	p-s---fd-	-	οὗτος
0540	023	6	-	102475399	-	γὰρ	-	-	-	g--------	-	γάρ
0540	023	6	-	102475400	-	τῇ	-	-	-	l-s---fd-	-	ὁ
0540	023	6	-	102475401	-	ἡμέρᾳ	-	-	-	n-s---fd-	-	ἡμέρα
0540	023	6	-	102475402	-	τοῦ	-	-	-	l-s---mg-	-	ὁ
0540	023	6	-	102475403	-	μηνὸς	-	-	-	n-s---mg-	-	μείς
0540	023	6	-	102475404	-	ἑκάστου	-	-	-	a-s---mg-	-	ἕκαστος
0540	023	6	-	102475405	-	ἐκεῖσε	-	-	-	d--------	-	ἐκεῖσε
0540	023	6	-	102475406	-	συλλέγεσθαι	-	-	-	v--pnm---	-	συλλέγω
0540	023	6	-	102475407	-	τοὺς	-	-	-	l-p---ma-	-	ὁ
0540	023	6	-	102475408	-	Πλαταιέας	-	-	-	n-p---ma-	-	Πλαταιεύς
0540	023	6	-	102475409	-	.	-	-	-	u--------	-	.
0540	023	7	-	102475410	-	ἐλθὼν	-	-	-	v-sapamn-	-	ἔρχομαι
0540	023	7	-	102475411	-	οὖν	-	-	-	g--------	-	οὖν
0540	023	7	-	102475412	-	εἰς	-	-	-	r--------	-	εἰς
0540	023	7	-	102475413	-	τὸν	-	-	-	l-s---ma-	-	ὁ
0540	023	7	-	102475414	-	τυρὸν	-	-	-	n-s---ma-	-	τυρός
0540	023	7	-	102475415	-	ταύτῃ	-	-	-	p-s---fd-	-	οὗτος
0540	023	7	-	102475416	-	τῇ	-	-	-	l-s---fd-	-	ὁ
0540	023	7	-	102475417	-	ἡμέρᾳ	-	-	-	n-s---fd-	-	ἡμέρα
0540	023	7	-	102475418	-	ἐπυνθανόμην	-	-	-	v1siim---	-	πυνθάνομαι
0540	023	7	-	102475419	-	αὐτῶν	-	-	-	p-p---mg-	-	αὐτός
0540	023	7	-	102475420	-	,	-	-	-	u--------	-	,
0540	023	7	-	102475421	-	εἴ	-	-	-	c--------	-	εἰ
0540	023	7	-	102475422	-	τινα	-	-	-	p-s---ca-	-	τις
0540	023	7	-	102475423	-	γιγνώσκοιεν	-	-	-	v3ppoa---	-	γιγνώσκω
0540	023	7	-	102475424	-	Παγκλέωνα	-	-	-	n-s---ma-	-	Παγκλέων
0540	023	7	-	102475425	-	πολίτην	-	-	-	n-s---ma-	-	πολίτης
0540	023	7	-	102475426	-	σφέτερον	-	-	-	a-s---ma-	-	σφέτερος
0540	023	7	-	102475427	-	.	-	-	-	u--------	-	.
0540	023	7	-	102475428	-	καὶ	-	-	-	b--------	-	καί
0540	023	7	-	102475429	-	οἱ	-	-	-	l-p---mn-	-	ὁ
0540	023	7	-	102475430	-	μὲν	-	-	-	g--------	-	μέν
0540	023	7	-	102475431	-	ἄλλοι	-	-	-	p-p---mn-	-	ἄλλος
0540	023	7	-	102475432	-	οὐκ	-	-	-	d--------	-	οὐ
0540	023	7	-	102475433	-	ἔφασαν	-	-	-	v3paia---	-	φημί
0540	023	7	-	102475434	-	γιγνώσκειν	-	-	-	v--pna---	-	γιγνώσκω
0540	023	7	-	102475435	-	,	-	-	-	u--------	-	,
0540	023	7	-	102475436	-	εἷς	-	-	-	m-s---mn-	-	εἷς
0540	023	7	-	102475437	-	δέ	-	-	-	b--------	-	δέ
0540	023	7	-	102475438	-	τις	-	-	-	p-s---cn-	-	τις
0540	023	7	-	102475439	-	εἶπεν	-	-	-	v3saia---	-	λέγω
0540	023	7	-	102475440	-	ὅτι	-	-	-	c--------	-	ὅτι
0540	023	7	-	102475441	-	τῶν	-	-	-	l-p---mg-	-	ὁ
0540	023	7	-	102475442	-	μὲν	-	-	-	g--------	-	μέν
0540	023	7	-	102475443	-	πολιτῶν	-	-	-	n-p---mg-	-	πολίτης
0540	023	7	-	102475444	-	οὐδενὶ	-	-	-	p-s---md-	-	οὐδείς
0540	023	7	-	102475445	-	εἰδείη	-	-	-	v3sroa---	-	οἶδα
0540	023	7	-	102475446	-	τοῦτο	-	-	-	p-s---na-	-	οὗτος
0540	023	7	-	102475447	-	ὂν	-	-	-	v-sppana-	-	εἰμί
0540	023	7	-	102475448	-	τὸ	-	-	-	l-s---na-	-	ὁ
0540	023	7	-	102475449	-	ὄνομα	-	-	-	n-s---na-	-	ὄνομα
0540	023	7	-	102475450	-	,	-	-	-	u--------	-	,
0540	023	7	-	102475451	-	δοῦλον	-	-	-	n-s---ma-	-	δοῦλος
0540	023	7	-	102475452	-	μέντοι	-	-	-	b--------	-	μέντοι
0540	023	7	-	102475453	-	ἔφη	-	-	-	v3siia---	-	φημί
0540	023	7	-	102475454	-	ἑαυτοῦ	-	-	-	p-s---mg-	-	ἑαυτοῦ
0540	023	7	-	102475455	-	ἀφεστῶτα	-	-	-	v-srpama-	-	ἀφίστημι
0540	023	7	-	102475456	-	εἶναι	-	-	-	v--pna---	-	εἰμί
0540	023	7	-	102475457	-	Παγκλέωνα	-	-	-	n-s---ma-	-	Παγκλέων
0540	023	7	-	102475458	-	,	-	-	-	u--------	-	,
0540	023	8	-	102475459	-	τήν	-	-	-	l-s---fa-	-	ὁ
0540	023	8	-	102475460	-	τε	-	-	-	b--------	-	τε
0540	023	8	-	102475461	-	ἡλικίαν	-	-	-	n-s---fa-	-	ἡλικία
0540	023	8	-	102475462	-	λέγων	-	-	-	v-sppamn-	-	λέγω
0540	023	8	-	102475463	-	τὴν	-	-	-	l-s---fa-	-	ὁ
0540	023	8	-	102475464	-	τούτου	-	-	-	p-s---mg-	-	οὗτος
0540	023	8	-	102475465	-	καὶ	-	-	-	b--------	-	καί
0540	023	8	-	102475466	-	τὴν	-	-	-	l-s---fa-	-	ὁ
0540	023	8	-	102475467	-	τέχνην	-	-	-	n-s---fa-	-	τέχνη
0540	023	8	-	102475468	-	ᾗ	-	-	-	p-s---fd-	-	ὅς
0540	023	8	-	102475469	-	οὗτος	-	-	-	p-s---mn-	-	οὗτος
0540	023	8	-	102475470	-	χρῆται	-	-	-	v3spim---	-	χράω
0540	023	8	-	102475471	-	.	-	-	-	u--------	-	.
0540	023	8	-	102475472	-	ταῦτ’	-	-	-	p-p---nn-	-	οὗτος
0540	023	8	-	102475473	-	οὖν	-	-	-	g--------	-	οὖν
0540	023	8	-	102475474	-	ὡς	-	-	-	c--------	-	ὡς
0540	023	8	-	102475475	-	ἀληθῆ	-	-	-	a-p---nn-	-	ἀληθής
0540	023	8	-	102475476	-	ἐστι	-	-	-	v3spia---	-	εἰμί
0540	023	8	-	102475477	-	,	-	-	-	u--------	-	,
0540	023	8	-	102475478	-	τόν	-	-	-	l-s---ma-	-	ὁ
0540	023	8	-	102475479	-	τε	-	-	-	b--------	-	τε
0540	023	8	-	102475480	-	Εὐθύκριτον	-	-	-	n-s---ma-	-	Εὐθύκριτος
0540	023	8	-	102475481	-	,	-	-	-	u--------	-	,
0540	023	8	-	102475482	-	ὃν	-	-	-	p-s---ma-	-	ὅς
0540	023	8	-	102475483	-	πρῶτον	-	-	-	a-s---nac	-	πρότερος
0540	023	8	-	102475484	-	ἠρόμην	-	-	-	v1saim---	-	ἔρομαι
0540	023	8	-	102475485	-	,	-	-	-	u--------	-	,
0540	023	8	-	102475486	-	καὶ	-	-	-	b--------	-	καί
0540	023	8	-	102475487	-	τῶν	-	-	-	l-p---mg-	-	ὁ
0540	023	8	-	102475488	-	ἄλλων	-	-	-	p-p---mg-	-	ἄλλος
0540	023	8	-	102475489	-	Πλαταιέων	-	-	-	n-p---mg-	-	Πλαταιεύς
0540	023	8	-	102475490	-	ὅσοις	-	-	-	p-p---md-	-	ὅσος
0540	023	8	-	102475491	-	προσῆλθον	-	-	-	v1saia---	-	προσέρχομαι
0540	023	8	-	102475492	-	,	-	-	-	u--------	-	,
0540	023	8	-	102475493	-	καὶ	-	-	-	b--------	-	καί
0540	023	8	-	102475494	-	τὸν	-	-	-	l-s---ma-	-	ὁ
0540	023	8	-	102475495	-	ὃς	-	-	-	p-s---mn-	-	ὅς
0540	023	8	-	102475496	-	ἔφη	-	-	-	v3siia---	-	φημί
0540	023	8	-	102475497	-	δεσπότης	-	-	-	n-s---mn-	-	δεσπότης
0540	023	8	-	102475498	-	τούτου	-	-	-	p-s---mg-	-	οὗτος
0540	023	8	-	102475499	-	εἶναι	-	-	-	v--pna---	-	εἰμί
0540	023	8	-	102475500	-	,	-	-	-	u--------	-	,
0540	023	8	-	102475501	-	μάρτυρας	-	-	-	n-p---ma-	-	μάρτυς
0540	023	8	-	102475502	-	παρέξομαι	-	-	-	v1sfim---	-	παρέχω
0540	023	8	-	102475503	-	.	-	-	-	u--------	-	.
0540	023	8	-	102475504	-	καί	-	-	-	b--------	-	καί
0540	023	8	-	102475505	-	μοι	-	-	-	p1s---cd-	-	ἐγώ
0540	023	8	-	102475506	-	ἐπίλαβε	-	-	-	v2sama---	-	ἐπιλαμβάνω
0540	023	8	-	102475507	-	τὸ	-	-	-	l-s---na-	-	ὁ
0540	023	8	-	102475508	-	ὕδωρ	-	-	-	n-s---na-	-	ὕδωρ
0540	023	8	-	102475509	-	.	-	-	-	u--------	-	.
0540	023	9	-	102475510	-	ἡμέραις	-	-	-	n-p---fd-	-	ἡμέρα
0540	023	9	-	102475511	-	τοίνυν	-	-	-	g--------	-	τοίνυν
0540	023	9	-	102475512	-	μετὰ	-	-	-	r--------	-	μετά
0540	023	9	-	102475513	-	ταῦτα	-	-	-	p-p---na-	-	οὗτος
0540	023	9	-	102475514	-	οὐ	-	-	-	d--------	-	οὐ
0540	023	9	-	102475515	-	πολλαῖς	-	-	-	a-p---fd-	-	πολύς
0540	023	9	-	102475516	-	ὕστερον	-	-	-	d-------c	-	ὕστερος
0540	023	9	-	102475517	-	ἰδὼν	-	-	-	v-sapamn-	-	ὁράω
0540	023	9	-	102475518	-	ἀγόμενον	-	-	-	v-sppmma-	-	ἄγω
0540	023	9	-	102475519	-	τουτονὶ	-	-	-	p-s---ma-	-	οὗτος
0540	023	9	-	102475520	-	Παγκλέωνα	-	-	-	n-s---ma-	-	Παγκλέων
0540	023	9	-	102475521	-	ὑπὸ	-	-	-	r--------	-	ὑπό
0540	023	9	-	102475522	-	Νικομήδους	-	-	-	n-s---mg-	-	Νικομήδης
0540	023	9	-	102475523	-	,	-	-	-	u--------	-	,
0540	023	9	-	102475524	-	ὃς	-	-	-	p-s---mn-	-	ὅς
0540	023	9	-	102475525	-	ἐμαρτύρησεν	-	-	-	v3saia---	-	μαρτυρέω
0540	023	9	-	102475526	-	αὐτοῦ	-	-	-	p-s---mg-	-	αὐτός
0540	023	9	-	102475527	-	δεσπότης	-	-	-	n-s---mn-	-	δεσπότης
0540	023	9	-	102475528	-	εἶναι	-	-	-	v--pna---	-	εἰμί
0540	023	9	-	102475529	-	,	-	-	-	u--------	-	,
0540	023	9	-	102475530	-	προσῆλθον	-	-	-	v1saia---	-	προσέρχομαι
0540	023	9	-	102475531	-	βουλόμενος	-	-	-	v-sppmmn-	-	βούλομαι
0540	023	9	-	102475532	-	εἰδέναι	-	-	-	v--rna---	-	οἶδα
0540	023	9	-	102475533	-	ὁποῖόν	-	-	-	p-s---nn-	-	ὁποῖος
0540	023	9	-	102475534	-	τι	-	-	-	p-s---nn-	-	τις
0540	023	9	-	102475535	-	περὶ	-	-	-	r--------	-	περί
0540	023	9	-	102475536	-	αὐτοῦ	-	-	-	p-s---mg-	-	αὐτός
0540	023	9	-	102475537	-	πραχθήσοιτο	-	-	-	v3sfop---	-	πράσσω
0540	023	9	-	102475538	-	.	-	-	-	u--------	-	.
0540	023	9	-	102475539	-	τότε	-	-	-	d--------	-	τότε
0540	023	9	-	102475540	-	μὲν	-	-	-	g--------	-	μέν
0540	023	9	-	102475541	-	οὖν	-	-	-	g--------	-	οὖν
0540	023	9	-	102475542	-	ἐπειδὴ	-	-	-	c--------	-	ἐπειδή
0540	023	9	-	102475543	-	ἐπαύσαντο	-	-	-	v3paim---	-	παύω
0540	023	9	-	102475544	-	μαχόμενοι	-	-	-	v-pppmmn-	-	μάχομαι
0540	023	9	-	102475545	-	,	-	-	-	u--------	-	,
0540	023	9	-	102475546	-	εἶπόν	-	-	-	v3paia---	-	λέγω
0540	023	9	-	102475547	-	τινες	-	-	-	p-p---cn-	-	τις
0540	023	9	-	102475548	-	τῶν	-	-	-	l-p---mg-	-	ὁ
0540	023	9	-	102475549	-	τούτων	-	-	-	p-p---mg-	-	οὗτος
0540	023	9	-	102475550	-	παρόντων	-	-	-	v-pppamg-	-	πάρειμι
0540	023	9	-	102475551	-	ὅτι	-	-	-	c--------	-	ὅτι
0540	023	9	-	102475552	-	εἴη	-	-	-	v3spoa---	-	εἰμί
0540	023	9	-	102475553	-	αὐτῷ	-	-	-	p-s---md-	-	αὐτός
0540	023	9	-	102475554	-	ἀδελφὸς	-	-	-	n-s---mn-	-	ἀδελφός
0540	023	9	-	102475555	-	ὃς	-	-	-	p-s---mn-	-	ὅς
0540	023	9	-	102475556	-	ἐξαιρήσοιτο	-	-	-	v3sfom---	-	ἐξαιρέω
0540	023	9	-	102475557	-	αὐτὸν	-	-	-	p-s---ma-	-	αὐτός
0540	023	9	-	102475558	-	εἰς	-	-	-	r--------	-	εἰς
0540	023	9	-	102475559	-	ἐλευθερίαν	-	-	-	n-s---fa-	-	ἐλευθερία
0540	023	9	-	102475560	-	·	-	-	-	u--------	-	·
0540	023	10	-	102475561	-	ἐπὶ	-	-	-	r--------	-	ἐπί
0540	023	10	-	102475562	-	τούτοις	-	-	-	p-p---nd-	-	οὗτος
0540	023	10	-	102475563	-	ἐγγυησάμενοι	-	-	-	v-papmmn-	-	ἐγγυάω
0540	023	10	-	102475564	-	παρέξειν	-	-	-	v--fna---	-	παρέχω
0540	023	10	-	102475565	-	εἰς	-	-	-	r--------	-	εἰς
0540	023	10	-	102475566	-	αὔριον	-	-	-	d--------	-	αὔριον
0540	023	10	-	102475567	-	ᾤχοντο	-	-	-	v3piim---	-	οἴχομαι
0540	023	10	-	102475568	-	ἀπιόντες	-	-	-	v-pppamn-	-	ἀπέρχομαι
0540	023	10	-	102475569	-	.	-	-	-	u--------	-	.
0540	023	10	-	102475570	-	τῇ	-	-	-	l-s---fd-	-	ὁ
0540	023	10	-	102475571	-	δ’	-	-	-	b--------	-	δέ
0540	023	10	-	102475572	-	ὑστεραίᾳ	-	-	-	a-s---fd-	-	ὑστεραῖος
0540	023	10	-	102475573	-	τῆς	-	-	-	l-s---fg-	-	ὁ
0540	023	10	-	102475574	-	τε	-	-	-	b--------	-	τε
0540	023	10	-	102475575	-	ἀντιγραφῆς	-	-	-	n-s---fg-	-	ἀντιγραφή
0540	023	10	-	102475576	-	ἕνεκα	-	-	-	r--------	-	ἕνεκα
0540	023	10	-	102475577	-	ταυτησὶ	-	-	-	p-s---fg-	-	οὗτος
0540	023	10	-	102475578	-	καὶ	-	-	-	b--------	-	καί
0540	023	10	-	102475579	-	αὐτῆς	-	-	-	p-s---fg-	-	αὐτός
0540	023	10	-	102475580	-	τῆς	-	-	-	l-s---fg-	-	ὁ
0540	023	10	-	102475581	-	δίκης	-	-	-	n-s---fg-	-	δίκη
0540	023	10	-	102475582	-	ἔδοξέ	-	-	-	v3saia---	-	δοκέω
0540	023	10	-	102475583	-	μοι	-	-	-	p1s---cd-	-	ἐγώ
0540	023	10	-	102475584	-	χρῆναι	-	-	-	v--pna---	-	χρή
0540	023	10	-	102475585	-	μάρτυρας	-	-	-	n-p---ma-	-	μάρτυς
0540	023	10	-	102475586	-	λαβόντι	-	-	-	v-sapamd-	-	λαμβάνω
0540	023	10	-	102475587	-	παραγενέσθαι	-	-	-	v--anm---	-	παραγίγνομαι
0540	023	10	-	102475588	-	,	-	-	-	u--------	-	,
0540	023	10	-	102475589	-	ἵν’	-	-	-	c--------	-	ἵνα
0540	023	10	-	102475590	-	εἰδείην	-	-	-	v1sroa---	-	οἶδα
0540	023	10	-	102475591	-	τόν	-	-	-	p-s---ma-	-	ὁ
0540	023	10	-	102475592	-	τ’	-	-	-	b--------	-	τε
0540	023	10	-	102475593	-	ἐξαιρησόμενον	-	-	-	v-sfpmma-	-	ἐξαιρέω
0540	023	10	-	102475594	-	αὐτὸν	-	-	-	p-s---ma-	-	αὐτός
0540	023	10	-	102475595	-	καὶ	-	-	-	b--------	-	καί
0540	023	10	-	102475596	-	ὅ	-	-	-	p-s---na-	-	ὅς
0540	023	10	-	102475597	-	τι	-	-	-	p-s---na-	-	τις
0540	023	10	-	102475598	-	λέγων	-	-	-	v-sppamn-	-	λέγω
0540	023	10	-	102475599	-	ἀφαιρήσοιτο	-	-	-	v3sfom---	-	ἀφαιρέω
0540	023	10	-	102475600	-	.	-	-	-	u--------	-	.
0540	023	10	-	102475601	-	ἐφ’	-	-	-	r--------	-	ἐπί
0540	023	10	-	102475602	-	οἷς	-	-	-	p-p---nd-	-	ὅς
0540	023	10	-	102475603	-	μὲν	-	-	-	g--------	-	μέν
0540	023	10	-	102475604	-	οὖν	-	-	-	g--------	-	οὖν
0540	023	10	-	102475605	-	ἐξηγγυήθη	-	-	-	v3saip---	-	ἐξεγγυάω
0540	023	10	-	102475606	-	,	-	-	-	u--------	-	,
0540	023	10	-	102475607	-	οὔ	-	-	-	d--------	-	οὐ
0540	023	10	-	102475608	-	-τε	-	-	-	b--------	-	τε
0540	023	10	-	102475609	-	ἀδελφὸς	-	-	-	n-s---mn-	-	ἀδελφός
0540	023	10	-	102475610	-	οὔ	-	-	-	d--------	-	οὐ
0540	023	10	-	102475611	-	-τε	-	-	-	b--------	-	τε
0540	023	10	-	102475612	-	ἄλλος	-	-	-	p-s---mn-	-	ἄλλος
0540	023	10	-	102475613	-	οὐδεὶς	-	-	-	p-s---mn-	-	οὐδείς
0540	023	10	-	102475614	-	ἦλθε	-	-	-	v3saia---	-	ἔρχομαι
0540	023	10	-	102475615	-	,	-	-	-	u--------	-	,
0540	023	10	-	102475616	-	γυνὴ	-	-	-	n-s---fn-	-	γυνή
0540	023	10	-	102475617	-	δὲ	-	-	-	b--------	-	δέ
0540	023	10	-	102475618	-	φάσκουσα	-	-	-	v-sppafn-	-	φάσκω
0540	023	10	-	102475619	-	αὑτῆς	-	-	-	p-s---fg-	-	ἑαυτοῦ
0540	023	10	-	102475620	-	αὐτὸν	-	-	-	p-s---ma-	-	αὐτός
0540	023	10	-	102475621	-	εἶναι	-	-	-	v--pna---	-	εἰμί
0540	023	10	-	102475622	-	δοῦλον	-	-	-	n-s---ma-	-	δοῦλος
0540	023	10	-	102475623	-	,	-	-	-	u--------	-	,
0540	023	10	-	102475624	-	ἀμφισβητοῦσα	-	-	-	v-sppafn-	-	ἀμφισβητέω
0540	023	10	-	102475625	-	τῷ	-	-	-	l-s---md-	-	ὁ
0540	023	10	-	102475626	-	Νικομήδει	-	-	-	n-s---md-	-	Νικομήδης
0540	023	10	-	102475627	-	,	-	-	-	u--------	-	,
0540	023	11	-	102475628	-	καὶ	-	-	-	b--------	-	καί
0540	023	11	-	102475629	-	οὐκ	-	-	-	d--------	-	οὐ
0540	023	11	-	102475630	-	ἔφη	-	-	-	v3siia---	-	φημί
0540	023	11	-	102475631	-	ἐάσειν	-	-	-	v--fna---	-	ἐάω
0540	023	11	-	102475632	-	αὐτὸν	-	-	-	p-s---ma-	-	αὐτός
0540	023	11	-	102475633	-	ἄγειν	-	-	-	v--pna---	-	ἄγω
0540	023	11	-	102475634	-	.	-	-	-	u--------	-	.
0540	023	11	-	102475635	-	ὅσα	-	-	-	p-p---nn-	-	ὅσος
0540	023	11	-	102475636	-	μὲν	-	-	-	g--------	-	μέν
0540	023	11	-	102475637	-	οὖν	-	-	-	g--------	-	οὖν
0540	023	11	-	102475638	-	αὐτόθι	-	-	-	d--------	-	αὐτόθι
0540	023	11	-	102475639	-	ἐρρήθη	-	-	-	v3saip---	-	λέγω
0540	023	11	-	102475640	-	,	-	-	-	u--------	-	,
0540	023	11	-	102475641	-	πολὺς	-	-	-	a-s---mn-	-	πολύς
0540	023	11	-	102475642	-	ἂν	-	-	-	g--------	-	ἄν
0540	023	11	-	102475643	-	εἴη	-	-	-	v3spoa---	-	εἰμί
0540	023	11	-	102475644	-	μοι	-	-	-	p1s---cd-	-	ἐγώ
0540	023	11	-	102475645	-	λόγος	-	-	-	n-s---mn-	-	λόγος
0540	023	11	-	102475646	-	διηγεῖσθαι	-	-	-	v--pnm---	-	διηγέομαι
0540	023	11	-	102475647	-	·	-	-	-	u--------	-	·
0540	023	11	-	102475648	-	εἰς	-	-	-	r--------	-	εἰς
0540	023	11	-	102475649	-	τοῦτο	-	-	-	p-s---na-	-	οὗτος
0540	023	11	-	102475650	-	δὲ	-	-	-	b--------	-	δέ
0540	023	11	-	102475651	-	βιαιότητος	-	-	-	n-s---fg-	-	βιαιότης
0540	023	11	-	102475652	-	ἦλθον	-	-	-	v3paia---	-	ἔρχομαι
0540	023	11	-	102475653	-	οἵ	-	-	-	l-p---mn-	-	ὁ
0540	023	11	-	102475654	-	τε	-	-	-	b--------	-	τε
0540	023	11	-	102475655	-	παρόντες	-	-	-	v-pppamn-	-	πάρειμι
0540	023	11	-	102475656	-	τούτῳ	-	-	-	p-s---nd-	-	οὗτος
0540	023	11	-	102475657	-	καὶ	-	-	-	b--------	-	καί
0540	023	11	-	102475658	-	αὐτὸς	-	-	-	p-s---mn-	-	αὐτός
0540	023	11	-	102475659	-	οὗτος	-	-	-	p-s---mn-	-	οὗτος
0540	023	11	-	102475660	-	,	-	-	-	u--------	-	,
0540	023	11	-	102475661	-	ὥστε	-	-	-	c--------	-	ὥστε
0540	023	11	-	102475662	-	ἐθέλοντος	-	-	-	v-sppamg-	-	ἐθέλω
0540	023	11	-	102475663	-	μὲν	-	-	-	g--------	-	μέν
0540	023	11	-	102475664	-	τοῦ	-	-	-	l-s---mg-	-	ὁ
0540	023	11	-	102475665	-	Νικομήδους	-	-	-	n-s---mg-	-	Νικομήδης
0540	023	11	-	102475666	-	ἐθελούσης	-	-	-	v-sppafg-	-	ἐθέλω
0540	023	11	-	102475667	-	δὲ	-	-	-	b--------	-	δέ
0540	023	11	-	102475668	-	τῆς	-	-	-	l-s---fg-	-	ὁ
0540	023	11	-	102475669	-	γυναικὸς	-	-	-	n-s---fg-	-	γυνή
0540	023	11	-	102475670	-	ἀφιέναι	-	-	-	v--pna---	-	ἀφίημι
0540	023	11	-	102475671	-	,	-	-	-	u--------	-	,
0540	023	11	-	102475672	-	εἴ	-	-	-	c--------	-	εἰ
0540	023	11	-	102475673	-	τις	-	-	-	p-s---cn-	-	τις
0540	023	11	-	102475674	-	ἢ	-	-	-	b--------	-	ἤ
0540	023	11	-	102475675	-	εἰς	-	-	-	r--------	-	εἰς
0540	023	11	-	102475676	-	ἐλευθερίαν	-	-	-	n-s---fa-	-	ἐλευθερία
0540	023	11	-	102475677	-	τοῦτον	-	-	-	p-s---ma-	-	οὗτος
0540	023	11	-	102475678	-	ἀφαιροῖτο	-	-	-	v3spom---	-	ἀφαιρέω
0540	023	11	-	102475679	-	ἢ	-	-	-	b--------	-	ἤ
0540	023	11	-	102475680	-	ἄγοι	-	-	-	v3spoa---	-	ἄγω
0540	023	11	-	102475681	-	φάσκων	-	-	-	v-sppamn-	-	φάσκω
0540	023	11	-	102475682	-	ἑαυτοῦ	-	-	-	p-s---mg-	-	ἑαυτοῦ
0540	023	11	-	102475683	-	δοῦλον	-	-	-	n-s---ma-	-	δοῦλος
0540	023	11	-	102475684	-	εἶναι	-	-	-	v--pna---	-	εἰμί
0540	023	11	-	102475685	-	,	-	-	-	u--------	-	,
0540	023	11	-	102475686	-	τούτων	-	-	-	p-p---ng-	-	οὗτος
0540	023	11	-	102475687	-	οὐδὲν	-	-	-	p-s---na-	-	οὐδείς
0540	023	11	-	102475688	-	ποιήσαντες	-	-	-	v-papamn-	-	ποιέω
0540	023	11	-	102475689	-	ἀφελόμενοι	-	-	-	v-papmmn-	-	ἀφαιρέω
0540	023	11	-	102475690	-	ᾤχοντο	-	-	-	v3piim---	-	οἴχομαι
0540	023	11	-	102475691	-	.	-	-	-	u--------	-	.
0540	023	11	-	102475692	-	ὡς	-	-	-	c--------	-	ὡς
0540	023	11	-	102475693	-	οὖν	-	-	-	g--------	-	οὖν
0540	023	11	-	102475694	-	τῇ	-	-	-	l-s---fd-	-	ὁ
0540	023	11	-	102475695	-	τε	-	-	-	b--------	-	τε
0540	023	11	-	102475696	-	προτεραίᾳ	-	-	-	a-s---fd-	-	προτεραῖος
0540	023	11	-	102475697	-	ἐπὶ	-	-	-	r--------	-	ἐπί
0540	023	11	-	102475698	-	τούτοις	-	-	-	p-p---md-	-	οὗτος
0540	023	11	-	102475699	-	ἐξηγγυήθη	-	-	-	v3saip---	-	ἐξεγγυάω
0540	023	11	-	102475700	-	καὶ	-	-	-	b--------	-	καί
0540	023	11	-	102475701	-	τότε	-	-	-	d--------	-	τότε
0540	023	11	-	102475702	-	βίᾳ	-	-	-	n-s---fd-	-	βία
0540	023	11	-	102475703	-	ᾤχοντο	-	-	-	v3piim---	-	οἴχομαι
0540	023	11	-	102475704	-	ἀφελόμενοι	-	-	-	v-papmmn-	-	ἀφαιρέω
0540	023	11	-	102475705	-	αὐτόν	-	-	-	p-s---ma-	-	αὐτός
0540	023	11	-	102475706	-	,	-	-	-	u--------	-	,
0540	023	11	-	102475707	-	μάρτυρας	-	-	-	n-p---ma-	-	μάρτυς
0540	023	11	-	102475708	-	παρέξομαι	-	-	-	v1sfim---	-	παρέχω
0540	023	11	-	102475709	-	ὑμῖν	-	-	-	p2p---cd-	-	σύ
0540	023	11	-	102475710	-	.	-	-	-	u--------	-	.
0540	023	11	-	102475711	-	καί	-	-	-	b--------	-	καί
0540	023	11	-	102475712	-	μοι	-	-	-	p1s---cd-	-	ἐγώ
0540	023	11	-	102475713	-	ἐπίλαβε	-	-	-	v2sama---	-	ἐπιλαμβάνω
0540	023	11	-	102475714	-	τὸ	-	-	-	l-s---na-	-	ὁ
0540	023	11	-	102475715	-	ὕδωρ	-	-	-	n-s---na-	-	ὕδωρ
0540	023	11	-	102475716	-	.	-	-	-	u--------	-	.
0540	023	12	-	102475717	-	ῥᾴδιον	-	-	-	a-s---nn-	-	ῥᾴδιος
0540	023	12	-	102475718	-	τοίνυν	-	-	-	g--------	-	τοίνυν
0540	023	12	-	102475719	-	εἰδέναι	-	-	-	v--rna---	-	οἶδα
0540	023	12	-	102475720	-	ὅτι	-	-	-	c--------	-	ὅτι
0540	023	12	-	102475721	-	οὐ	-	-	-	d--------	-	οὐ
0540	023	12	-	102475722	-	-δ’	-	-	-	b--------	-	δέ
0540	023	12	-	102475723	-	αὐτὸς	-	-	-	p-s---mn-	-	αὐτός
0540	023	12	-	102475724	-	Παγκλέων	-	-	-	n-s---mn-	-	Παγκλέων
0540	023	12	-	102475725	-	νομίζει	-	-	-	v3spia---	-	νομίζω
0540	023	12	-	102475726	-	ἑαυτὸν	-	-	-	p-s---ma-	-	ἑαυτοῦ
0540	023	12	-	102475727	-	μὴ	-	-	-	d--------	-	μή
0540	023	12	-	102475728	-	ὅτι	-	-	-	c--------	-	ὅτι
0540	023	12	-	102475729	-	Πλαταιέα	-	-	-	n-s---ma-	-	Πλαταιεύς
0540	023	12	-	102475730	-	εἶναι	-	-	-	v--pna---	-	εἰμί
0540	023	12	-	102475731	-	,	-	-	-	u--------	-	,
0540	023	12	-	102475732	-	ἀλλ’	-	-	-	b--------	-	ἀλλά
0540	023	12	-	102475733	-	οὐ	-	-	-	d--------	-	οὐ
0540	023	12	-	102475734	-	-δ’	-	-	-	b--------	-	δέ
0540	023	12	-	102475735	-	ἐλεύθερον	-	-	-	a-s---ma-	-	ἐλεύθερος
0540	023	12	-	102475736	-	.	-	-	-	u--------	-	.
0540	023	12	-	102475737	-	ὅστις	-	-	-	p-s---mn-	-	ὅστις
0540	023	12	-	102475738	-	γὰρ	-	-	-	g--------	-	γάρ
0540	023	12	-	102475739	-	ἐβουλήθη	-	-	-	v3saip---	-	βούλομαι
0540	023	12	-	102475740	-	βίᾳ	-	-	-	n-s---fd-	-	βία
0540	023	12	-	102475741	-	ἀφαιρεθεὶς	-	-	-	v-sappmn-	-	ἀφαιρέω
0540	023	12	-	102475742	-	ἐνόχους	-	-	-	a-p---ma-	-	ἔνοχος
0540	023	12	-	102475743	-	καταστῆσαι	-	-	-	v--ana---	-	καθίστημι
0540	023	12	-	102475744	-	τοὺς	-	-	-	l-p---ma-	-	ὁ
0540	023	12	-	102475745	-	ἑαυτοῦ	-	-	-	p-s---mg-	-	ἑαυτοῦ
0540	023	12	-	102475746	-	ἐπιτηδείους	-	-	-	a-p---ma-	-	ἐπιτήδειος
0540	023	12	-	102475747	-	τοῖς	-	-	-	l-p---nd-	-	ὁ
0540	023	12	-	102475748	-	βιαίοις	-	-	-	a-p---nd-	-	βίαιος
0540	023	12	-	102475749	-	μᾶλλον	-	-	-	d-------c	-	μάλα
0540	023	12	-	102475750	-	ἢ	-	-	-	c--------	-	ἤ
0540	023	12	-	102475751	-	κατὰ	-	-	-	r--------	-	κατά
0540	023	12	-	102475752	-	τοὺς	-	-	-	l-p---ma-	-	ὁ
0540	023	12	-	102475753	-	νόμους	-	-	-	n-p---ma-	-	νόμος
0540	023	12	-	102475754	-	εἰς	-	-	-	r--------	-	εἰς
0540	023	12	-	102475755	-	τὴν	-	-	-	l-s---fa-	-	ὁ
0540	023	12	-	102475756	-	ἐλευθερίαν	-	-	-	n-s---fa-	-	ἐλευθερία
0540	023	12	-	102475757	-	ἐξαιρεθεὶς	-	-	-	v-sappmn-	-	ἐξαιρέω
0540	023	12	-	102475758	-	δίκην	-	-	-	n-s---fa-	-	δίκη
0540	023	12	-	102475759	-	λαβεῖν	-	-	-	v--ana---	-	λαμβάνω
0540	023	12	-	102475760	-	παρὰ	-	-	-	r--------	-	παρά
0540	023	12	-	102475761	-	τῶν	-	-	-	l-p---mg-	-	ὁ
0540	023	12	-	102475762	-	ἀγόντων	-	-	-	v-pppamg-	-	ἄγω
0540	023	12	-	102475763	-	αὐτόν	-	-	-	p-s---ma-	-	αὐτός
0540	023	12	-	102475764	-	,	-	-	-	u--------	-	,
0540	023	12	-	102475765	-	οὐδενὶ	-	-	-	p-s---md-	-	οὐδείς
0540	023	12	-	102475766	-	χαλεπὸν	-	-	-	a-s---nn-	-	χαλεπός
0540	023	12	-	102475767	-	γνῶναι	-	-	-	v--ana---	-	γιγνώσκω
0540	023	12	-	102475768	-	ὅτι	-	-	-	c--------	-	ὅτι
0540	023	12	-	102475769	-	εὖ	-	-	-	d--------	-	εὖ
0540	023	12	-	102475770	-	εἰδὼς	-	-	-	v-srpamn-	-	οἶδα
0540	023	12	-	102475771	-	ἑαυτὸν	-	-	-	p-s---ma-	-	ἑαυτοῦ
0540	023	12	-	102475772	-	ὄντα	-	-	-	v-sppama-	-	εἰμί
0540	023	12	-	102475773	-	δοῦλον	-	-	-	n-s---ma-	-	δοῦλος
0540	023	12	-	102475774	-	ἔδεισεν	-	-	-	v3saia---	-	δείδω
0540	023	12	-	102475775	-	ἐγγυητὰς	-	-	-	n-p---ma-	-	ἐγγυητής
0540	023	12	-	102475776	-	καταστήσας	-	-	-	v-sapamn-	-	καθίστημι
0540	023	12	-	102475777	-	περὶ	-	-	-	r--------	-	περί
0540	023	12	-	102475778	-	τοῦ	-	-	-	l-s---ng-	-	ὁ
0540	023	12	-	102475779	-	σώματος	-	-	-	n-s---ng-	-	σῶμα
0540	023	12	-	102475780	-	ἀγωνίσασθαι	-	-	-	v--anm---	-	ἀγωνίζομαι
0540	023	12	-	102475781	-	.	-	-	-	u--------	-	.
0540	023	13	-	102475782	-	ὅτι	-	-	-	c--------	-	ὅτι
0540	023	13	-	102475783	-	μὲν	-	-	-	g--------	-	μέν
0540	023	13	-	102475784	-	οὖν	-	-	-	g--------	-	οὖν
0540	023	13	-	102475785	-	Πλαταιεὺς	-	-	-	n-s---mn-	-	Πλαταιεύς
0540	023	13	-	102475786	-	εἶναι	-	-	-	v--pna---	-	εἰμί
0540	023	13	-	102475787	-	πολλοῦ	-	-	-	a-s---ng-	-	πολύς
0540	023	13	-	102475788	-	δεῖ	-	-	-	v3spia---	-	δέω
0540	023	13	-	102475789	-	,	-	-	-	u--------	-	,
0540	023	13	-	102475790	-	οἶμαι	-	-	-	v1spim---	-	οἴομαι
0540	023	13	-	102475791	-	ὑμᾶς	-	-	-	p2p---ca-	-	σύ
0540	023	13	-	102475792	-	ἐκ	-	-	-	r--------	-	ἐκ
0540	023	13	-	102475793	-	τούτων	-	-	-	p-p---ng-	-	οὗτος
0540	023	13	-	102475794	-	σχεδόν	-	-	-	d--------	-	σχεδόν
0540	023	13	-	102475795	-	τι	-	-	-	p-s---na-	-	τις
0540	023	13	-	102475796	-	γιγνώσκειν	-	-	-	v--pna---	-	γιγνώσκω
0540	023	13	-	102475797	-	·	-	-	-	u--------	-	·
0540	023	13	-	102475798	-	ὅτι	-	-	-	c--------	-	ὅτι
0540	023	13	-	102475799	-	δὲ	-	-	-	b--------	-	δέ
0540	023	13	-	102475800	-	οὐ	-	-	-	d--------	-	οὐ
0540	023	13	-	102475801	-	-δ’	-	-	-	b--------	-	δέ
0540	023	13	-	102475802	-	αὐτὸς	-	-	-	p-s---mn-	-	αὐτός
0540	023	13	-	102475803	-	οὗτος	-	-	-	p-s---mn-	-	οὗτος
0540	023	13	-	102475804	-	,	-	-	-	u--------	-	,
0540	023	13	-	102475805	-	ὃς	-	-	-	p-s---mn-	-	ὅς
0540	023	13	-	102475806	-	ἄριστα	-	-	-	a-p---nas	-	ἀγαθός
0540	023	13	-	102475807	-	οἶδε	-	-	-	v3sria---	-	οἶδα
0540	023	13	-	102475808	-	τὰ	-	-	-	l-p---na-	-	ὁ
0540	023	13	-	102475809	-	αὑτοῦ	-	-	-	p-s---mg-	-	ἑαυτοῦ
0540	023	13	-	102475810	-	,	-	-	-	u--------	-	,
0540	023	13	-	102475811	-	ἡγήσατο	-	-	-	v3saim---	-	ἡγέομαι
0540	023	13	-	102475812	-	δόξαι	-	-	-	v--ana---	-	δοκέω
0540	023	13	-	102475813	-	ἂν	-	-	-	g--------	-	ἄν
0540	023	13	-	102475814	-	ὑμῖν	-	-	-	p2p---cd-	-	σύ
0540	023	13	-	102475815	-	Πλαταιεὺς	-	-	-	n-s---mn-	-	Πλαταιεύς
0540	023	13	-	102475816	-	εἶναι	-	-	-	v--pna---	-	εἰμί
0540	023	13	-	102475817	-	,	-	-	-	u--------	-	,
0540	023	13	-	102475818	-	ἐξ	-	-	-	r--------	-	ἐκ
0540	023	13	-	102475819	-	ὧν	-	-	-	p-p---ng-	-	ὅς
0540	023	13	-	102475820	-	ἔραξε	-	-	-	v3saia---	-	ἀράσσω
0540	023	13	-	102475821	-	ῥαδίως	-	-	-	d--------	-	ῥᾴδιος
0540	023	13	-	102475822	-	μαθήσεσθε	-	-	-	v2pfim---	-	μανθάνω
0540	023	13	-	102475823	-	.	-	-	-	u--------	-	.
0540	023	13	-	102475824	-	ἐν	-	-	-	r--------	-	ἐν
0540	023	13	-	102475825	-	τῇ	-	-	-	l-s---fd-	-	ὁ
0540	023	13	-	102475826	-	ἀντωμοσίᾳ	-	-	-	n-s---fd-	-	ἀντωμοσία
0540	023	13	-	102475827	-	γὰρ	-	-	-	g--------	-	γάρ
0540	023	13	-	102475828	-	τῆς	-	-	-	l-s---fg-	-	ὁ
0540	023	13	-	102475829	-	δίκης	-	-	-	n-s---fg-	-	δίκη
0540	023	13	-	102475830	-	ἣν	-	-	-	p-s---fa-	-	ὅς
0540	023	13	-	102475831	-	αὐτῷ	-	-	-	p-s---md-	-	αὐτός
0540	023	13	-	102475832	-	ἔλαχεν	-	-	-	v3saia---	-	λαγχάνω
0540	023	13	-	102475833	-	Ἀριστόδικος	-	-	-	n-s---mn-	-	Ἀριστόδικος
0540	023	13	-	102475834	-	οὑτοσί	-	-	-	p-s---mn-	-	οὗτος
0540	023	13	-	102475835	-	,	-	-	-	u--------	-	,
0540	023	13	-	102475836	-	ἀμφισβητῶν	-	-	-	v-sppamn-	-	ἀμφισβητέω
0540	023	14	-	102475837	-	μὴ	-	-	-	d--------	-	μή
0540	023	14	-	102475838	-	πρὸς	-	-	-	r--------	-	πρός
0540	023	14	-	102475839	-	τὸν	-	-	-	l-s---ma-	-	ὁ
0540	023	14	-	102475840	-	πολέμαρχον	-	-	-	n-s---ma-	-	πολέμαρχος
0540	023	14	-	102475841	-	εἶναί	-	-	-	v--pna---	-	εἰμί
0540	023	14	-	102475842	-	οἱ	-	-	-	p3s---cd-	-	ἕ
0540	023	14	-	102475843	-	τὰς	-	-	-	l-p---fa-	-	ὁ
0540	023	14	-	102475844	-	δίκας	-	-	-	n-p---fa-	-	δίκη
0540	023	14	-	102475845	-	διεμαρτυρήθη	-	-	-	v3saip---	-	διαμαρτυρέω
0540	023	14	-	102475846	-	μὴ	-	-	-	d--------	-	μή
0540	023	14	-	102475847	-	Πλαταιεὺς	-	-	-	n-s---mn-	-	Πλαταιεύς
0540	023	14	-	102475848	-	εἶναι	-	-	-	v--pna---	-	εἰμί
0540	023	14	-	102475849	-	.	-	-	-	u--------	-	.
0540	023	14	-	102475850	-	ἐπισκηψάμενος	-	-	-	v-sapmmn-	-	ἐπισκήπτω
0540	023	14	-	102475851	-	δὲ	-	-	-	b--------	-	δέ
0540	023	14	-	102475852	-	τῷ	-	-	-	l-s---md-	-	ὁ
0540	023	14	-	102475853	-	μάρτυρι	-	-	-	n-s---md-	-	μάρτυς
0540	023	14	-	102475854	-	οὐκ	-	-	-	d--------	-	οὐ
0540	023	14	-	102475855	-	ἐπεξῆλθεν	-	-	-	v3saia---	-	ἐπεξέρχομαι
0540	023	14	-	102475856	-	,	-	-	-	u--------	-	,
0540	023	14	-	102475857	-	ἀλλ’	-	-	-	b--------	-	ἀλλά
0540	023	14	-	102475858	-	εἴασε	-	-	-	v3saia---	-	ἐάω
0540	023	14	-	102475859	-	καταδικάσασθαι	-	-	-	v--anm---	-	καταδικάζω
0540	023	14	-	102475860	-	αὐτοῦ	-	-	-	p-s---mg-	-	αὐτός
0540	023	14	-	102475861	-	τὸν	-	-	-	l-s---ma-	-	ὁ
0540	023	14	-	102475862	-	Ἀριστόδικον	-	-	-	n-s---ma-	-	Ἀριστόδικος
0540	023	14	-	102475863	-	.	-	-	-	u--------	-	.
0540	023	14	-	102475864	-	ἐπεὶ	-	-	-	c--------	-	ἐπεί
0540	023	14	-	102475865	-	δὲ	-	-	-	b--------	-	δέ
0540	023	14	-	102475866	-	ὑπερήμερος	-	-	-	a-s---mn-	-	ὑπερήμερος
0540	023	14	-	102475867	-	ἐγένετο	-	-	-	v3saim---	-	γίγνομαι
0540	023	14	-	102475868	-	,	-	-	-	u--------	-	,
0540	023	14	-	102475869	-	ἐξέτισε	-	-	-	v3saia---	-	ἐκτίνω
0540	023	14	-	102475870	-	τὴν	-	-	-	l-s---fa-	-	ὁ
0540	023	14	-	102475871	-	δίκην	-	-	-	n-s---fa-	-	δίκη
0540	023	14	-	102475872	-	,	-	-	-	u--------	-	,
0540	023	14	-	102475873	-	καθ’	-	-	-	r--------	-	κατά
0540	023	14	-	102475874	-	ὅτι	-	-	-	p-s---na-	-	ὅστις
0540	023	14	-	102475875	-	ἔπειθε	-	-	-	v3siia---	-	πείθω
0540	023	14	-	102475876	-	.	-	-	-	u--------	-	.
0540	023	14	-	102475877	-	καὶ	-	-	-	b--------	-	καί
0540	023	14	-	102475878	-	τούτων	-	-	-	p-p---ng-	-	οὗτος
0540	023	14	-	102475879	-	,	-	-	-	u--------	-	,
0540	023	14	-	102475880	-	ὡς	-	-	-	c--------	-	ὡς
0540	023	14	-	102475881	-	ἀληθῆ	-	-	-	a-p---nn-	-	ἀληθής
0540	023	14	-	102475882	-	ἐστι	-	-	-	v3spia---	-	εἰμί
0540	023	14	-	102475883	-	,	-	-	-	u--------	-	,
0540	023	14	-	102475884	-	μάρτυρας	-	-	-	n-p---ma-	-	μάρτυς
0540	023	14	-	102475885	-	ἐγὼ	-	-	-	p1s---cn-	-	ἐγώ
0540	023	14	-	102475886	-	παρέξομαι	-	-	-	v1sfim---	-	παρέχω
0540	023	14	-	102475887	-	ὑμῖν	-	-	-	p2p---cd-	-	σύ
0540	023	14	-	102475888	-	.	-	-	-	u--------	-	.
0540	023	14	-	102475889	-	καί	-	-	-	b--------	-	καί
0540	023	14	-	102475890	-	μοι	-	-	-	p1s---cd-	-	ἐγώ
0540	023	14	-	102475891	-	ἐπίλαβε	-	-	-	v2sama---	-	ἐπιλαμβάνω
0540	023	14	-	102475892	-	τὸ	-	-	-	l-s---na-	-	ὁ
0540	023	14	-	102475893	-	ὕδωρ	-	-	-	n-s---na-	-	ὕδωρ
0540	023	14	-	102475894	-	.	-	-	-	u--------	-	.
0540	023	15	-	102475895	-	πρὶν	-	-	-	c--------	-	πρίν
0540	023	15	-	102475896	-	τοίνυν	-	-	-	g--------	-	τοίνυν
0540	023	15	-	102475897	-	ταῦτα	-	-	-	p-p---na-	-	οὗτος
0540	023	15	-	102475898	-	ὁμολογηθῆναι	-	-	-	v--anp---	-	ὁμολογέω
0540	023	15	-	102475899	-	αὐτῶ	-	-	-	p-s---mg-	-	αὐτός
0540	023	15	-	102475900	-	,	-	-	-	u--------	-	,
0540	023	15	-	102475901	-	δεδιὼς	-	-	-	v-srpamn-	-	δείδω
0540	023	15	-	102475902	-	τὸν	-	-	-	l-s---ma-	-	ὁ
0540	023	15	-	102475903	-	Ἀριστόδικον	-	-	-	n-s---ma-	-	Ἀριστόδικος
0540	023	15	-	102475904	-	μεταστὰς	-	-	-	v-sapamn-	-	μεθίστημι
0540	023	15	-	102475905	-	ἐντεῦθεν	-	-	-	d--------	-	ἐντεῦθεν
0540	023	15	-	102475906	-	Θήβησι	-	-	-	n-p---fd-	-	Θῆβαι
0540	023	15	-	102475907	-	μετῴκει	-	-	-	v3siia---	-	μετοικέω
0540	023	15	-	102475908	-	.	-	-	-	u--------	-	.
0540	023	15	-	102475909	-	καίτοι	-	-	-	g--------	-	καίτοι
0540	023	15	-	102475910	-	οἶμαι	-	-	-	v1spim---	-	οἴομαι
0540	023	15	-	102475911	-	εἰδέναι	-	-	-	v--rna---	-	οἶδα
0540	023	15	-	102475912	-	ὑμᾶς	-	-	-	p2p---ca-	-	σύ
0540	023	15	-	102475913	-	ὅτι	-	-	-	c--------	-	ὅτι
0540	023	15	-	102475914	-	εἴπερ	-	-	-	c--------	-	εἴπερ
0540	023	15	-	102475915	-	ἦν	-	-	-	v3siia---	-	εἰμί
0540	023	15	-	102475916	-	Πλαταιεύς	-	-	-	n-s---mn-	-	Πλαταιεύς
0540	023	15	-	102475917	-	,	-	-	-	u--------	-	,
0540	023	15	-	102475918	-	πανταχοῦ	-	-	-	d--------	-	πανταχοῦ
0540	023	15	-	102475919	-	μᾶλλον	-	-	-	d-------c	-	μάλα
0540	023	15	-	102475920	-	ἢ	-	-	-	c--------	-	ἤ
0540	023	15	-	102475921	-	Θήβησιν	-	-	-	n-p---fd-	-	Θῆβαι
0540	023	15	-	102475922	-	εἰκὸς	-	-	-	v-srpann-	-	ἔοικα
0540	023	15	-	102475923	-	ἦν	-	-	-	v3siia---	-	εἰμί
0540	023	15	-	102475924	-	αὐτὸν	-	-	-	p-s---ma-	-	αὐτός
0540	023	15	-	102475925	-	μετοικῆσαι	-	-	-	v--ana---	-	μετοικέω
0540	023	15	-	102475926	-	.	-	-	-	u--------	-	.
0540	023	15	-	102475927	-	ὡς	-	-	-	c--------	-	ὡς
0540	023	15	-	102475928	-	οὖν	-	-	-	g--------	-	οὖν
0540	023	15	-	102475929	-	ᾤκει	-	-	-	v3siia---	-	οἰκέω
0540	023	15	-	102475930	-	ἐκεῖ	-	-	-	d--------	-	ἐκεῖ
0540	023	15	-	102475931	-	πολὺν	-	-	-	a-s---ma-	-	πολύς
0540	023	15	-	102475932	-	χρόνον	-	-	-	n-s---ma-	-	χρόνος
0540	023	15	-	102475933	-	,	-	-	-	u--------	-	,
0540	023	15	-	102475934	-	τούτων	-	-	-	p-p---ng-	-	οὗτος
0540	023	15	-	102475935	-	ὑμῖν	-	-	-	p2p---cd-	-	σύ
0540	023	15	-	102475936	-	μάρτυρας	-	-	-	n-p---ma-	-	μάρτυς
0540	023	15	-	102475937	-	παρέξομαι	-	-	-	v1sfim---	-	παρέχω
0540	023	15	-	102475938	-	.	-	-	-	u--------	-	.
0540	023	15	-	102475939	-	καί	-	-	-	b--------	-	καί
0540	023	15	-	102475940	-	μοι	-	-	-	p1s---cd-	-	ἐγώ
0540	023	15	-	102475941	-	ἐπίλαβε	-	-	-	v2sama---	-	ἐπιλαμβάνω
0540	023	15	-	102475942	-	τὸ	-	-	-	l-s---na-	-	ὁ
0540	023	15	-	102475943	-	ὕδωρ	-	-	-	n-s---na-	-	ὕδωρ
0540	023	15	-	102475944	-	.	-	-	-	u--------	-	.
0540	023	16	-	102475945	-	ἐξαρκεῖν	-	-	-	v--pna---	-	ἐξαρκέω
0540	023	16	-	102475946	-	μοι	-	-	-	p1s---cd-	-	ἐγώ
0540	023	16	-	102475947	-	νομίζω	-	-	-	v1spia---	-	νομίζω
0540	023	16	-	102475948	-	τὰ	-	-	-	l-p---na-	-	ὁ
0540	023	16	-	102475949	-	εἰρημένα	-	-	-	v-prpmna-	-	λέγω
0540	023	16	-	102475950	-	,	-	-	-	u--------	-	,
0540	023	16	-	102475951	-	ὦ	-	-	-	i--------	-	ὦ
0540	023	16	-	102475952	-	ἄνδρες	-	-	-	n-p---mv-	-	ἀνήρ
0540	023	16	-	102475953	-	δικασταί	-	-	-	n-p---mv-	-	δικαστής
0540	023	16	-	102475954	-	·	-	-	-	u--------	-	·
0540	023	16	-	102475955	-	ἐὰν	-	-	-	c--------	-	ἐάν
0540	023	16	-	102475956	-	γὰρ	-	-	-	g--------	-	γάρ
0540	023	16	-	102475957	-	διαμνημονεύητε	-	-	-	v2ppsa---	-	διαμνημονεύω
0540	023	16	-	102475958	-	,	-	-	-	u--------	-	,
0540	023	16	-	102475959	-	οἶδ’	-	-	-	v1sria---	-	οἶδα
0540	023	16	-	102475960	-	ὅτι	-	-	-	c--------	-	ὅτι
0540	023	16	-	102475961	-	τά	-	-	-	l-p---na-	-	ὁ
0540	023	16	-	102475962	-	τε	-	-	-	b--------	-	τε
0540	023	16	-	102475963	-	δίκαια	-	-	-	a-p---na-	-	δίκαιος
0540	023	16	-	102475964	-	καὶ	-	-	-	b--------	-	καί
0540	023	16	-	102475965	-	τα-	-	-	-	l-p---na-	-	ὁ
0540	023	16	-	102475966	-	τἀληθῆ	-	-	-	a-p---na-	-	ἀληθής
0540	023	16	-	102475967	-	ψηφιεῖσθε	-	-	-	v2pfim---	-	ψηφίζω
0540	023	16	-	102475968	-	,	-	-	-	u--------	-	,
0540	023	16	-	102475969	-	ἃ	-	-	-	p-p---na-	-	ὅς
0540	023	16	-	102475970	-	καὶ	-	-	-	d--------	-	καί
0540	023	16	-	102475971	-	ἐγὼ	-	-	-	p1s---cn-	-	ἐγώ
0540	023	16	-	102475972	-	ὑμῶν	-	-	-	p2p---cg-	-	σύ
0540	023	16	-	102475973	-	δέομαι	-	-	-	v1spim---	-	δέω
0540	023	16	-	102475974	-	.	-	-	-	u--------	-	.
